Q#,DF ref,DF ref #,Level,Calculator,Question (raw),Answer (raw),Wrong1 (raw),Wrong 2 (raw),Worked Answer (raw),Hint,Question (notated),Answer (notated),Wrong1 (notated),Wrong 2 (notated),Worked Answer (notated),,
1,39a/b/c/f/h,39,2,No,30 = ☐ + 18,12,48,-12,☐ = 30 - 18 = 12.,Subtract 18 from 30.,,,,,,,
2,39a/b/c/f/h,39,3,No,20 = -3 + ☐,23,17,-17,Add 3 to both sides: ☐ = 20 + 3 = 23.,Add 3 to both sides.,,,,,,,
3,39a/b/c/f/h,39,2,No,13 = ☐ - 2,15,11,-15,Add 2 to both sides: ☐ = 13 + 2 = 15.,Add 2 to both sides.,,,,,,,
4,39a/b/c/f/h,39,3,No,☐ - 5 = -2,3,-7,7,Add 5 to both sides: ☐ = -2 + 5 = 3.,Add 5 to both sides.,,,,,,,
5,39a/b/c/f/h,39,1,No,12 = 4 + ☐,8,16,-8,☐ = 12 - 4 = 8.,Subtract 4 from 12.,,,,,,,
6,39a/b/c/f/h,39,1,No,☐ + 6 = 15,9,21,-9,☐ = 15 - 6 = 9.,Subtract 6 from 15.,,,,,,,
7,39d,39,1,No,356 = 300 + ☐ + 6,50,56,5,☐ = 356 - 300 - 6 = 50.,Subtract 300 and 6 from 356.,,,,,,,
8,39d,39,1,No,480 = 400 + ☐,80,880,8,☐ = 480 - 400 = 80.,Subtract 400 from 480.,,,,,,,
9,39d,39,2,No,6.2 = ☐ + 0.2,6,6.4,0.4,☐ = 6.2 - 0.2 = 6.,Subtract 0.2 from 6.2.,,,,,,,
10,39d,39,3,No,-2.5 = -6 + ☐,3.5,-3.5,8.5,☐ = -2.5 - (-6) = -2.5 + 6 = 3.5.,Add 6 to both sides.,,,,,,,
11,39d,39,3,No,-1.3 = ☐ - 3,1.7,-4.3,4.3,Add 3 to both sides: ☐ = -1.3 + 3 = 1.7.,Add 3 to both sides.,,,,,,,
12,39d,39,2,No,4.7 = 3 + ☐,1.7,1.3,0.7,☐ = 4.7 - 3 = 1.7.,Subtract 3 from 4.7.,,,,,,,
13,39e/g/i,39,3,No,Work out: -4 + 9 - 6 =,-1,1,11,-4 + 9 = 5. 5 - 6 = -1.,"Work left to right, or pair -4 and -6 first.",,,,,,,
14,39e/g/i,39,2,No,Work out: 364 - 178 =,186,214,196,"364 - 180 = 184. 178 is 2 less than 180, so add 2 back: 184 + 2 = 186.","Round 178 up to 180, subtract, then adjust.",,,,,,,
15,39e/g/i,39,1,No,Work out: 62 - 19 =,43,42,41,"62 - 20 = 42. 19 is 1 less than 20, so add 1 back: 42 + 1 = 43.","Round 19 up to 20, subtract, then adjust.",,,,,,,
16,39e/g/i,39,2,No,Work out: 258 + 149 =,407,397,417,"258 + 150 = 408. 149 is 1 less than 150, so subtract 1 back: 408 - 1 = 407.","Round 149 up to 150, add, then adjust.",,,,,,,
17,39e/g/i,39,3,No,Work out: 6.8 + 3.75 - 2.8 =,7.75,7.65,13.35,6.8 - 2.8 = 4. 4 + 3.75 = 7.75.,Pair 6.8 and -2.8 together first.,,,,,,,
18,39e/g/i,39,1,No,Work out: 47 + 35 =,82,72,812,40 + 30 = 70. 7 + 5 = 12. 70 + 12 = 82.,Add the tens and ones separately.,,,,,,,
19,40a,40,1,No,58 + 27 =,85,75,95,"Add the units: 8+7=15, write 5 carry 1. Add tens: 5+2+1=8. Answer: 85.","Line up the digits by place value and add column by column, carrying where needed.",,,,,,,
20,40b,40,1,No,356 + 278 =,634,524,644,"Add the units: 6+8=14, write 4 carry 1. Add tens: 5+7+1=13, write 3 carry 1. Add hundreds: 3+2+1=6. Answer: 634.","Line up the digits by place value and add column by column, carrying where needed.",,,,,,,
21,40b,40,1,No,274 + 159 =,433,423,443,"Add the units: 4+9=13, write 3 carry 1. Add tens: 7+5+1=13, write 3 carry 1. Add hundreds: 2+1+1=4. Answer: 433.","Line up the digits by place value and add column by column, carrying where needed.",,,,,,,
22,40c,40,1,No,3456 + 2178 =,5634,5624,5644,"Add each column from the right, carrying as needed: 3456+2178=5634.","Work right to left, carrying between each column.",,,,,,,
23,40e,40,2,No,124 + 356 + 89 + 7 =,576,566,586,"Add the numbers together in stages, carrying as needed: 124+356=480, 480+89=569, 569+7=576.","Add the numbers two at a time, carrying between each step.",,,,,,,
24,40e,40,2,No,215 + 340 + 62 + 9 =,626,616,636,"Add the numbers in stages: 215+340=555, 555+62=617, 617+9=626.","Add the numbers two at a time, carrying between each step.",,,,,,,
25,40f,40,3,No,A shop sold 1248 items in January and 976 in February. How many items in total?,2224,2214,2234,1248+976=2224.,"Add the two amounts using column addition, carrying as needed.",,,,,,,
26,40f,40,2,No,A school has 342 boys and 289 girls. How many pupils are there in total?,631,621,641,342+289=631.,Add the two amounts using column addition.,,,,,,,
27,40g,40,3,No,☐ + 367 = 602,235,245,225,602-367=235.,Subtract 367 from 602 to find the missing number.,,,,,,,
28,40g,40,2,No,25 + ☐ = 61,36,46,26,61-25=36.,Subtract 25 from 61 to find the missing number.,,,,,,,
29,40h,40,3,No,"4☐8 + 215 = 663, find the missing digit.",4,3,5,"663 - 215 = 448, so the missing digit in the tens place is 4.","Subtract 215 from 663 to find the missing number, then read off the digit.",,,,,,,
30,40h,40,3,No,"3☐6 + 248 = 594, find the missing digit.",4,3,5,"594-248=346, so the missing digit in the tens place is 4.","Subtract 248 from 594 to find the missing number, then read off the digit.",,,,,,,
31,41a,41,1,No,83 - 46 =,37,47,33,"Exchange a ten to subtract the units: 13-6=7, then 7-4=3 tens. Answer: 37.",You'll need to exchange a ten to subtract the units.,,,,,,,
32,41b,41,1,No,62 - 37 =,25,35,15,"Exchange a ten to subtract the units: 12-7=5, then 5-3=2 tens. Answer: 25.",You'll need to exchange a ten to subtract the units.,,,,,,,
33,41b,41,1,No,91 - 58 =,33,43,23,"Exchange a ten to subtract the units: 11-8=3, then 8-5=3 tens. Answer: 33.",You'll need to exchange a ten to subtract the units.,,,,,,,
34,41c,41,1,No,563 - 241 =,322,312,332,"Subtract each column: 3-1=2, 6-4=2, 5-2=3. Answer: 322.",Subtract each column from right to left.,,,,,,,
35,41d,41,2,No,502 - 268 =,234,244,334,Exchange across the columns: 502-268=234.,Exchange from the hundreds column when the tens digit is 0.,,,,,,,
36,41e,41,2,No,4235 - 1867 =,2368,2378,2358,Subtract with exchanging across columns: 4235-1867=2368.,Exchange across the columns as needed.,,,,,,,
37,41g,41,3,No,A warehouse has 6042 items. 3785 are shipped out. How many remain?,2257,2247,2267,6042-3785=2257.,"Subtract using column subtraction, exchanging across multiple columns.",,,,,,,
38,41g,41,2,No,A tank holds 500 litres. 268 litres are used. How much remains?,232,242,222,500-268=232.,"Subtract using column subtraction, exchanging as needed.",,,,,,,
39,41h,41,3,No,☐ - 2478 = 1356,3834,3824,3844,1356+2478=3834.,Add the two known numbers to find the missing number.,,,,,,,
40,41h,41,2,No,☐ - 145 = 259,404,394,414,259+145=404.,Add the two known numbers to find the missing number.,,,,,,,
41,41i,41,3,No,"6☐3 - 249 = 424, find the missing digit.",7,6,8,"424 + 249 = 673, so the missing digit in the tens place is 7.",Add 249 and 424 together to find the missing number.,,,,,,,
42,41i,41,3,No,"8☐4 - 356 = 428, find the missing digit.",7,6,8,"428+356=784, so the missing digit in the tens place is 7.",Add 356 and 428 together to find the missing number.,,,,,,,
43,48a,48,1,No,"Given that 23 + 45 = 68, work out 230 + 450.",680,68,6800,"Both numbers are 10 times bigger, so the answer is 10 times bigger: 68 x 10 = 680.",Use the given fact and scale it up by the same amount as the question.,,,,,,,
44,48a,48,1,No,"Given that 34 + 52 = 86, work out 340 + 520.",860,86,8600,"Both numbers are 10 times bigger, so the answer is 10 times bigger: 86 x 10 = 860.",Use the given fact and scale it up by the same amount as the question.,,,,,,,
45,48b,48,1,No,"Given that 8 x 5 = 40, work out 8 x 500.",4000,400,40000,"500 is 5 x 100, so the answer is 100 times bigger: 40 x 100 = 4000.","Work out how many times bigger the changed number is, then scale the fact.",,,,,,,
46,48b,48,1,No,"Given that 6 x 7 = 42, work out 6 x 70.",420,42,4200,"70 is 7 x 10, so the answer is 10 times bigger: 42 x 10 = 420.",One number has been multiplied by 10 — do the same to the fact.,,,,,,,
47,48c,48,2,No,"Given that 63 ÷ 9 = 7, work out 630 ÷ 9.",70,7,700,"630 is 63 x 10, so 630 ÷ 9 = 7 x 10 = 70.",Use the given fact and scale it up by the same amount as the question.,,,,,,,
48,48d,48,3,No,"Given that 12 x 5 = 60, work out 6000 ÷ 12.",500,50,5000,"6000 is 60 x 100, so 6000 ÷ 12 = 5 x 100 = 500.","Use the multiplication fact in reverse, scaled up.",,,,,,,
49,48d,48,2,No,"Given that 8 x 6 = 48, work out 480 ÷ 8.",60,6,600,"480 is 48 x 10, so 480 ÷ 8 = 6 x 10 = 60.",Use the multiplication fact in reverse.,,,,,,,
50,48d,48,2,No,"Given that 9 x 4 = 36, work out 360 ÷ 9.",40,4,400,"360 is 36 x 10, so 360 ÷ 9 = 4 x 10 = 40.",Use the multiplication fact in reverse.,,,,,,,
51,48e,48,3,No,"Given that 3 x 8 = 24, work out 300 x 80.",24000,2400,240000,"300 is 100 times bigger and 80 is 10 times bigger, so the answer is 1000 times bigger: 24 x 1000 = 24000.",Multiply the two scale factors together to find the overall scale-up.,,,,,,,
52,48e,48,3,No,"Given that 4 x 9 = 36, work out 40 x 90.",3600,360,36000,"Both numbers are 10 times bigger, so the answer is 100 times bigger: 36 x 100 = 3600.","If both numbers scale by 10, the answer scales by 100.",,,,,,,
53,48f,48,2,No,"Given that 84 ÷ 12 = 7, work out 8400 ÷ 1200.",7,70,0.7,"Both numbers are scaled by the same factor (100), so the answer stays the same: 7.","If both numbers scale by the same amount, the answer doesn't change.",,,,,,,
54,48g,48,3,No,"Given that 5 x 8 = 40, work out 4000 ÷ 8.",500,50,5000,"4000 is 40 x 100, so 4000 ÷ 8 = 5 x 100 = 500.","Use the multiplication fact in reverse, scaled up.",,,,,,,
55,52a,52,3,No,Is 96 a multiple of 12?,Yes,No,Only if 12 is even,"12 x 8 = 96, so 96 is a multiple of 12.",Check whether the number divides exactly.,,,,,,,
56,52a,52,1,No,Is 42 a multiple of 7?,Yes,No,Only if 7 is even,"7 x 6 = 42, so 42 is a multiple of 7.",Check whether the number divides exactly.,,,,,,,
57,52a,52,1,No,Is 54 a multiple of 9?,Yes,No,Only if 9 is even,"9 x 6 = 54, so 54 is a multiple of 9.",Check whether the number divides exactly.,,,,,,,
58,52b,52,2,No,Is 45 a multiple of 15?,Yes,No,Only if 15 is odd,"15 x 3 = 45, so 45 is a multiple of 15.",Check whether the number divides exactly.,,,,,,,
59,52b,52,2,No,Is 68 a multiple of 17?,Yes,No,Only if 17 is odd,"17 x 4 = 68, so 68 is a multiple of 17.",Check whether the number divides exactly.,,,,,,,
60,52c,52,3,No,Write the first 4 multiples of 13.,"13, 26, 39, 52","13, 23, 33, 43","13, 26, 39","Multiply 13 by 1, 2, 3 and 4: 13, 26, 39, 52.","Multiply the number by 1, 2, 3, then 4.",,,,,,,
61,52c,52,1,No,Write the first 3 multiples of 11.,"11, 22, 33","11, 21, 31","1, 2, 3","Multiply 11 by 1, 2 and 3: 11, 22, 33.","Multiply the number by 1, 2, then 3.",,,,,,,
62,52c,52,1,No,Write the first 3 multiples of 9.,"9, 18, 27","9, 19, 29","1, 2, 3","Multiply 9 by 1, 2 and 3: 9, 18, 27.","Multiply the number by 1, 2, then 3.",,,,,,,
63,52d,52,2,No,List all the multiples of 6 between 20 and 40.,"24, 30, 36","24, 30, 36, 42","18, 24, 30, 36","Multiples of 6 in this range: 24, 30, 36.",List multiples of 6 and keep only the ones between 20 and 40.,,,,,,,
64,52d,52,2,No,List all the multiples of 8 between 10 and 50.,"16, 24, 32, 40, 48","16, 24, 32, 40, 48, 56","8, 16, 24, 32, 40, 48","Multiples of 8 in this range: 16, 24, 32, 40, 48.",List multiples of 8 and keep only the ones between 10 and 50.,,,,,,,
65,52d,52,3,No,List all the multiples of 7 between 30 and 60.,"35, 42, 49, 56","35, 42, 49","28, 35, 42, 49, 56","Multiples of 7 in this range: 35, 42, 49, 56.",List multiples of 7 and keep only the ones between 30 and 60.,,,,,,,
66,52d,52,3,No,List all the multiples of 9 between 15 and 55.,"18, 27, 36, 45, 54","18, 27, 36, 45","9, 18, 27, 36, 45, 54","Multiples of 9 in this range: 18, 27, 36, 45, 54.",List multiples of 9 and keep only the ones between 15 and 55.,,,,,,,
67,53a,53,3,No,Is 11 a factor of 132?,Yes,No,Only if 132 is odd,"132 ÷ 11 = 12 exactly, so 11 is a factor of 132.",Check whether the number divides in exactly.,,,,,,,
68,53a,53,1,No,Is 8 a factor of 56?,Yes,No,Only if 56 is even,"56 ÷ 8 = 7 exactly, so 8 is a factor of 56.",Check whether the number divides in exactly.,,,,,,,
69,53a,53,1,No,Is 9 a factor of 63?,Yes,No,Only if 63 is odd,"63 ÷ 9 = 7 exactly, so 9 is a factor of 63.",Check whether the number divides in exactly.,,,,,,,
70,53a,53,1,No,Is 6 a factor of 42?,Yes,No,Only if 42 is even,"42 ÷ 6 = 7 exactly, so 6 is a factor of 42.",Check whether the number divides in exactly.,,,,,,,
71,53a,53,1,No,Is 5 a factor of 38?,No,Yes,Only if 38 is odd,"38 ÷ 5 = 7.6, not exact, so 5 is not a factor of 38.",Check whether the number divides in exactly.,,,,,,,
72,53b,53,2,No,Find all the factor pairs of 24.,"(1,24), (2,12), (3,8), (4,6)","(1,24), (2,12), (3,8)","(1,24), (2,12), (3,8), (4,6), (5,7)","Test each number to see if it divides 24 exactly, pairing it with the result: 1x24, 2x12, 3x8, 4x6.","Start from 1 and work upward, stopping once the pairs start repeating.",,,,,,,
73,53b,53,2,No,Find all the factor pairs of 30.,"(1,30), (2,15), (3,10), (5,6)","(1,30), (2,15), (3,10)","(1,30), (2,15), (3,10), (5,6), (4,7)","Test each number to see if it divides 30 exactly, pairing it with the result: 1x30, 2x15, 3x10, 5x6.","Start from 1 and work upward, stopping once the pairs start repeating.",,,,,,,
74,53b,53,3,No,Find all the factor pairs of 48.,"(1,48),(2,24),(3,16),(4,12),(6,8)","(1,48),(2,24),(3,16),(4,12)","(1,48),(2,24),(3,16),(4,12),(6,8),(5,9)","Test each number to see if it divides 48 exactly: 1x48,2x24,3x16,4x12,6x8.","Start from 1 and work upward, stopping once the pairs start repeating.",,,,,,,
75,53c,53,2,No,List all the factors of 36.,"1, 2, 3, 4, 6, 9, 12, 18, 36","1, 2, 3, 4, 6, 9, 12, 18","1, 2, 3, 4, 6, 12, 18, 36","Testing each number from 1 to 36: 1,2,3,4,6,9,12,18,36 all divide exactly.",Work through the factor pairs systematically to make sure none are missed.,,,,,,,
76,53c,53,2,No,List all the factors of 40.,"1, 2, 4, 5, 8, 10, 20, 40","1, 2, 4, 5, 8, 10, 20","1, 2, 4, 5, 8, 10, 40","Testing each number from 1 to 40: 1,2,4,5,8,10,20,40 all divide exactly.",Work through the factor pairs systematically to make sure none are missed.,,,,,,,
77,53c,53,3,No,List all the factors of 60.,"1,2,3,4,5,6,10,12,15,20,30,60","1,2,3,4,5,6,10,12,15,20,30","1,2,3,4,5,6,12,15,20,30,60","Testing each number from 1 to 60 systematically gives 1,2,3,4,5,6,10,12,15,20,30,60.",Work through the factor pairs systematically to make sure none are missed.,,,,,,,
78,53c,53,3,No,42 chairs are arranged in equal rows. List all possible numbers of rows.,"1,2,3,6,7,14,21,42","1,2,3,6,7,14,21","1,2,3,6,7,21,42","The possible row numbers are the factors of 42: 1,2,3,6,7,14,21,42.",Find all the factors of the total number of chairs.,,,,,,,
79,54e,54,1,No,Write 5/5 as a whole number.,1,5,0,"When the numerator equals the denominator, the fraction equals 1.",A fraction equals 1 whenever the top and bottom numbers are the same.,,,,,,,
80,54e,54,1,No,Write 8/8 as a whole number.,1,8,0,"When the numerator equals the denominator, the fraction equals 1.",A fraction equals 1 whenever the top and bottom numbers are the same.,,,,,,,
81,54f,54,1,No,Write 6 as a fraction with a denominator of 1.,6/1,1/6,6/6,Any whole number can be written as itself over 1.,Put the whole number over 1.,,,,,,,
82,54f,54,1,No,Write 9 as a fraction with a denominator of 1.,09-Jan,01-Sep,09-Sep,Any whole number can be written as itself over 1.,Put the whole number over 1.,,,,,,,
83,54g,54,2,No,Write 4 as a fraction with a denominator of 5.,20/5,4/5,5/4,4 = 4 x 5/5 = 20/5.,Multiply the whole number by the denominator to find the numerator.,,,,,,,
84,54g,54,2,No,Write 3 as a fraction with a denominator of 4.,12-Apr,03-Apr,04-Mar,3 = 3 x 4/4 = 12/4.,Multiply the whole number by the denominator to find the numerator.,,,,,,,
85,54k,54,2,No,"Find the next two numbers in this sequence: 0, 2/7, 4/7, ...","6/7, 8/7","5/7, 6/7","8/7, 10/7","Each term increases by 2/7: 4/7+2/7=6/7, 6/7+2/7=8/7.","Work out the gap between terms, then add it on twice.",,,,,,,
86,54k,54,2,No,"Find the next two numbers in this sequence: 0, 3/8, 6/8, ...","9/8, 12/8","9/8, 10/8","12/8, 15/8","Each term increases by 3/8: 6/8+3/8=9/8, 9/8+3/8=12/8.","Work out the gap between terms, then add it on twice.",,,,,,,
87,54p,54,3,No,"Find the next two numbers in this sequence: 4/5, 7/5, 10/5, ...","'13/5, 16/5","'11/5, 13/5","'12/5, 14/5","Each term increases by 3/5: 10/5+3/5=13/5, 13/5+3/5=16/5.","Work out the gap between terms, then add it on twice.",,,,,,,
88,54p,54,3,No,"Find the next two numbers in this sequence: 5/6, 7/6, 9/6, ...","'11/6, 13/6","'10/6, 12/6","'11/6, 12/6","Each term increases by 2/6: 9/6+2/6=11/6, 11/6+2/6=13/6.","Work out the gap between terms, then add it on twice.",,,,,,,
89,54p,54,3,No,"Find the next two numbers in this sequence: 3/4, 5/4, 7/4, ...","'9/4, 11/4","'8/4, 9/4","'9/4, 10/4","Each term increases by 2/4: 7/4+2/4=9/4, 9/4+2/4=11/4.","Work out the gap between terms, then add it on twice.",,,,,,,
90,54p,54,3,No,"Find the next two numbers in this sequence: 2/3, 5/3, 8/3, ...","'11/3, 14/3","'9/3, 10/3","'10/3, 12/3","Each term increases by 3/3: 8/3+3/3=11/3, 11/3+3/3=14/3.","Work out the gap between terms, then add it on twice.",,,,,,,
91,59b,59,1,No,Convert 2 hours 15 minutes into minutes.,135 minutes,215 minutes,125 minutes,"2 hours = 120 minutes, plus 15 minutes = 135 minutes.","Multiply the hours by 60 first, then add the extra minutes.",,,,,,,
92,59b,59,3,No,Convert 3 hours 40 minutes into minutes.,220 minutes,340 minutes,200 minutes,"3 hours = 180 minutes, plus 40 minutes = 220 minutes.","Multiply the hours by 60 first, then add the extra minutes.",,,,,,,
93,59c,59,1,No,Convert 4 minutes into seconds.,240 seconds,60 seconds,400 seconds,4 x 60 = 240 seconds.,Multiply the minutes by 60.,,,,,,,
94,59d,59,2,No,Convert 5 weeks into days.,35 days,30 days,42 days,5 x 7 = 35 days.,Multiply the weeks by 7.,,,,,,,
95,59e,59,2,No,Convert 3 and 1/2 years into months.,42 months,36 months,40 months,"3 years = 36 months, plus half a year = 6 months, giving 42 months.","Multiply the whole years by 12, then add extra months for any fraction of a year.",,,,,,,
96,59f,59,1,No,Convert 180 minutes into hours.,3 hours,18 hours,30 hours,180 ÷ 60 = 3 hours.,Divide by 60 to find the hours.,,,,,,,
97,59g,59,1,No,Convert 100 minutes into hours and minutes.,1 hour 40 minutes,1 hour 60 minutes,10 hours 40 minutes,"100 ÷ 60 = 1 remainder 40, so 100 minutes = 1 hour 40 minutes.","Divide by 60 to find the whole hours, then see what's left over.",,,,,,,
98,59g,59,3,No,Convert 250 minutes into hours and minutes.,4 hours 10 minutes,4 hours 15 minutes,3 hours 70 minutes,"250 ÷ 60 = 4 remainder 10, so 250 minutes = 4 hours 10 minutes.",Divide by 60 to find the whole hours.,,,,,,,
99,59h,59,2,No,Convert 150 seconds into minutes and seconds.,2 minutes 30 seconds,1 minute 50 seconds,2 minutes 50 seconds,"150 ÷ 60 = 2 remainder 30, so 150 seconds = 2 minutes 30 seconds.",Divide by 60 to find the whole minutes.,,,,,,,
100,59i,59,3,No,Convert 100 days into weeks and days.,14 weeks 2 days,14 weeks 3 days,15 weeks 2 days,"100 ÷ 7 = 14 remainder 2, so 100 days = 14 weeks 2 days.",Divide by 7 to find the whole weeks.,,,,,,,
101,59i,59,2,No,Convert 24 days into weeks and days.,3 weeks 3 days,2 weeks 4 days,3 weeks 4 days,"24 ÷ 7 = 3 remainder 3, so 24 days = 3 weeks 3 days.",Divide by 7 to find the whole weeks.,,,,,,,
102,59j,59,3,No,Convert 54 months into years and months.,4 years 6 months,4 years 5 months,5 years 4 months,"54 ÷ 12 = 4 remainder 6, so 54 months = 4 years 6 months.",Divide by 12 to find the whole years.,,,,,,,
103,66a,66,3,No,"7☐ x 8 = 632, find the missing digit.",9,8,7,"632 ÷ 8 = 79, so the missing digit is 9.",Divide the answer by 8 to reconstruct the original number.,,,,,,,
104,66a,66,1,No,47 x 6 =,282,272,242,"6x7=42, write 2 carry 4. 6x4=24, plus the carried 4 is 28. Answer: 282.","Multiply the units first, then carry into the tens.",,,,,,,
105,66a,66,1,No,38 x 7 =,266,256,246,"7x8=56, write 6 carry 5. 7x3=21, plus carried 5 is 26. Answer: 266.","Multiply the units first, then carry into the tens.",,,,,,,
106,66a,66,1,No,56 x 4 =,224,214,234,"4x6=24, write 4 carry 2. 4x5=20+2=22. Answer: 224.","Multiply the units first, then carry into the tens.",,,,,,,
107,66b,66,1,No,124 x 6 =,744,734,754,"6x4=24, write 4 carry 2. 6x2=12+2=14, write 4 carry 1. 6x1=6+1=7. Answer: 744.","Multiply each digit from right to left, carrying as needed.",,,,,,,
108,66b,66,2,No,342 x 8 =,2736,2726,2746,"Multiply each digit by 8 from right to left, carrying as needed: 342x8=2736.","Work right to left, carrying between each column.",,,,,,,
109,66c,66,2,No,4256 x 7 =,29792,29692,28792,"Multiply each digit by 7 from right to left, carrying as needed: 4256 x 7 = 29792.","Work right to left, carrying between each column.",,,,,,,
110,66c,66,2,No,5127 x 6 =,30762,30752,30772,"Multiply each digit by 6 from right to left, carrying as needed: 5127x6=30762.","Work right to left, carrying between each column.",,,,,,,
111,66c,66,3,No,8642 x 9 =,77778,77768,77788,"Multiply each digit by 9 from right to left, carrying as needed: 8642x9=77778.","Work right to left, carrying between each column.",,,,,,,
112,66d,66,3,No,"3☐2 x 4 = 1328, find the missing digit.",3,2,4,"1328 ÷ 4 = 332, so the missing digit in the tens place is 3.",Divide the answer by 4 to reconstruct the original number.,,,,,,,
113,66d,66,2,No,"2☐3 x 5 = 1265, find the missing digit.",5,4,6,"1265 ÷ 5 = 253, so the missing digit in the tens place is 5.",Divide the answer by 5 to reconstruct the original number.,,,,,,,
114,66d,66,3,No,"6☐1 x 7 = 4557, find the missing digit.",5,4,6,"4557 ÷ 7 = 651, so the missing digit in the tens place is 5.",Divide the answer by 7 to reconstruct the original number.,,,,,,,
115,67a,67,1,No,34 x 26 =,884,794,864,"34x6=204, 34x20=680, 204+680=884.","Multiply by the units digit first, then by the tens digit, then add.",,,,,,,
116,67a,67,1,No,27 x 34 =,918,908,928,"27x4=108, 27x30=810, 108+810=918.","Multiply by the units digit first, then by the tens digit, then add.",,,,,,,
117,67a,67,1,No,52 x 18 =,936,926,946,"52x8=416, 52x10=520, 416+520=936.","Multiply by the units digit first, then by the tens digit, then add.",,,,,,,
118,67b,67,1,No,213 x 14 =,2982,2972,2992,"213x4=852, 213x10=2130, 852+2130=2982.","Split the 2-digit number into tens and units, multiply separately, then add.",,,,,,,
119,67b,67,2,No,356 x 27 =,9612,9602,9622,"356x7=2492,",,,,,,,,
120,67c,67,2,No,3124 x 23 =,71852,70852,71752,"3124x3=9372, 3124x20=62480, 9372+62480=71852.","Split the 2-digit number into tens and units, multiply separately, then add.",,,,,,,
121,67f,67,3,No,"4☐ x 12 = 552, find the missing digit.",6,5,7,"552 ÷ 12 = 46, so the missing digit is 6.",Divide the answer by 12 to reconstruct the original number.,,,,,,,
122,68c,68,1,No,How many hundredths are equivalent to 7 tenths?,70,7,700,"Each tenth is worth 10 hundredths, so 7 tenths = 7 x 10 = 70 hundredths.",One tenth is the same as ten hundredths.,,,,,,,
123,68e,68,2,No,How many thousandths are equivalent to 4 hundredths?,40,4,400,"Each hundredth is worth 10 thousandths, so 4 hundredths = 4 x 10 = 40 thousandths.",One hundredth is the same as ten thousandths.,,,,,,,
124,68f,68,2,No,Write 63 hundredths as a number of tenths plus a number of hundredths.,6 tenths and 3 hundredths,6 tenths and 30 hundredths,60 tenths and 3 hundredths,63 hundredths is 60 hundredths (6 tenths) plus 3 remaining hundredths.,How many whole tenths (groups of 10) are in 63?,,,,,,,
125,68g,68,3,No,"Write 425 thousandths as a number of tenths, hundredths and thousandths.","4 tenths, 2 hundredths and 5 thousandths","4 tenths, 25 hundredths and 5 thousandths","42 tenths, 5 hundredths and 0 thousandths","Use the place value of each digit in 425: 4 is the tenths digit, 2 is the hundredths digit, 5 is the thousandths digit.",Look at the place value of each digit in 425.,,,,,,,
126,69a,69,1,No,What is the value of the digit 7 in the number 5.372?,7 hundredths (0.07),7 tenths (0.7),7 thousandths (0.007),"Counting from the decimal point, the digits represent tenths, hundredths, thousandths. 7 is the second digit after the point, so it's worth 7 hundredths.","Count the places after the decimal point: tenths, hundredths, thousandths.",,,,,,,
127,69n,69,2,No,"Write 3.456 as a sum of ones, tenths, hundredths and thousandths.",3 + 0.4 + 0.05 + 0.006,3 + 0.4 + 0.5 + 0.6,3 + 4 + 0.5 + 0.06,"Each digit's value depends on its place: 3 ones, 4 tenths, 5 hundredths, 6 thousandths.",Use the place value of each digit after the decimal point.,,,,,,,
128,69u,69,2,No,What is the value of the digit 8 in the number 0.60248?,8 hundred-thousandths (0.00008),8 thousandths (0.008),8 ten-thousandths (0.0008),"The digits after the point are tenths, hundredths, thousandths, ten-thousandths, hundred-thousandths — 8 is in the fifth position, so it's worth 8 hundred-thousandths.",Keep counting the place-value names past thousandths.,,,,,,,
129,69v,69,1,No,What number is 0.5 more than 7?,7.5,7.05,12,7 + 0.5 = 7.5.,Add half to the integer.,,,,,,,
130,69w,69,1,No,What number is 0.1 less than 4?,3.9,3.1,4.1,4 - 0.1 = 3.9.,Subtract a tenth from the integer.,,,,,,,
131,70a,70,1,No,3.6 x 100 =,360,36,3600,Multiplying by 100 moves the digits two places to the left: 3.6 x 100 = 360.,Multiplying by 100 shifts every digit two places up.,,,,,,,
132,70a,70,1,No,4.2 x 100 =,420,42,4200,Multiplying by 100 moves the digits two places to the left: 4.2 x 100 = 420.,Multiplying by 100 shifts every digit two places up.,,,,,,,
133,70c,70,3,No,1.372 x 10000 =,13720,1372,137200,"Multiplying by 10,000 moves the digits four places to the left: 1.372 x 10000 = 13720.",Count the zeros in the power of 10 to know how many places to shift.,,,,,,,
134,70c,70,3,No,2.65 x 100000 =,265000,26500,2650000,"Multiplying by 100,000 moves the digits five places to the left: 2.65 x 100000 = 265000.",Count the zeros in the power of 10 to know how many places to shift.,,,,,,,
135,70d,70,1,No,470 ÷ 100 =,4.7,47,0.47,Dividing by 100 moves the digits two places to the right: 470 ÷ 100 = 4.7.,Dividing by 100 shifts every digit two places down.,,,,,,,
136,70d,70,1,No,830 ÷ 10 =,83,8.3,8300,Dividing by 10 moves the digits one place to the right: 830 ÷ 10 = 83.,Dividing by 10 shifts every digit one place down.,,,,,,,
137,70f,70,2,No,5.372 ÷ 100 =,0.05372,0.5372,0.005372,Dividing by 100 moves the digits two places to the right: 5.372 ÷ 100 = 0.05372.,Dividing by 100 shifts every digit two places down.,,,,,,,
138,70f,70,2,No,2.485 ÷ 10 =,0.2485,24.85,0.02485,Dividing by 10 moves the digits one place to the right: 2.485 ÷ 10 = 0.2485.,Dividing by 10 shifts every digit one place down.,,,,,,,
139,70g,70,3,No,4200 ÷ 1000000 =,0.0042,0.042,42,"Dividing by 1,000,000 moves the digits six places to the right: 4200 ÷ 1000000 = 0.0042.",Count the zeros in the power of 10 to know how many places to shift.,,,,,,,
140,70g,70,3,No,850 ÷ 100000 =,0.0085,0.085,8.5,"Dividing by 100,000 moves the digits five places to the right: 850 ÷ 100000 = 0.0085.",Count the zeros in the power of 10 to know how many places to shift.,,,,,,,
141,71a,71,1,No,Insert < or >: 0.6 ☐ 0.4,>,<,=,0.6 is greater than 0.4.,Compare the tenths digit of each number.,,,,,,,
142,71a,71,1,No,Insert < or >: 0.3 ☐ 0.8,<,>,=,0.3 is less than 0.8.,Compare the tenths digit of each number.,,,,,,,
143,71b,71,1,No,"Order these from smallest to largest: 0.4, 0.9, 0.1, 0.6.","0.1, 0.4, 0.6, 0.9","0.9, 0.6, 0.4, 0.1","0.1, 0.6, 0.4, 0.9",Compare the tenths digit of each: 0.1 < 0.4 < 0.6 < 0.9.,"With one decimal place, just compare the single digit after the point.",,,,,,,
144,71d,71,1,No,"Order these from smallest to largest: 0.45, 0.05, 0.5.","0.05, 0.45, 0.5","0.5, 0.45, 0.05","0.05, 0.5, 0.45","Compare tenths first (0, 4, 5), then hundredths: 0.05 < 0.45 < 0.5.",Compare the tenths digit of each number first.,,,,,,,
145,71d,71,1,No,"Order these from smallest to largest: 0.72, 0.27, 0.7.","0.27, 0.7, 0.72","0.72, 0.7, 0.27","0.27, 0.72, 0.7","Compare tenths first (2,7,7), then hundredths: 0.27 < 0.7 < 0.72.",Compare the tenths digit of each number first.,,,,,,,
146,71e,71,2,No,Insert < or >: 0.372 ☐ 0.37,>,<,=,"0.37 is the same as 0.370, and 0.372 > 0.370.",Write both numbers with the same number of decimal places before comparing.,,,,,,,
147,71e,71,2,No,Insert < or >: 0.605 ☐ 0.65,<,>,=,"0.65 is the same as 0.650, and 0.605 < 0.650.",Write both numbers with the same number of decimal places before comparing.,,,,,,,
148,71f,71,2,No,"Order these from smallest to largest: 0.245, 0.24, 0.2405.","0.24, 0.2405, 0.245","0.245, 0.2405, 0.24","0.24, 0.245, 0.2405","Write all to 4 decimal places: 0.2400, 0.2405, 0.2450. Comparing digit by digit gives the order 0.24, 0.2405, 0.245.",Write all the numbers with the same number of decimal places before comparing.,,,,,,,
149,71h,71,3,No,"Order these from smallest to largest: 0.0821, 0.082, 0.08201.","0.082, 0.08201, 0.0821","0.0821, 0.08201, 0.082","0.082, 0.0821, 0.08201","Write all to 5 decimal places: 0.08200, 0.08201, 0.08210. Comparing digit by digit gives the order 0.082, 0.08201, 0.0821.",Write all the numbers with the same number of decimal places before comparing.,,,,,,,
150,71h,71,3,No,"Order these from smallest to largest: 0.1043, 0.104, 0.10401.","0.104, 0.10401, 0.1043","0.1043, 0.10401, 0.104","0.104, 0.1043, 0.10401","Write all to 5 decimal places: 0.10400, 0.10401, 0.10430. Comparing digit by digit gives the order 0.104, 0.10401, 0.1043.",Write all the numbers with the same number of decimal places before comparing.,,,,,,,
151,72a,72,1,No,0.6 + ☐ = 1,0.4,0.6,1.4,1 - 0.6 = 0.4.,Subtract 0.6 from 1.,,,,,,,
152,72e,72,2,No,3.65 + ☐ = 5,1.35,1.45,2.35,5 - 3.65 = 1.35.,"Subtract 3.65 from 5, exchanging as needed.",,,,,,,
153,72g,72,3,No,6.428 + ☐ = 10,3.572,3.582,4.572,10 - 6.428 = 3.572.,"Subtract 6.428 from 10, exchanging across each column.",,,,,,,
154,73a,73,1,No,Write £3 and 45 pence in decimal notation.,£3.45,£3.045,£34.5,"45 pence is 45 hundredths of a pound, so £3 and 45p = £3.45.","Pence go after the decimal point, as hundredths of a pound.",,,,,,,
155,73b,73,1,No,Split £7.08 into pounds and pence.,£7 and 8 pence,£7 and 80 pence,£70 and 8 pence,The whole number part is pounds (7) and the two digits after the point are pence (08 = 8p).,"The first digit after the point is tens of pence, the second is units of pence.",,,,,,,
156,73g,73,2,No,How much needs to be added to £4.65 to make £5?,35 pence,45 pence,25 pence,£5.00 - £4.65 = £0.35 = 35 pence.,"Subtract from £5.00, exchanging as needed.",,,,,,,
157,73k,73,2,No,"Put these amounts in order from smallest to largest: £4.06, £4.60, £4.16.","£4.06, £4.16, £4.60","£4.60, £4.16, £4.06","£4.06, £4.60, £4.16","Compare the tenths digit first (0, 6, 1), then the hundredths: £4.06 < £4.16 < £4.60.",Compare the tenths digit of each amount first.,,,,,,,
158,74a,74,1,No,3.45 + 2.32 =,5.77,5.67,5.87,Line up the decimal points and add each column: 3.45 + 2.32 = 5.77.,Line up the decimal points before adding.,,,,,,,
159,74a,74,1,No,5.23 + 3.14 =,8.37,8.27,8.47,Line up the decimal points and add each column: 5.23 + 3.14 = 8.37.,Line up the decimal points before adding.,,,,,,,
160,74b,74,1,No,4.6 + 2.35 =,6.95,6.85,7.05,"Write 4.6 as 4.60 to match place values, then add: 4.60 + 2.35 = 6.95.",Give the shorter decimal a trailing zero so the place values line up.,,,,,,,
161,74b,74,1,No,7.4 + 1.85 =,9.25,9.15,9.35,"Write 7.4 as 7.40 to match place values, then add: 7.40 + 1.85 = 9.25.",Give the shorter decimal a trailing zero so the place values line up.,,,,,,,
162,74d,74,2,No,8.2 - 3.45 =,4.75,4.85,5.75,"Write 8.2 as 8.20, then subtract: 8.20 - 3.45 = 4.75.","Give the shorter decimal a trailing zero, then exchange as needed.",,,,,,,
163,74d,74,2,No,9.1 - 4.36 =,4.74,4.84,5.74,"Write 9.1 as 9.10, then subtract: 9.10 - 4.36 = 4.74.","Give the shorter decimal a trailing zero, then exchange as needed.",,,,,,,
164,74e,74,2,No,12 - 4.65 =,7.35,7.45,8.35,"Write 12 as 12.00, then subtract: 12.00 - 4.65 = 7.35.",Write the whole number with decimal places before subtracting.,,,,,,,
165,74e,74,2,No,15 - 6.28 =,8.72,8.82,9.72,"Write 15 as 15.00, then subtract: 15.00 - 6.28 = 8.72.",Write the whole number with decimal places before subtracting.,,,,,,,
166,74f,74,3,No,5.2 + 3.65 - 2.8 =,6.05,5.95,6.15,"5.2 + 3.65 = 8.85, then 8.85 - 2.8 = 6.05.","Work through the calculation in order, one operation at a time.",,,,,,,
167,74f,74,3,No,6.5 + 2.75 - 3.4 =,5.85,5.75,5.95,"6.5 + 2.75 = 9.25, then 9.25 - 3.4 = 5.85.","Work through the calculation in order, one operation at a time.",,,,,,,
168,75a,75,1,No,Round 6.7 to the nearest whole number.,7,6,6.5,"6.7 is closer to 7 than to 6, so it rounds to 7.",Look at the first decimal digit to decide whether to round up or down.,,,,,,,
169,75a,75,1,No,Round 8.3 to the nearest whole number.,8,9,8.5,"8.3 is closer to 8 than to 9, so it rounds to 8.",Look at the first decimal digit to decide whether to round up or down.,,,,,,,
170,75b,75,1,No,Round 4.83 to 1 decimal place.,4.8,4.9,5,"The second decimal digit is 3, which rounds down, so 4.83 rounds to 4.8.",Look at the second decimal digit to decide whether to round up or down.,,,,,,,
171,75b,75,1,No,Round 6.47 to 1 decimal place.,6.5,6.4,6,"The second decimal digit is 7, which rounds up, so 6.47 rounds to 6.5.",Look at the second decimal digit to decide whether to round up or down.,,,,,,,
172,75c,75,3,No,Round 12.9967 to 3 decimal places.,12.997,12.996,13,"The fourth decimal digit is 7, which rounds up, so 12.9967 rounds to 12.997.",Rounding up can cause digits to carry — check the whole number if needed.,,,,,,,
173,75c,75,3,No,Round 5.9996 to 3 decimal places.,6,5.999,5.9996,"The fourth decimal digit is 6, which rounds up, causing every digit to carry: 5.9996 rounds to 6.000.",Rounding up can cause digits to carry — check the whole number if needed.,,,,,,,
174,75c,75,2,No,Round 7.256 to 2 decimal places.,7.26,7.25,7.3,"The third decimal digit is 6, which rounds up, so 7.256 rounds to 7.26.",Look at the third decimal digit to decide whether to round up or down.,,,,,,,
175,75c,75,2,No,Round 9.183 to 2 decimal places.,9.18,9.19,9.2,"The third decimal digit is 3, which rounds down, so 9.183 rounds to 9.18.",Look at the third decimal digit to decide whether to round up or down.,,,,,,,
176,76b,76,2,No,An angle measures 250°. What type of angle is it?,Reflex,Obtuse,Straight,"250° is more than 180°, so it's a reflex angle.",An angle greater than 180° is reflex.,,,,,,,
177,76b,76,1,No,An angle measures 105°. What type of angle is it?,Obtuse,Acute,Reflex,"105° is more than 90° but less than 180°, so it's obtuse.",Compare the angle to 90° and 180°.,,,,,,,
178,77a,77,1,No,What is the name of a triangle with all three sides equal?,Equilateral,Isosceles,Scalene,A triangle with all sides equal is called equilateral.,"Think about the Greek root meaning ""equal sides.""",,,,,,,
179,77a,77,2,No,What is the name of a triangle with one angle greater than 90°?,Obtuse,Acute,Right-angled,A triangle with an angle greater than 90° is called obtuse.,"Think about what ""obtuse"" means for an angle.",,,,,,,
180,77a,77,1,No,What is the name of a triangle with exactly two sides equal?,Isosceles,Equilateral,Scalene,A triangle with exactly two equal sides is called isosceles.,This type has one line of symmetry.,,,,,,,
181,77a,77,1,No,What is the name of a triangle with no sides equal?,Scalene,Isosceles,Equilateral,A triangle with no equal sides is called scalene.,This type has no lines of symmetry.,,,,,,,
182,77b,77,1,No,What is the name of a quadrilateral with two pairs of parallel sides and all angles 90°?,Rectangle,Rhombus,Trapezium,A quadrilateral with two pairs of parallel sides and four right angles is a rectangle.,Think of a shape with four right angles that isn't necessarily a square.,,,,,,,
183,77b,77,1,No,What is the name of a quadrilateral with all sides equal and all angles 90°?,Square,Rhombus,Rectangle,A quadrilateral with equal sides and four right angles is a square.,This shape is both a rectangle and a rhombus.,,,,,,,
184,77b,77,2,No,What is the name of a quadrilateral with exactly one pair of parallel sides?,Trapezium,Parallelogram,Kite,A quadrilateral with only one pair of parallel sides is a trapezium.,Only one pair of sides needs to be parallel.,,,,,,,
185,77b,77,2,No,What is the name of a quadrilateral with two pairs of adjacent equal sides?,Kite,Rhombus,Parallelogram,A quadrilateral with two pairs of adjacent (not opposite) equal sides is a kite.,Think of the shape's namesake toy.,,,,,,,
186,78a,78,1,No,Is an irregular polygon one where the sides or angles are not all equal?,Yes,No,Only if the sides are unequal,An irregular polygon has sides and/or angles that are not all equal.,Irregular means it fails the regular polygon condition in some way.,,,,,,,
187,78a,78,1,No,"Is a regular polygon one where all sides and angles are equal, or just the sides?",All sides and angles equal,Just the sides,Just the angles,A regular polygon must have both equal sides and equal angles.,Both length and angle conditions must be met.,,,,,,,
188,78e,78,2,No,A triangle has one angle of 90°. What type of triangle is it?,Right-angled,Obtuse,Equilateral,A triangle with a 90° angle is called right-angled.,Think about what a 90° angle is called.,,,,,,,
189,78e,78,2,No,A triangle has one angle of 120°. What type of triangle is it?,Obtuse,Right-angled,Acute,A triangle with an angle greater than 90° is obtuse.,Compare the angle to 90°.,,,,,,,
190,78f,78,2,No,A quadrilateral has two pairs of parallel sides but no right angles. What is it called?,Parallelogram,Rectangle,Trapezium,Two pairs of parallel sides without right angles describes a parallelogram.,A rectangle also has two pairs of parallel sides — what's different here?,,,,,,,
191,78f,78,2,No,A quadrilateral has all sides equal but no right angles. What is it called?,Rhombus,Square,Kite,"All sides equal but no right angles describes a rhombus, not a square.",A square also has all sides equal — what's different here?,,,,,,,
192,78f,78,3,No,A quadrilateral has one pair of parallel sides and two right angles. What is it called?,Right trapezium,Rectangle,Kite,One pair of parallel sides with two right angles describes a right trapezium.,Not all trapeziums have right angles — this one does.,,,,,,,
193,78f,78,3,No,What is a quadrilateral with two pairs of adjacent equal sides and one pair of opposite equal angles called?,Kite,Rhombus,Parallelogram,Two pairs of adjacent equal sides with one pair of equal opposite angles describes a kite.,Think of the shape's namesake toy.,,,,,,,
194,79b,79,1,No,A regular hexagon has a side length of 7cm. Find its perimeter.,42cm,49cm,14cm,"A hexagon has 6 equal sides, so perimeter = 6 x 7 = 42cm.",Multiply the side length by the number of sides.,,,,,,,
195,79c,79,1,No,A rectangle has length 9cm and width 4cm. Find its perimeter.,26cm,36cm,13cm,Perimeter = 2 x (9+4) = 2 x 13 = 26cm.,"Add the length and width, then double it.",,,,,,,
196,79d,79,2,No,"An isosceles triangle has sides 8cm, 8cm and 5cm. Find its perimeter.",21cm,18cm,24cm,Perimeter = 8+8+5 = 21cm.,Add both equal sides plus the third side.,,,,,,,
197,79f,79,3,No,A rectangle has a perimeter of 30cm and a width of 6cm. Find its length.,9cm,12cm,5cm,Half the perimeter is 15cm; subtract the width: 15-6=9cm.,"Halve the perimeter first, then subtract the known side.",,,,,,,
198,83f,83,2,No,"Point A is at (3, 2) and point B is at (3, 9). Find the distance between them.",7,6,12,"Both points share the same x-coordinate, so the distance is the difference in y-coordinates: 9-2=7.","If the x-coordinates match, subtract the y-coordinates.",,,,,,,
199,83f,83,2,No,"Point A is at (5, 1) and point B is at (5, 8). Find the distance between them.",7,6,9,"Both points share the same x-coordinate, so the distance is the difference in y-coordinates: 8-1=7.","If the x-coordinates match, subtract the y-coordinates.",,,,,,,
200,83g,83,3,No,"A = (2,5) and B = (8,5). Find the horizontal distance AB.",6,3,10,"Both points share the same y-coordinate, so the distance is the difference in x-coordinates: 8-2=6.","If the y-coordinates match, subtract the x-coordinates.",,,,,,,
201,83g,83,3,No,"A = (1,4) and B = (9,4). Find the horizontal distance AB.",8,5,13,"Both points share the same y-coordinate, so the distance is the difference in x-coordinates: 9-1=8.","If the y-coordinates match, subtract the x-coordinates.",,,,,,,
202,85b,85,1,No,"Count on 5 steps from -3: -3, -2, -1, ...",2,8,-8,"Counting up 5 from -3: -2,-1,0,1,2. Answer: 2.",Count upward through zero.,,,,,,,
203,85c,85,1,No,"Count back 4 steps from -1: -1, -2, -3, ...",-5,3,-3,"Counting back 4 from -1: -2,-3,-4,-5.","Keep counting downward, past zero if needed.",,,,,,,
204,85d,85,2,No,"Skip count backwards in 3s starting from 5: 5, 2, -1, ...",-4,-1,-7,Continuing the pattern of subtracting 3: -1-3=-4.,"Subtract 3 each time, continuing past zero.",,,,,,,
205,86a,86,1,No,Insert < or >: -5 ☐ 2,<,>,=,"-5 is less than any positive number, so -5 < 2.",Any negative number is smaller than any positive number.,,,,,,,
206,86d,86,2,No,"Order these from smallest to largest: -8, 3, -1, 0, -6.","-8, -6, -1, 0, 3","-1, -6, -8, 0, 3","3, 0, -1, -6, -8","The more negative a number, the smaller it is: -8, -6, -1, 0, 3.",The most negative number is the smallest.,,,,,,,
207,86g,86,2,No,Which has the greater absolute value: -9 or 4?,-9,4,They are equal,"The absolute value of -9 is 9, and of 4 is 4. 9 is greater.",Absolute value ignores the sign — compare the sizes only.,,,,,,,
208,87b,87,1,No,The temperature is 3°C. It falls by 8°C. What is the new temperature?,-5°C,5°C,-11°C,3 - 8 = -5.,Subtract the fall from the starting temperature.,,,,,,,
209,87d,87,2,No,Find the difference between -6°C and 5°C.,11°C,1°C,-11°C,5 - (-6) = 5+6 = 11.,Find the distance between the two values on a number line.,,,,,,,
210,87f,87,2,No,The temperature is -10°C. It rises by 4°C. What is the new temperature?,-6°C,-14°C,6°C,TRUE,Add the rise to the starting temperature.,,,,,,,
211,88a,88,1,No,Write 2 x 2 x 2 x 2 x 2 x 2 using power notation.,2^6,6^2,2 x 6,"2 is multiplied by itself 6 times, so this is 2^6.",Count how many times the number is repeated — that's the power.,,,,,,,
212,88a,88,1,No,Write 3 x 3 x 3 x 3 x 3 using power notation.,3^5,5^3,3 x 5,"3 is multiplied by itself 5 times, so this is 3^5.",Count how many times the number is repeated — that's the power.,,,,,,,
213,88a,88,1,No,Write 5 x 5 x 5 x 5 using power notation.,5^4,4^5,5 x 4,"5 is multiplied by itself 4 times, so this is 5^4.",Count how many times the number is repeated — that's the power.,,,,,,,
214,88b,88,1,No,Is 49 a square number?,Yes,No,Only if it's also even,"7 x 7 = 49, so 49 is a square number.",Check if it's the result of a whole number multiplied by itself.,,,,,,,
215,88b,88,1,No,Is 81 a square number?,Yes,No,Only if it's also odd,"9 x 9 = 81, so 81 is a square number.",Check if it's the result of a whole number multiplied by itself.,,,,,,,
216,88b,88,1,No,Is 90 a square number?,No,Yes,Only if it's also even,"9x9=81 and 10x10=100, so 90 falls between two square numbers — it isn't one itself.",Check if it's the result of a whole number multiplied by itself.,,,,,,,
217,88c,88,2,No,Is 100 a cube number?,No,Yes,Only if it's also a square number,"100 is a square number (10x10), but no whole number cubed gives 100.",Check if it's the result of a whole number multiplied by itself three times.,,,,,,,
218,88c,88,2,No,Is 125 a cube number?,Yes,No,Only if it's also a square number,"5 x 5 x 5 = 125, so 125 is a cube number.",Check if it's the result of a whole number multiplied by itself three times.,,,,,,,
219,88c,88,2,No,Is 64 a cube number?,Yes,No,Only if it's also a square number,"4 x 4 x 4 = 64, so 64 is a cube number.",Check if it's the result of a whole number multiplied by itself three times.,,,,,,,
220,88d,88,3,No,Calculate 6^3.,216,18,36,6^3 means 6 x 6 x 6 = 216.,A power of 3 means multiply the number by itself three times.,,,,,,,
221,88d,88,3,No,Calculate 5^3.,125,15,25,5^3 means 5 x 5 x 5 = 125.,A power of 3 means multiply the number by itself three times.,,,,,,,
222,88d,88,3,No,Calculate 4^3.,64,12,16,4^3 means 4 x 4 x 4 = 64.,A power of 3 means multiply the number by itself three times.,,,,,,,
223,88d,88,2,No,Calculate 9^2.,81,18,729,9^2 means 9 x 9 = 81.,A power of 2 means multiply the number by itself.,,,,,,,
224,88d,88,2,No,Calculate 7^2.,49,14,343,7^2 means 7 x 7 = 49.,A power of 2 means multiply the number by itself.,,,,,,,
225,88d,88,2,No,Calculate 8^2.,64,16,512,8^2 means 8 x 8 = 64.,A power of 2 means multiply the number by itself.,,,,,,,
226,89a,89,1,No,84 ÷ 6 =,14,13,12,8÷6=1 remainder 2; bring down 4 to make 24; 24÷6=4. Answer: 14.,"Divide the tens first, then bring down the units.",,,,,,,
227,89b,89,2,No,936 ÷ 8 =,117,117.5,107,"9÷8=1 remainder 1; bring down 3 to make 13, 13÷8=1 remainder 5; bring down 6 to make 56, 56÷8=7. Answer: 117.","Work left to right, bringing down each digit in turn.",,,,,,,
228,90a,90,1,No,1728 ÷ 8 =,216,206,226,17÷8=2 r1; 12÷8=1 r4; 48÷8=6. Answer: 216.,"Work through the digits left to right, dividing and carrying the remainder.",,,,,,,
229,90a,90,1,No,3648 ÷ 8 =,456,446,466,36÷8=4 r4; 44÷8=5 r4; 48÷8=6. Answer: 456.,"Work through the digits left to right, dividing and carrying the remainder.",,,,,,,
230,90b,90,3,No,5796 ÷ 21 =,276,266,286,"21 into 57 is 2 remainder 15; bring down 9 to make 159, 21 into 159 is 7 remainder 12; bring down 6 to make 126, 21 into 126 is 6. Answer: 276.",Estimate how many times 21 fits into each partial number as you work through.,,,,,,,
231,90b,90,3,No,7245 ÷ 23 =,315,305,325,"23 into 72 is 3 remainder 3; bring down 4 to make 34, 23 into 34 is 1 remainder 11; bring down 5 to make 115, 23 into 115 is 5. Answer: 315.",Estimate how many times 23 fits into each partial number as you work through.,,,,,,,
232,90b,90,2,No,1428 ÷ 12 =,119,129,109,"12 into 14 is 1 remainder 2; bring down 2 to make 22, 12 into 22 is 1 remainder 10; bring down 8 to make 108, 12 into 108 is 9. Answer: 119.","Use long division, subtracting multiples of 12 at each step.",,,,,,,
233,90b,90,2,No,1856 ÷ 16 =,116,126,106,"16 into 18 is 1 remainder 2; bring down 5 to make 25, 16 into 25 is 1 remainder 9; bring down 6 to make 96, 16 into 96 is 6. Answer: 116.","Use long division, subtracting multiples of 16 at each step.",,,,,,,
234,91a,91,1,No,47 ÷ 5 =,9 remainder 2,9 remainder 3,8 remainder 7,"5x9=45, 47-45=2. Answer: 9 remainder 2.",Find the largest multiple of 5 that is not more than 47.,,,,,,,
235,91a,91,1,No,58 ÷ 7 =,8 remainder 2,8 remainder 3,7 remainder 9,"7x8=56, 58-56=2. Answer: 8 remainder 2.",Find the largest multiple of 7 that is not more than 58.,,,,,,,
236,91b,91,2,No,583 ÷ 7 =,83 remainder 2,83 remainder 3,84 remainder 0,"7x83=581, 583-581=2. Answer: 83 remainder 2.","Divide as usual, then subtract to find what's left.",,,,,,,
237,91b,91,2,No,674 ÷ 9 =,74 remainder 8,74 remainder 9,75 remainder 0,"9x74=666, 674-666=8. Answer: 74 remainder 8.","Divide as usual, then subtract to find what's left.",,,,,,,
238,91c,91,2,No,275 ÷ 13 =,21 remainder 2,20 remainder 15,21 remainder 12,"13x21=273, 275-273=2. Answer: 21 remainder 2.","Estimate how many times 13 fits into 275, then check the remainder.",,,,,,,
239,91c,91,2,No,389 ÷ 14 =,27 remainder 11,28 remainder 11,27 remainder 1,"14x27=378, 389-378=11. Answer: 27 remainder 11.","Estimate how many times 14 fits into 389, then check the remainder.",,,,,,,
240,91d,91,3,No,100 chairs are arranged into rows of 8. How many full rows are there?,12,13,8,"100 ÷ 8 = 12 remainder 4, so there are 12 full rows.",Divide the total by the row size; the remainder isn't a full row.,,,,,,,
241,91d,91,3,No,130 sweets are shared into bags of 9. How many full bags are there?,14,15,9,"130 ÷ 9 = 14 remainder 4, so there are 14 full bags.",Divide the total by the bag size; ignore the leftover.,,,,,,,
242,92a,92,1,No,"Divide 47 by 5, giving the remainder as a fraction.",9 and 2/5,9 and 3/5,8 and 2/5,"47 ÷ 5 = 9 remainder 2, so the answer is 9 and 2/5.","Find the whole number part first, then write the remainder over the divisor.",,9⅖,9⅗,8⅖,"47 ÷ 5 = 9 remainder 2, so the answer is 9⅖.",,
243,92a,92,1,No,"Divide 38 by 5, giving the remainder as a fraction.",7 and 3/5,7 and 2/5,6 and 3/5,"38 ÷ 5 = 7 remainder 3, so the answer is 7 and 3/5.","Find the whole number part first, then write the remainder over the divisor.",,7⅗,7⅖,6⅗,"38 ÷ 5 = 7 remainder 3, so the answer is 7⅗.",,
244,92b,92,1,No,"Divide 47 by 5, giving the remainder as a decimal.",9.4,9.2,9.5,"47 ÷ 5 = 9 remainder 2. 2 ÷ 5 = 0.4, so the answer is 9.4.",Turn the remainder into a decimal by dividing it by the divisor.,,,,,,,
245,92b,92,1,No,"Divide 58 by 5, giving the remainder as a decimal.",11.6,11.3,11.5,"58 ÷ 5 = 11 remainder 3. 3 ÷ 5 = 0.6, so the answer is 11.6.",Turn the remainder into a decimal by dividing it by the divisor.,,,,,,,
246,92c,92,2,No,"Divide 100 by 12, giving the remainder as a fraction.",8 and 1/3,8 and 1/4,8 and 4/12,"100 ÷ 12 = 8 remainder 4, so the answer is 8 and 4/12, which simplifies to 8 and 1/3.",Simplify the remainder fraction if possible.,,8⅓,8¼,8{4/12},"100 ÷ 12 = 8 remainder 4, so the answer is 8 and 4/12, which simplifies to 8⅓.",,
247,92c,92,2,No,"Divide 150 by 12, giving the remainder as a fraction.",12 and 1/2,12 and 1/4,12 and 6/12,"150 ÷ 12 = 12 remainder 6, so the answer is 12 and 6/12, which simplifies to 12 and 1/2.",Simplify the remainder fraction if possible.,,12½,12¼,12{6/12},"150 ÷ 12 = 12 remainder 6, so the answer is 12 and 6/12, which simplifies to 12½.",,
248,92d,92,2,No,"Divide 63 by 8, giving the remainder as a decimal.",7.875,7.85,7.7,"63 ÷ 8 = 7 remainder 7. 7 ÷ 8 = 0.875, so the answer is 7.875.",Turn the remainder into a decimal by dividing it by the divisor.,,,,,,,
249,92d,92,2,No,"Divide 77 by 8, giving the remainder as a decimal.",9.625,9.58,9.6,"77 ÷ 8 = 9 remainder 5. 5 ÷ 8 = 0.625, so the answer is 9.625.",Turn the remainder into a decimal by dividing it by the divisor.,,,,,,,
250,92e,92,3,No,50 metres of ribbon is cut into 8 equal pieces. How long is each piece?,6.25m,6.2m,6.5m,"50 ÷ 8 = 6 remainder 2. 2 ÷ 8 = 0.25, so each piece is 6.25m.","Divide, then convert the remainder into a decimal.",,,,,,,
251,92e,92,3,No,35 metres of rope is cut into 4 equal pieces. How long is each piece?,8.75m,8.7m,8.3m,"35 ÷ 4 = 8 remainder 3. 3 ÷ 4 = 0.75, so each piece is 8.75m.","Divide, then convert the remainder into a decimal.",,,,,,,
252,93a,93,2,No,Find the number halfway between -14 and 6.,-4,4,-10,Add the numbers and halve: (-14+6) ÷ 2 = -8 ÷ 2 = -4.,"Add the two numbers (taking care with signs), then halve.",,,,,,,
253,93a,93,2,No,Find the number halfway between -9 and 5.,-2,2,-7,Add the numbers and halve: (-9+5) ÷ 2 = -4 ÷ 2 = -2.,"Add the two numbers (taking care with signs), then halve.",,,,,,,
254,93a,93,1,No,Find the number halfway between 12 and 28.,20,16,18,Add the numbers and halve: (12+28) ÷ 2 = 20.,"Add the two numbers together, then halve the result.",,,,,,,
255,93a,93,1,No,Find the number halfway between 15 and 41.,28,26,23,Add the numbers and halve: (15+41) ÷ 2 = 28.,"Add the two numbers together, then halve the result.",,,,,,,
256,93b,93,3,No,15 is halfway between 4 and another number. Find the other number.,26,19,11,"The gap from 4 to 15 is 11, so the other number is 15+11=26.","Find the gap between 4 and 15, then add that same gap again.",,,,,,,
257,93b,93,3,No,22 is halfway between 9 and another number. Find the other number.,35,31,26,"The gap from 9 to 22 is 13, so the other number is 22+13=35.","Find the gap between 9 and 22, then add that same gap again.",,,,,,,
258,94a,94,1,No,Find the lowest common multiple of 4 and 6 by listing multiples.,12,24,10,"Multiples of 4: 4,8,12,16... Multiples of 6: 6,12,18... The first common one is 12.",List multiples of each number until you find a match.,,,,,,,
259,94a,94,1,No,Find the lowest common multiple of 5 and 6 by listing multiples.,30,60,11,"Multiples of 5: 5,10,15,20,25,30... Multiples of 6: 6,12,18,24,30... First common one: 30.",List multiples of each number until you find a match.,,,,,,,
260,94b,94,2,No,"Find the lowest common multiple of 3, 4 and 6 by listing multiples.",12,24,6,"Multiples of 3: 3,6,9,12... Multiples of 4: 4,8,12... Multiples of 6: 6,12... The first common one is 12.",List multiples of all three numbers and find the smallest shared value.,,,,,,,
261,94b,94,2,No,"Find the lowest common multiple of 2, 5 and 8 by listing multiples.",40,80,10,"Multiples of 2, 5 and 8 all reach 40 first: 2,4,...,40 / 5,10,...,40 / 8,16,...,40.",List multiples of all three numbers and find the smallest shared value.,,,,,,,
262,94c,94,3,No,Find the lowest common multiple of 18 and 24 by listing multiples.,72,36,432,"Multiples of 18: 18,36,54,72... Multiples of 24: 24,48,72... First common one: 72.",List multiples of each number until you find a match — larger numbers just mean a longer list.,,,,,,,
263,94c,94,3,No,"Two lights flash every 8s and 12s. If they flash together now, when next together?",24 seconds,20 seconds,96 seconds,"The lights flash together again after the lowest common multiple of 8 and 12, which is 24.",Find the lowest common multiple of the two flashing times.,,,,,,,
264,95a,95,1,No,Find the common factors of 12 and 18 by listing.,"1, 2, 3, 6","1, 2, 3","1, 2, 3, 6, 9","Factors of 12: 1,2,3,4,6,12. Factors of 18: 1,2,3,6,9,18. Common factors: 1,2,3,6.","List all factors of each number, then pick out the ones that match.",,,,,,,
265,95a,95,1,No,Find the common factors of 16 and 24 by listing.,"1, 2, 4, 8","1, 2, 4","1, 2, 4, 8, 16","Factors of 16: 1,2,4,8,16. Factors of 24: 1,2,3,4,6,8,12,24. Common factors: 1,2,4,8.","List all factors of each number, then pick out the ones that match.",,,,,,,
266,95b,95,2,No,"Find the common factors of 12, 18 and 24 by listing.","1, 2, 3, 6","1, 2, 3","1, 2, 3, 6, 12","Factors of 12: 1,2,3,4,6,12. Factors of 18: 1,2,3,6,9,18. Factors of 24: 1,2,3,4,6,8,12,24. Common factors: 1,2,3,6.",List the factors of all three numbers and find the ones shared by all.,,,,,,,
267,95b,95,2,No,"Find the common factors of 8, 12 and 20 by listing.","1, 2, 4","1, 2","1, 2, 4, 8","Factors of 8: 1,2,4,8. Factors of 12: 1,2,3,4,6,12. Factors of 20: 1,2,4,5,10,20. Common factors: 1,2,4.",List the factors of all three numbers and find the ones shared by all.,,,,,,,
268,95c,95,3,No,Find the common factors of 36 and 48 by listing.,"1, 2, 3, 4, 6, 12","1, 2, 3, 4, 6","1, 2, 3, 4, 6, 12, 24","Factors of 36: 1,2,3,4,6,9,12,18,36. Factors of 48: 1,2,3,4,6,8,12,16,24,48. Common factors: 1,2,3,4,6,12.","List all factors of each number, then pick out the ones that match.",,,,,,,
269,95c,95,3,No,There are 24 pencils and 36 rulers. What is the largest number of identical bags with none left over?,12 bags,6 bags,4 bags,"The largest number of bags is the highest common factor of 24 and 36, which is 12.",Find the highest common factor of the two amounts.,,,,,,,
270,96a,96,1,No,Find the LCM of 9 and 12 by listing multiples.,36,108,21,"Multiples of 9: 9,18,27,36... Multiples of 12: 12,24,36... First common one: 36.",List multiples of each number until one matches.,,,,,,,
271,96a,96,1,No,Find the LCM of 6 and 8 by listing multiples.,24,48,14,"Multiples of 6: 6,12,18,24... Multiples of 8: 8,16,24... First common one: 24.",List multiples of each number until one matches.,,,,,,,
272,96b,96,2,No,"Find the LCM of 4, 5 and 6 by listing multiples.",60,20,30,"Multiples of 4,5 and 6 all reach 60 first: 4,8,...,60 / 5,10,...,60 / 6,12,...,60.",List multiples of all three until you find a shared value.,,,,,,,
273,96b,96,2,No,"Find the LCM of 3, 6 and 8 by listing multiples.",24,48,18,"Multiples of 3, 6 and 8 all reach 24 first: 3,6,...,24 / 6,12,...,24 / 8,16,24.",List multiples of all three until you find a shared value.,,,,,,,
274,96c,96,1,No,Find the HCF of 18 and 24 by listing factors.,6,3,12,"Factors of 18: 1,2,3,6,9,18. Factors of 24: 1,2,3,4,6,8,12,24. Highest common factor: 6.",List the factors of both numbers and find the largest shared one.,,,,,,,
275,96c,96,1,No,Find the HCF of 20 and 30 by listing factors.,10,5,15,"Factors of 20: 1,2,4,5,10,20. Factors of 30: 1,2,3,5,6,10,15,30. Highest common factor: 10.",List the factors of both numbers and find the largest shared one.,,,,,,,
276,96d,96,2,No,"Find the HCF of 12, 18 and 30 by listing factors.",6,3,2,"Factors of 12: 1,2,3,4,6,12. Factors of 18: 1,2,3,6,9,18. Factors of 30: 1,2,3,5,6,10,15,30. Highest common factor: 6.",List the factors of all three numbers and find the largest shared value.,,,,,,,
277,96d,96,2,No,"Find the HCF of 16, 24 and 40 by listing factors.",8,4,2,"Factors of 16: 1,2,4,8,16. Factors of 24: 1,2,3,4,6,8,12,24. Factors of 40: 1,2,4,5,8,10,20,40. Highest common factor: 8.",List the factors of all three numbers and find the largest shared value.,,,,,,,
278,96e,96,3,No,Find the LCM of 24 and 40 by listing multiples.,120,960,64,"Multiples of 24: 24,48,72,96,120... Multiples of 40: 40,80,120... First common one: 120.",List multiples of each number until you find a match — larger numbers just mean a longer list.,,,,,,,
279,96e,96,3,No,"Two buses leave together. One returns every 15min, the other every 20min. When next together?",60 minutes,35 minutes,300 minutes,"The buses next leave together after the LCM of 15 and 20, which is 60.",Find the lowest common multiple of the two times.,,,,,,,
280,96f,96,3,No,Find the HCF of 48 and 60 by listing factors.,12,6,24,"Factors of 48: 1,2,3,4,6,8,12,16,24,48. Factors of 60: 1,2,3,4,5,6,10,12,15,20,30,60. Highest common factor: 12.",List the factors of both numbers and find the largest shared one — larger numbers just mean a longer list.,,,,,,,
281,96f,96,3,No,30 apples and 45 oranges are divided into identical baskets with none left. What is the largest number of baskets?,15 baskets,5 baskets,10 baskets,"The largest number of baskets is the HCF of 30 and 45, which is 15.",Find the highest common factor of the two amounts.,,,,,,,
282,97a,97,1,No,Is 17 a prime number?,Yes,No,Only if it's odd,"17 has only two factors, 1 and 17, so it's prime.",A prime number has exactly two factors: 1 and itself.,,,,,,,
283,97a,97,1,No,Is 23 a prime number?,Yes,No,Only if it's odd,"23 has only two factors, 1 and 23, so it's prime.",A prime number has exactly two factors: 1 and itself.,,,,,,,
284,97a,97,1,No,Is 29 a prime number?,Yes,No,Only if it's odd,"29 has only two factors, 1 and 29, so it's prime.",A prime number has exactly two factors: 1 and itself.,,,,,,,
285,97b,97,2,No,Is 91 a prime number?,No,Yes,Only if it's odd,"91 = 7 x 13, so it has factors other than 1 and itself — it's not prime.",Try dividing by small primes like 7 and 11.,,,,,,,
286,97b,97,2,No,Is 77 a prime number?,No,Yes,Only if it's odd,"77 = 7 x 11, so it has factors other than 1 and itself — it's not prime.",Try dividing by small primes like 7 and 11.,,,,,,,
287,97b,97,2,No,Is 87 a prime number?,No,Yes,Only if it's odd,"87 = 3 x 29, so it has factors other than 1 and itself — it's not prime.",Try dividing by small primes like 3 and 7.,,,,,,,
288,97c,97,2,No,List all the prime numbers between 30 and 50.,"31, 37, 41, 43, 47","31, 37, 41, 43","31, 33, 37, 41, 43, 47","Checking each number in the range for factors other than 1 and itself gives 31, 37, 41, 43, 47.","Rule out even numbers and multiples of 5 first, then check what's left.",,,,,,,
289,97c,97,2,No,List all the prime numbers between 50 and 70.,"53, 59, 61, 67","53, 57, 59, 61, 67","53, 59, 61, 63, 67","Checking each number in the range for factors other than 1 and itself gives 53, 59, 61, 67.","Rule out even numbers and multiples of 5 first, then check what's left.",,,,,,,
290,97c,97,2,No,List all the prime numbers between 70 and 90.,"71, 73, 79, 83, 89","71, 73, 79, 83","71, 73, 77, 79, 83, 89","Checking each number in the range for factors other than 1 and itself gives 71, 73, 79, 83, 89.","Rule out even numbers and multiples of 5 first, then check what's left.",,,,,,,
291,97d,97,3,No,"Is 36 prime, square, or both?","Square, not prime","Prime, not square",Both prime and square,"36 = 6 x 6, so it's a square number; it has more than two factors, so it isn't prime.","Check for a whole-number square root first, then count the factors.",,,,,,,
292,97d,97,3,No,"Is 49 prime, square, or both?","Square, not prime","Prime, not square",Both prime and square,"49 = 7 x 7, so it's a square number; it has more than two factors, so it isn't prime.","Check for a whole-number square root first, then count the factors.",,,,,,,
293,97d,97,3,No,"Is 27 prime, cube, or neither?","Cube, not prime","Prime, not cube",Both prime and cube,"27 = 3 x 3 x 3, so it's a cube number; it has more than two factors, so it isn't prime.","Check for a whole-number cube root first, then count the factors.",,,,,,,
294,98a,98,1,No,Find an equivalent fraction to 2/3 with a denominator of 12.,'8/12,'6/12,'4/12,"12 ÷ 3 = 4, so multiply top and bottom by 4: 2/3 = 8/12.","Work out what the denominator was multiplied by, then do the same to the numerator.",,,,,,,
295,98a,98,1,No,Find an equivalent fraction to 3/5 with a denominator of 20.,'12/20,'15/20,'9/20,"20 ÷ 5 = 4, so multiply top and bottom by 4: 3/5 = 12/20.","Work out what the denominator was multiplied by, then do the same to the numerator.",,,,,,,
296,98b,98,2,No,Find an equivalent fraction to 18/24 with a denominator of 4.,'3/4,'6/4,'2/4,"24 ÷ 4 = 6, so divide top and bottom by 6: 18/24 = 3/4.","Work out what the denominator was divided by, then do the same to the numerator.",,,,,,,
297,98b,98,2,No,Find an equivalent fraction to 24/32 with a denominator of 4.,'3/4,'6/4,'8/4,"32 ÷ 4 = 8, so divide top and bottom by 8: 24/32 = 3/4.","Work out what the denominator was divided by, then do the same to the numerator.",,,,,,,
298,98c,98,1,No,Are 3/4 and 9/12 equivalent?,Yes,No,Only if simplified,3/4 = 9/12 when both top and bottom are multiplied by 3.,Check if one fraction can be scaled up (or down) to make the other.,,,,,,,
299,98c,98,1,No,Are 2/5 and 6/15 equivalent?,Yes,No,Only if simplified,2/5 = 6/15 when both top and bottom are multiplied by 3.,Check if one fraction can be scaled up (or down) to make the other.,,,,,,,
300,98d,98,2,No,Write 12/18 in its simplest form.,'2/3,'6/9,'4/6,The highest common factor of 12 and 18 is 6; dividing both by 6 gives 2/3.,Divide the numerator and denominator by their highest common factor.,,,,,,,
301,98d,98,2,No,Write 16/24 in its simplest form.,'2/3,'8/12,'4/6,The highest common factor of 16 and 24 is 8; dividing both by 8 gives 2/3.,Divide the numerator and denominator by their highest common factor.,,,,,,,
302,98g,98,3,No,18 of 30 students walk to school. Write this as a fraction in simplest form.,'3/5,'18/30,'3/10,"18/30 simplifies by dividing top and bottom by 6, giving 3/5.","Write the proportion as a fraction first, then simplify.",,,,,,,
303,98g,98,3,No,"In a bag of 45 sweets, 27 are red. Write this as a fraction of the bag in simplest form.",'3/5,'27/45,'3/9,"27/45 simplifies by dividing top and bottom by 9, giving 3/5.","Write the proportion as a fraction first, then simplify.",,,,,,,
304,99a,99,1,No,Insert < or >: 2/5 ☐ 3/10,>,<,=,"Convert 2/5 to tenths: 2/5 = 4/10. Since 4/10 > 3/10, 2/5 > 3/10.",Convert both fractions to the same denominator before comparing.,,,,,,,
305,99a,99,1,No,Insert < or >: 1/3 ☐ 5/6,<,>,=,"Convert 1/3 to sixths: 1/3 = 2/6. Since 2/6 < 5/6, 1/3 < 5/6.",Convert both fractions to the same denominator before comparing.,,,,,,,
306,99a,99,1,No,Insert < or >: 3/8 ☐ 1/4,>,<,=,"Convert 1/4 to eighths: 1/4 = 2/8. Since 3/8 > 2/8, 3/8 > 1/4.",Convert both fractions to the same denominator before comparing.,,,,,,,
307,99a,99,2,No,Insert < or >: 5/6 ☐ 7/12,>,<,=,"Convert 5/6 to twelfths: 5/6 = 10/12. Since 10/12 > 7/12, 5/6 > 7/12.",Find a common denominator before comparing.,,,,,,,
308,99a,99,2,No,Insert < or >: 5/8 ☐ 3/4,<,>,=,"Convert 3/4 to eighths: 3/4 = 6/8. Since 5/8 < 6/8, 5/8 < 3/4.",Find a common denominator before comparing.,,,,,,,
309,99a,99,2,No,Insert < or >: 3/4 ☐ 7/8,<,>,=,"Convert 3/4 to eighths: 3/4 = 6/8. Since 6/8 < 7/8, 3/4 < 7/8.",Find a common denominator before comparing.,,,,,,,
310,99b,99,3,No,"Order these fractions from smallest to largest: 3/4, 1/3, 5/12.","1/3, 5/12, 3/4","3/4, 5/12, 1/3","1/3, 3/4, 5/12","Convert to twelfths: 3/4 = 9/12, 1/3 = 4/12, 5/12 stays. Comparing twelfths: 4/12, 5/12, 9/12, so the order is 1/3, 5/12, 3/4.",Convert all fractions to the same denominator first.,,,,,,,
311,99b,99,3,No,"Order these fractions from smallest to largest: 1/2, 3/8, 5/8.","3/8, 1/2, 5/8","5/8, 1/2, 3/8","3/8, 5/8, 1/2","Convert 1/2 to eighths: 1/2 = 4/8. Comparing eighths: 3/8, 4/8, 5/8, so the order is 3/8, 1/2, 5/8.",Convert all fractions to the same denominator first.,,,,,,,
312,99b,99,3,No,"Order these fractions from smallest to largest: 2/3, 1/6, 1/2.","1/6, 1/2, 2/3","2/3, 1/2, 1/6","1/6, 2/3, 1/2","Convert to sixths: 2/3 = 4/6, 1/2 = 3/6, 1/6 stays. Comparing sixths: 1/6, 3/6, 4/6, so the order is 1/6, 1/2, 2/3.",Convert all fractions to the same denominator first.,,,,,,,
313,100a,100,3,No,5/12 + 1/4 =,'2/3,'3/8,'1/2,Convert 1/4 to twelfths: 1/4=3/12. Add: 5/12+3/12=8/12=2/3.,"Convert to a common denominator before adding, then simplify.",,,,,,,
314,100a,100,2,No,1/6 + 1/3 =,'1/2,'2/9,'1/3,Convert 1/3 to sixths: 1/3=2/6. Add: 1/6+2/6=3/6=1/2.,"Convert to a common denominator before adding, then simplify.",,,,,,,
315,100a,100,1,No,1/4 + 3/8 =,'5/8,'1/3,'1/2,Convert 1/4 to eighths: 1/4=2/8. Add: 2/8+3/8=5/8.,Convert to a common denominator before adding.,,,,,,,
316,100a,100,1,No,1/8 + 1/4 =,'3/8,'1/6,'3/4,Convert 1/4 to eighths: 1/4=2/8. Add: 1/8+2/8=3/8.,Convert to a common denominator before adding.,,,,,,,
317,100a,100,2,No,2/3 + 1/6 =,'5/6,'1/3,'1/2,Convert 2/3 to sixths: 2/3=4/6. Add: 4/6+1/6=5/6.,Convert to a common denominator before adding.,,,,,,,
318,100a,100,3,No,1/9 + 2/3 =,'7/9,'3/12,'5/9,Convert 2/3 to ninths: 2/3=6/9. Add: 1/9+6/9=7/9.,Convert to a common denominator before adding.,,,,,,,
319,100b,100,1,No,3/4 - 1/4 =,'1/2,'1/4,1,"The denominators already match, so subtract the numerators: 3-1=2, giving 2/4, which simplifies to 1/2.","Subtract the numerators directly since the denominators match, then simplify.",,,,,,,
320,100b,100,3,No,11/12 - 1/4 =,'2/3,'5/6,'5/12,Convert 1/4 to twelfths: 1/4=3/12. Subtract: 11/12-3/12=8/12=2/3.,"Convert to a common denominator before subtracting, then simplify.",,,,,,,
321,100b,100,2,No,5/6 - 1/3 =,'1/2,'2/3,'1/3,Convert 1/3 to sixths: 1/3=2/6. Subtract: 5/6-2/6=3/6=1/2.,"Convert to a common denominator before subtracting, then simplify.",,,,,,,
322,100b,100,2,No,5/6 - 1/2 =,'1/3,1,'2/3,Convert 1/2 to sixths: 1/2=3/6. Subtract: 5/6-3/6=2/6=1/3.,"Convert to a common denominator before subtracting, then simplify.",,,,,,,
323,100b,100,1,No,7/8 - 3/4 =,'1/8,'1/2,'3/8,Convert 3/4 to eighths: 3/4=6/8. Subtract: 7/8-6/8=1/8.,Convert to a common denominator before subtracting.,,,,,,,
324,100b,100,3,No,5/9 - 1/3 =,'2/9,'4/6,'1/3,Convert 1/3 to ninths: 1/3=3/9. Subtract: 5/9-3/9=2/9.,Convert to a common denominator before subtracting.,,,,,,,
325,101a,101,1,No,Write 11/3 as a mixed number.,3 and 2/3,3 and 1/3,2 and 2/3,"11 ÷ 3 = 3 remainder 2, so 11/3 = 3 and 2/3.",Divide the numerator by the denominator and see what's left over.,,3⅔,3⅓,2⅔,,,
326,101a,101,1,No,Write 9/4 as a mixed number.,2 and 1/4,2 and 3/4,1 and 1/4,"9 ÷ 4 = 2 remainder 1, so 9/4 = 2 and 1/4.",Divide the numerator by the denominator and see what's left over.,,2¼,2¾,1¼,,,
327,101b,101,1,No,Write 3 and 1/5 as an improper fraction.,'16/5,'15/5,'13/5,"3 x 5 = 15, plus 1 = 16, so 3 and 1/5 = 16/5.","Multiply the whole number by the denominator, then add the numerator.",Write 3⅕ as an improper fraction.,,,,,,
328,101b,101,1,No,Write 2 and 1/7 as an improper fraction.,'15/7,'14/7,'13/7,"2 x 7 = 14, plus 1 = 15, so 2 and 1/7 = 15/7.","Multiply the whole number by the denominator, then add the numerator.",Write 2⅐ as an improper fraction.,,,,,,
329,101c,101,2,No,Insert < or >: 2 and 3/5 ☐ 2 and 1/5,>,<,=,"Both have the same whole number, so compare the fraction parts: 3/5 > 1/5.","If the whole numbers match, compare the fraction parts.",Insert < or >: 2⅗ ☐ 2⅕,,,,,,
330,101c,101,2,No,Insert < or >: 4 and 1/8 ☐ 3 and 7/8,>,<,=,"4 and 1/8 has a greater whole number part than 3 and 7/8, so it is greater.",Compare the whole number parts first.,Insert < or >: 4⅛ ☐ 3⅞,,,,,,
331,101d,101,2,No,"Order these from smallest to largest: 3 and 1/4, 2 and 3/4, 3 and 3/4.","2 and 3/4, 3 and 1/4, 3 and 3/4","3 and 3/4, 3 and 1/4, 2 and 3/4","2 and 3/4, 3 and 3/4, 3 and 1/4","Compare whole numbers first, then fraction parts where they tie: 2¾ < 3¼ < 3¾.","Compare the whole number parts first, then the fraction parts if they're equal.",,"2¾, 3¼, 3¾","3¾, 3¼, 2¾","2¾, 3¾, 3¼",,,
332,101d,101,2,No,"Order these from smallest to largest: 5 and 2/3, 5 and 1/3, 6 and 1/3.","5 and 1/3, 5 and 2/3, 6 and 1/3","6 and 1/3, 5 and 2/3, 5 and 1/3","5 and 2/3, 5 and 1/3, 6 and 1/3","Compare whole numbers first, then fraction parts where they tie: 5⅓ < 5⅔ < 6⅓.","Compare the whole number parts first, then the fraction parts if they're equal.",,"5⅓, 5⅔, 6⅓","6⅓, 5⅔, 5⅓","5⅔, 5⅓, 6⅓",,,
333,101e,101,3,No,Insert < or >: 3 and 5/6 ☐ 3 and 7/12,>,<,=,"Convert 5/6 to twelfths: 5/6=10/12, so compare 10/12 and 7/12: 3 and 10/12 > 3 and 7/12.",Convert to a common denominator before comparing.,Insert < or >: 3⅚ ☐ 3 and 7/12,,,,,,
334,101e,101,3,No,Insert < or >: 2 and 1/3 ☐ 2 and 3/9,=,>,<,"Convert 1/3 to ninths: 1/3=3/9, so 2 and 1/3 = 2 and 3/9 — they are equal.",Convert to a common denominator before comparing.,Insert < or >: 2⅓ ☐ 2 and 3/9,,,,,,
335,101f,101,3,No,"Order these from smallest to largest: 1 and 1/2, 1 and 3/8, 1 and 5/8.","1 and 3/8, 1 and 1/2, 1 and 5/8","1 and 5/8, 1 and 1/2, 1 and 3/8","1 and 1/2, 1 and 3/8, 1 and 5/8","Convert to eighths: 1/2=4/8, so compare 3/8, 4/8, 5/8: order is 1⅜, 1½, 1⅝.",Convert to a common denominator before comparing.,,"1⅜, 1½, 1⅝","1⅝, 1½, 1⅜","1½, 1⅜, 1⅝",,,
336,101f,101,3,No,"Order these from smallest to largest: 2 and 2/3, 2 and 5/9, 2 and 7/9.","2 and 5/9, 2 and 2/3, 2 and 7/9","2 and 7/9, 2 and 2/3, 2 and 5/9","2 and 2/3, 2 and 5/9, 2 and 7/9","Convert 2/3 to ninths: 2/3=6/9, so compare 5/9, 6/9, 7/9: order is 2 and 5/9, 2⅔, 2 and 7/9.",Convert to a common denominator before comparing.,,"2 and 5/9, 2⅔, 2 and 7/9","2 and 7/9, 2⅔, 2 and 5/9","2⅔, 2 and 5/9, 2 and 7/9",,,
337,102a,102,1,No,3/5 + 4/5 = (give the answer as a mixed number),1 and 2/5,'7/5,1 and 3/5,"3/5+4/5=7/5, and 7/5=1 and 2/5.","Add the numerators, then convert the improper fraction to a mixed number.",,1⅖,,1⅗,,,
338,102b,102,1,No,2 and 1/4 + 3 and 2/4 =,5 and 3/4,5 and 1/4,6 and 3/4,Add the whole numbers: 2+3=5. Add the fractions: 1/4+2/4=3/4. Answer: 5 and 3/4.,Add the whole numbers and fraction parts separately.,2¼ + 3½ =,5¾,5¼,6¾,,,
339,102b,102,1,No,1 and 3/7 + 4 and 2/7 =,5 and 5/7,5 and 1/7,6 and 5/7,Add the whole numbers: 1+4=5. Add the fractions: 3/7+2/7=5/7. Answer: 5 and 5/7.,Add the whole numbers and fraction parts separately.,,,,,,,
340,102c,102,2,No,2 and 3/4 + 1 and 2/4 =,4 and 1/4,3 and 5/4,4 and 3/4,Add the whole numbers: 2+1=3. Add the fractions: 3/4+2/4=5/4=1 and 1/4. Add this to the whole numbers: 3+1 and 1/4=4 and 1/4.,"If the fraction parts add to more than a whole, carry the extra into the whole number.",2¾+1½=,4¼,,4¾,,,
341,102c,102,2,No,3 and 5/6 + 2 and 4/6 =,6 and 1/2,5 and 9/6,6 and 3/6,Add the whole numbers: 3+2=5. Add the fractions: 5/6+4/6=9/6=1 and 3/6=1 and 1/2. Add this to the whole numbers: 5+1 and 1/2=6 and 1/2.,"If the fraction parts add to more than a whole, carry the extra into the whole number.",3⅚+2⅔=,6½,,,,,
342,102d,102,3,No,11/5 - 4/5 = (give the answer as a mixed number),1 and 2/5,'7/5,1 and 3/5,"11/5-4/5=7/5, and 7/5=1 and 2/5.","Subtract the numerators, then convert the improper fraction to a mixed number.",,1⅖,,1⅗,,,
343,102d,102,3,No,19/8 - 7/8 = (give the answer as a mixed number),1 and 1/2,'12/8,1 and 3/8,"19/8-7/8=12/8, and 12/8=1 and 4/8=1 and 1/2.","Subtract the numerators, then convert and simplify the improper fraction.",,1½,,1⅜,,,
344,102e,102,1,No,4 - 3/4 =,3 and 1/4,3 and 3/4,4 and 1/4,"Borrow 1 from the 4, making it 3 and 4/4, then subtract: 4/4-3/4=1/4. Answer: 3 and 1/4.",Borrow a whole from the integer and rewrite it as a fraction.,,3¼,3¾,4¼,,,
345,102f,102,2,No,5 and 3/4 - 2 and 1/4 =,3 and 1/2,3 and 2/4,3 and 1/4,Subtract the whole numbers: 5-2=3. Subtract the fractions: 3/4-1/4=2/4=1/2. Answer: 3 and 1/2.,Subtract the whole numbers and fraction parts separately.,5¾-2¼=,3½,,3¼,,,
346,102f,102,2,No,6 and 7/8 - 3 and 2/8 =,3 and 5/8,3 and 9/8,4 and 5/8,Subtract the whole numbers: 6-3=3. Subtract the fractions: 7/8-2/8=5/8. Answer: 3 and 5/8.,Subtract the whole numbers and fraction parts separately.,6⅞-3¼=,3⅝,,,,,
347,102g,102,3,No,5 and 1/4 - 2 and 3/4 =,2 and 1/2,3 and 1/2,2 and 3/4,"1/4 is smaller than 3/4, so exchange one whole from 5: 5 and 1/4 = 4 and 5/4. Now subtract: 4 and 5/4 - 2 and 3/4 = 2 and 2/4 = 2 and 1/2.",Exchange one whole from the first mixed number before subtracting the fractions.,5¼-2¾=,2½,,2¾,,,
348,102g,102,3,No,6 and 2/8 - 3 and 5/8 =,2 and 5/8,3 and 5/8,2 and 3/8,"2/8 is smaller than 5/8, so exchange one whole from 6: 6 and 2/8 = 5 and 10/8. Now subtract: 5 and 10/8 - 3 and 5/8 = 2 and 5/8.",Exchange one whole from the first mixed number before subtracting the fractions.,,2⅝,3⅝,2⅜,,,
349,103a,103,1,No,5/6 + 7/12 = (give the answer as a mixed number),1 and 5/12,'12/18,1 and 1/12,Convert 5/6 to twelfths: 5/6=10/12. Add: 10/12+7/12=17/12=1 and 5/12.,Convert to a common denominator before adding.,,,,,,,
350,103a,103,1,No,3/4 + 5/8 = (give the answer as a mixed number),1 and 3/8,'8/12,1 and 1/8,Convert 3/4 to eighths: 3/4=6/8. Add: 6/8+5/8=11/8=1 and 3/8.,Convert to a common denominator before adding.,,1⅜,,,,,
351,103b,103,1,No,2 and 1/4 + 3 and 1/8 =,5 and 3/8,5 and 1/8,6 and 3/8,Convert 1/4 to eighths: 1/4=2/8. Add whole numbers: 2+3=5. Add fractions: 2/8+1/8=3/8. Answer: 5 and 3/8.,"Convert to a common denominator, then add whole numbers and fractions separately.",2¼+3⅛=,5⅜,5⅛,6⅜,,,
352,103b,103,1,No,1 and 1/3 + 4 and 1/6 =,5 and 1/2,5 and 2/9,6 and 1/2,Convert 1/3 to sixths: 1/3=2/6. Add whole numbers: 1+4=5. Add fractions: 2/6+1/6=3/6=1/2. Answer: 5 and 1/2.,"Convert to a common denominator, then add whole numbers and fractions separately.",1⅓+4⅙=,5½,,6½,,,
353,103c,103,2,No,2 and 3/4 + 1 and 7/8 =,4 and 5/8,3 and 13/8,4 and 3/8,Convert 3/4 to eighths: 3/4=6/8. Add whole numbers: 2+1=3. Add fractions: 6/8+7/8=13/8=1 and 5/8. Add: 3+1 and 5/8=4 and 5/8.,"If the fraction parts add to more than a whole, carry the extra into the whole number.",2¾+1⅞=,4⅝,,4⅜,,,
354,103c,103,2,No,3 and 2/3 + 2 and 7/9 =,6 and 4/9,5 and 13/9,6 and 1/9,Convert 2/3 to ninths: 2/3=6/9. Add whole numbers: 3+2=5. Add fractions: 6/9+7/9=13/9=1 and 4/9. Add: 5+1 and 4/9=6 and 4/9.,"If the fraction parts add to more than a whole, carry the extra into the whole number.",3⅔+2 and 7/9=,,,,,,
355,103d,103,3,No,13/6 - 5/12 = (give the answer as a mixed number),1 and 3/4,'8/6,1 and 1/4,Convert 13/6 to twelfths: 13/6=26/12. Subtract: 26/12-5/12=21/12=1 and 9/12=1 and 3/4.,"Convert to a common denominator, then subtract and simplify.",,1¾,,1¼,,,
356,103d,103,3,No,9/4 - 3/8 = (give the answer as a mixed number),1 and 7/8,'6/4,1 and 5/8,Convert 9/4 to eighths: 9/4=18/8. Subtract: 18/8-3/8=15/8=1 and 7/8.,"Convert to a common denominator, then subtract and simplify.",,1⅞,,1⅝,,,
357,103e,103,2,No,4 and 5/6 - 1 and 2/12 =,3 and 2/3,3 and 1/2,3 and 7/12,Convert 5/6 to twelfths: 5/6=10/12. Subtract whole numbers: 4-1=3. Subtract fractions: 10/12-2/12=8/12=2/3. Answer: 3 and 2/3.,"Convert to a common denominator, then subtract whole numbers and fractions separately.",,3⅔,,,,,
358,103e,103,2,No,5 and 3/4 - 2 and 1/8 =,3 and 5/8,3 and 2/8,3 and 1/8,Convert 3/4 to eighths: 3/4=6/8. Subtract whole numbers: 5-2=3. Subtract fractions: 6/8-1/8=5/8. Answer: 3 and 5/8.,"Convert to a common denominator, then subtract whole numbers and fractions separately.",5¾-2⅛=,3⅝,,3⅛,,,
359,103f,103,3,No,4 and 1/6 - 1 and 5/12 =,2 and 3/4,2 and 7/12,3 and 3/4,"Convert 1/6 to twelfths: 1/6=2/12. Since 2/12 is less than 5/12, exchange one whole from 4: 4 and 2/12=3 and 14/12. Subtract: 3 and 14/12-1 and 5/12=2 and 9/12=2 and 3/4.","Convert to a common denominator, then exchange a whole if the first fraction is smaller.",4⅙-1 and 5/12=,2¾,,,,,
360,103f,103,3,No,5 and 1/4 - 2 and 3/8 =,2 and 7/8,3 and 1/8,2 and 5/8,"Convert 1/4 to eighths: 1/4=2/8. Since 2/8 is less than 3/8, exchange one whole from 5: 5 and 2/8=4 and 10/8. Subtract: 4 and 10/8-2 and 3/8=2 and 7/8.","Convert to a common denominator, then exchange a whole if the first fraction is smaller.",5¼-2⅜=,2⅞,,2⅝,,,
361,104a,104,3,No,"Which fraction is equivalent to 0.75: 1/2, 1/4, or 3/4?",'3/4,'1/2,'1/4,"0.75 is three quarters, so it equals 3/4.","Compare the decimal to the known quarter values (0.25, 0.5, 0.75).",,,,,,,
362,104a,104,3,No,Write 0.25 as a fraction in its simplest form.,'1/4,'2/5,'25/100,"0.25=25/100, which simplifies to 1/4.","Write the decimal over 100, then simplify.",,,,,,,
363,104a,104,1,No,Write 1/2 as a decimal.,0.5,0.2,1.5,1/2 = 0.5.,Half of one whole is 0.5.,,,,,,,
364,104a,104,2,No,Write 3/4 as a decimal.,0.75,0.25,0.34,3/4 = 0.75.,Three quarters is 0.75.,,,,,,,
365,104a,104,2,No,Write 1 whole as a decimal.,1,0.1,10,A whole number is 1.0 as a decimal.,One whole is just 1.0.,,,,,,,
366,104a,104,1,No,Write 1/4 as a decimal.,0.25,0.4,0.75,1/4 = 0.25.,A quarter is 0.25.,,,,,,,
367,104b,104,3,No,"Which fraction is equivalent to 0.8: 2/5, 3/5, or 4/5?",'4/5,'3/5,'2/5,"0.8 is four fifths, so it equals 4/5.",Each fifth is worth 0.2 — work out how many fifths make 0.8.,,,,,,,
368,104b,104,1,No,Write 2/5 as a decimal.,0.4,0.2,0.25,2/5 = 2 x 0.2 = 0.4.,Each fifth is worth 0.2 — multiply by the numerator.,,,,,,,
369,104b,104,2,No,Write 3/5 as a decimal.,0.6,0.3,0.35,3/5 = 3 x 0.2 = 0.6.,Each fifth is worth 0.2 — multiply by the numerator.,,,,,,,
370,104b,104,2,No,Write 4/5 as a decimal.,0.8,0.4,0.45,4/5 = 4 x 0.2 = 0.8.,Each fifth is worth 0.2 — multiply by the numerator.,,,,,,,
371,104b,104,3,No,Write 0.6 as a fraction in its simplest form.,'3/5,'6/100,'3/10,"0.6=6/10, which simplifies to 3/5.","Write the decimal over 10, then simplify.",,,,,,,
372,104b,104,1,No,Write 1/5 as a decimal.,0.2,0.1,0.5,1/5 = 0.2.,Each fifth is worth 0.2.,,,,,,,
373,105b,105,1,No,Write 7/100 as a percentage.,7%,0.70%,70%,"7/100 means 7 out of 100, so it is 7%.",The numerator over 100 is the percentage.,,,,,,,
374,105b,105,3,No,Write 100% as a fraction with denominator 100.,'100/100,'10/100,'1/100,"100% means the whole amount, which is 100/100.",100% represents the whole.,,,,,,,
375,105b,105,1,No,Write 45% as a fraction with denominator 100.,'45/100,'4.5/100,'45/10,"Percent means ""out of 100"", so 45%=45/100.",Per cent means out of 100.,,,,,,,
376,105c,105,2,No,Convert 63/100 to a percentage.,63%,6.30%,630%,"63/100 means 63 out of 100, so it is 63%.",The numerator over 100 is the percentage.,,,,,,,
377,105c,105,2,No,Convert 8/100 to a percentage.,8%,80%,0.80%,"8/100 means 8 out of 100, so it is 8%.",The numerator over 100 is the percentage.,,,,,,,
378,105d,105,2,No,What percentage is equivalent to 3/10?,30%,3%,13%,3/10=30/100=30%.,Each tenth is worth 10%.,,,,,,,
379,105d,105,2,No,What percentage is equivalent to 7/10?,70%,7%,17%,7/10=70/100=70%.,Each tenth is worth 10%.,,,,,,,
380,105e,105,3,No,What percentage is equivalent to 3/4?,75%,34%,25%,3/4=75/100=75%.,Three quarters of 100 is 75.,,,,,,,
381,105e,105,1,No,What percentage is equivalent to 1/4?,25%,50%,40%,1/4=25/100=25%.,A quarter of 100 is 25.,,,,,,,
382,105e,105,1,No,What percentage is equivalent to 1/2?,50%,25%,12.50%,1/2=50/100=50%.,Half of 100 is 50.,,,,,,,
383,105f,105,3,No,What percentage is equivalent to 2/5?,40%,20%,25%,"2/5=2x20%=40%, since each fifth is 20%.",Each fifth is worth 20%.,,,,,,,
384,105f,105,3,No,What percentage is equivalent to 4/5?,80%,40%,45%,"4/5=4x20%=80%, since each fifth is 20%.",Each fifth is worth 20%.,,,,,,,
385,106a,106,3,No,Convert 3% to a decimal.,0.03,0.3,3,Divide by 100: 3÷100=0.03.,Divide the percentage by 100 — small percentages give small decimals with leading zeros.,,,,,,,
386,106a,106,2,No,Convert 6% to a decimal.,0.06,0.6,6,Divide by 100: 6÷100=0.06.,Divide the percentage by 100 — small percentages give small decimals.,,,,,,,
387,106a,106,1,No,Convert 40% to a decimal.,0.4,4,0.04,Divide by 100: 40÷100=0.4.,Divide the percentage by 100.,,,,,,,
388,106a,106,1,No,Convert 25% to a decimal.,0.25,2.5,0.025,Divide by 100: 25÷100=0.25.,Divide the percentage by 100.,,,,,,,
389,106a,106,3,No,Convert 92% to a decimal.,0.92,9.2,0.092,Divide by 100: 92÷100=0.92.,Divide the percentage by 100.,,,,,,,
390,106b,106,1,No,Convert 0.3 to a percentage.,30%,3%,0.30%,Multiply by 100: 0.3x100=30%.,Multiply the decimal by 100.,,,,,,,
391,106b,106,1,No,Convert 0.7 to a percentage.,70%,7%,0.70%,Multiply by 100: 0.7x100=70%.,Multiply the decimal by 100.,,,,,,,
392,106b,106,2,No,Convert 0.9 to a percentage.,90%,9%,0.90%,Multiply by 100: 0.9x100=90%.,Multiply the decimal by 100.,,,,,,,
393,106c,106,2,No,Convert 0.45 to a percentage.,45%,4.50%,450%,Multiply by 100: 0.45x100=45%.,Multiply the decimal by 100.,,,,,,,
394,106c,106,2,No,Convert 0.08 to a percentage.,8%,80%,0.80%,Multiply by 100: 0.08x100=8%.,Multiply the decimal by 100.,,,,,,,
395,106c,106,3,No,Convert 0.99 to a percentage.,99%,9.90%,990%,Multiply by 100: 0.99x100=99%.,Multiply the decimal by 100.,,,,,,,
396,106c,106,3,No,Convert 0.02 to a percentage.,2%,20%,0.20%,Multiply by 100: 0.02x100=2%.,Multiply the decimal by 100.,,,,,,,
397,107a,107,1,No,"Which metric prefix means ""one thousand""?",Kilo,Centi,Milli,Kilo- means 1000 times the base unit.,"Kilo- is used in ""kilogram"" and ""kilometre"".",,,,,,,
398,107b,107,1,No,Convert 850mm into cm.,85cm,8.5cm,8500cm,"10mm=1cm, so divide by 10: 850÷10=85cm.",Divide by 10 to convert mm to cm.,,,,,,,
399,107c,107,3,No,Convert 2.35km into metres.,2350m,235m,23500m,"1km=1000m, so multiply by 1000: 2.35x1000=2350m.",Multiply by 1000 to convert km to m.,,,,,,,
400,107c,107,2,No,Convert 4m into cm.,400cm,40cm,4000cm,"1m=100cm, so multiply by 100: 4x100=400cm.",Multiply by 100 to convert m to cm.,,,,,,,
401,107d,107,1,No,Convert 3kg into grams.,3000g,300g,30g,"1kg=1000g, so multiply by 1000: 3x1000=3000g.",Multiply by 1000 to convert kg to g.,,,,,,,
402,107e,107,2,No,Convert 4500g into kg.,4.5kg,45kg,0.45kg,"1000g=1kg, so divide by 1000: 4500÷1000=4.5kg.",Divide by 1000 to convert g to kg.,,,,,,,
403,107f,107,1,No,Convert 2 litres into millilitres.,2000ml,200ml,20ml,"1 litre=1000ml, so multiply by 1000: 2x1000=2000ml.",Multiply by 1000 to convert litres to ml.,,,,,,,
404,107g,107,2,No,Convert 750ml into litres.,0.75l,7.5l,75l,"1000ml=1 litre, so divide by 1000: 750÷1000=0.75l.",Divide by 1000 to convert ml to litres.,,,,,,,
405,107h,107,3,No,Which is larger: 350cm or 3m?,350cm,3m,They are equal,"3m=300cm, and 350cm>300cm, so 350cm is larger.",Convert both measurements to the same unit before comparing.,,,,,,,
406,107i,107,3,No,"A fence has 6 pieces of wood, each 1.5m long. Find the total length in centimetres.",900cm,90cm,9000cm,"6x1.5m=9m, and 9m=900cm.","Work out the total in metres first, then convert.",,,,,,,
407,107j,107,3,No,A recipe needs 250g of flour per batch. How many kilograms are needed for 8 batches?,2kg,20kg,0.2kg,"8x250g=2000g, and 2000g=2kg.","Work out the total in grams first, then convert to kilograms.",,,,,,,
408,107k,107,2,No,"Which unit would you use to measure the mass of an apple: grams, kilograms, or tonnes?",Grams,Kilograms,Tonnes,"An apple weighs roughly 100-200g, so grams is the sensible unit.",Think about the real-world size of the object.,,,,,,,
409,108a,108,1,No,"Which of these is an imperial unit of mass: pound, gram, litre?",Pound,Gram,Litre,The pound is an imperial unit of mass; gram and litre are metric.,Grams and litres are both metric units.,,,,,,,
410,108b,108,1,No,"Which unit would you use to measure a person's height: feet and inches, or millilitres?",Feet and inches,Millilitres,Neither,"Height is a length, so feet and inches (or metres) are sensible; millilitres measure capacity.",Think about what type of measurement height is.,,,,,,,
411,108c,108,2,No,"Given that 1 gallon = 8 pints, convert 5 gallons into pints.",40 pints,13 pints,45 pints,5 x 8 = 40 pints.,Multiply the number of gallons by 8.,,,,,,,
412,108c,108,1,No,"Given that 1 stone = 14 pounds, convert 3 stone into pounds.",42 pounds,17 pounds,45 pounds,3 x 14 = 42 pounds.,Multiply the number of stone by 14.,,,,,,,
413,108d,108,2,No,"Given that 5 miles ≈ 8 kilometres, convert 24 kilometres into miles.",15 miles,12 miles,20 miles,"24km is 3 times 8km, so multiply 5 miles by 3: 15 miles.","Work out how many times the given amount fits, then scale the other side the same way.",,,,,,,
414,108d,108,1,No,"Given that 5 miles ≈ 8 kilometres, convert 10 miles into kilometres.",16 km,13 km,18 km,"10 miles is double 5 miles, so double 8km: 16km.",Scale the given conversion rate up or down as needed.,,,,,,,
415,108e,108,2,No,"Given that 1 kg ≈ 2.2 pounds, convert 5kg into pounds.",11 pounds,10 pounds,22 pounds,5 x 2.2 = 11 pounds.,Multiply the kilograms by the conversion rate.,,,,,,,
416,108f,108,2,No,"Given that 1 litre ≈ 1.75 pints, convert 4 litres into pints.",7 pints,6 pints,8 pints,4 x 1.75 = 7 pints.,Multiply the litres by the conversion rate.,,,,,,,
417,108g,108,3,No,"Given that 1 stone = 14 pounds, a bag weighs 2 stone 3 pounds. What is this in pounds?",31 pounds,16 pounds,28 pounds,"2 stone = 28 pounds, plus 3 pounds = 31 pounds.","Convert the stones to pounds first, then add the extra pounds.",,,,,,,
418,108h,108,3,No,"1kg ≈ 2.2 pounds and 1 stone = 14 pounds. Convert 7kg to stone, to the nearest whole stone.",1 stone,2 stone,3 stone,"7kg ≈ 15.4 pounds, and 15.4 ÷ 14 ≈ 1.1, so about 1 stone.","Convert to pounds first, then divide by 14.",,,,,,,
419,108i,108,3,No,1kg ≈ 2.2 pounds. Apples cost £2/kg. Find the cost of 11 pounds of apples.,£10,£22,£5,11 pounds ÷ 2.2 = 5kg. 5 x £2 = £10.,"Convert to kilograms first, then multiply by the price per kg.",,,,,,,
420,108i,108,3,No,1 gallon = 8 pints. Petrol costs £1.50 per pint. Find the cost of 3 gallons.,£36,£24,£4.50,3 gallons = 24 pints. 24 x £1.50 = £36.,"Convert to pints first, then multiply by the price per pint.",,,,,,,
421,110a,110,3,No,Two angles on a straight line are in the ratio 2:3. Find the smaller angle.,72°,108°,90°,"The ratio has 5 parts, each worth 180÷5=36°. The smaller angle is 2 parts: 2x36=72°.",Divide 180° by the total number of ratio parts first.,,,,,,,
422,110a,110,1,No,Two angles on a straight line are 65° and x. Find x.,115°,105°,65°,Angles on a straight line sum to 180°: 180-65=115°.,Angles on a straight line always add up to 180°.,,,,,,,
423,110a,110,1,No,Two angles on a straight line are 90° and x. Find x.,90°,180°,45°,Angles on a straight line sum to 180°: 180-90=90°.,Angles on a straight line always add up to 180°.,,,,,,,
424,110a,110,2,No,"Three angles on a straight line are 40°, 60° and x. Find x.",80°,100°,60°,Angles on a straight line sum to 180°: 180-40-60=80°.,"Add the known angles, then subtract from 180°.",,,,,,,
425,110b,110,3,No,"Angles around a point are 3x, 2x, x and 4x. Find x.",36°,40°,30°,"The angles sum to 360°: 3x+2x+x+4x=10x=360, so x=36.","Add up all the parts in terms of x, then solve.",,,,,,,
426,110b,110,2,No,"Four angles around a point are 70°, 80°, 90° and x. Find x.",120°,110°,130°,Angles around a point sum to 360°: 360-70-80-90=120°.,"Add the known angles, then subtract from 360°.",,,,,,,
427,110b,110,2,No,"Three angles around a point are 100°, 150° and x. Find x.",110°,120°,100°,Angles around a point sum to 360°: 360-100-150=110°.,"Add the known angles, then subtract from 360°.",,,,,,,
428,110b,110,1,No,Two angles around a point are 200° and x. Find x.,160°,170°,200°,Angles around a point sum to 360°: 360-200=160°.,Angles around a point always add up to 360°.,,,,,,,
429,110c,110,2,No,"A right angle is split into three angles: 20°, 30° and x. Find x.",40°,50°,30°,A right angle is 90°: 90-20-30=40°.,A right angle is exactly 90° — subtract the known angles.,,,,,,,
430,110c,110,3,No,A right angle is split into two angles in the ratio 1:2. Find the larger angle.,60°,30°,45°,"The ratio has 3 parts, each worth 90÷3=30°. The larger angle is 2 parts: 2x30=60°.",Divide 90° by the total number of ratio parts first.,,,,,,,
431,110c,110,3,No,A right angle is split into three equal angles. Find the size of each.,30°,45°,20°,Divide the right angle equally: 90÷3=30°.,Divide 90° by the number of equal parts.,,,,,,,
432,110c,110,1,No,"A right angle is split into two angles, one is 35°. Find the other.",55°,65°,45°,A right angle is 90°: 90-35=55°.,A right angle is exactly 90°.,,,,,,,
433,113a,113,1,No,"Departures are 08:20, 08:50, 09:20 and 09:50. What is the last departure before 09:30?",9:20,8:50,9:50,The last time before 09:30 in the list is 09:20.,Look through the list for the last time before the given one.,,,,,,,
434,113a,113,1,No,"Departures are 9:15, 9:45, 10:15 and 10:45. What is the next after 9:50?",10:15,9:45,10:45,The next time after 9:50 in the list is 10:15.,Look through the list for the next time after the given one.,,,,,,,
435,113b,113,1,No,A bus leaves at 10:15 and arrives at 10:55. How long is the journey?,40 minutes,30 minutes,45 minutes,10:55-10:15=40 minutes.,Subtract the departure time from the arrival time.,,,,,,,
436,113b,113,1,No,A train leaves at 14:05 and the journey takes 55 minutes. What time does it arrive?,15:00,14:50,15:05,14:05+55 minutes=15:00.,Add the journey length to the departure time.,,,,,,,
437,113c,113,2,No,Bath to Bristol is 13 miles and Bristol to Cardiff is 45 miles. Find the total distance via Bristol.,58 miles,48 miles,32 miles,13+45=58 miles.,Add the two given distances together.,,,,,,,
438,113c,113,2,No,Leeds to York is 24 miles and York to Hull is 38 miles. Find the total distance via York.,62 miles,52 miles,14 miles,24+38=62 miles.,Add the two given distances together.,,,,,,,
439,113d,113,2,No,"London to Oxford is 57 miles. At 60mph, how long is the journey, to the nearest minute?",57 minutes,60 minutes,47 minutes,Time=distance÷speed=57÷60 hours=0.95 hours≈57 minutes.,"Divide the distance by the speed, then convert hours to minutes.",,,,,,,
440,113d,113,2,No,"Leeds to Manchester is 45 miles. At 30mph, how long is the journey?",1.5 hours,1 hour,2 hours,Time=distance÷speed=45÷30=1.5 hours.,Divide the distance by the speed.,,,,,,,
441,113e,113,3,No,It is 10am in New York. London is 5 hours ahead. What time is it in London?,3pm,5am,2pm,10am+5 hours=3pm.,Add the time difference to the local time.,,,,,,,
442,113e,113,3,No,It is 3pm in London. Dubai is 4 hours ahead. What time is it in Dubai?,7pm,11am,8pm,3pm+4 hours=7pm.,Add the time difference to the local time.,,,,,,,
443,113f,113,3,No,A flight leaves New York at 9pm and arrives 6 hours later. London is 5 hours ahead. What is the local arrival time?,8am (next day),3am,2am,Departure+flight time=9pm+6 hours=3am New York time. Add the time difference: 3am+5 hours=8am London time.,"Add the flight time first, then adjust for the time difference.",,,,,,,
444,113f,113,3,No,A flight leaves London at 11am and arrives 7 hours later. Dubai is 4 hours ahead. What is the local arrival time?,10pm,6pm,2pm,Departure+flight time=11am+7 hours=6pm London time. Add the time difference: 6pm+4 hours=10pm Dubai time.,"Add the flight time first, then adjust for the time difference.",,,,,,,
445,115a,115,1,No,20 - 4 x 3 =,8,48,12,Multiply first: 4 x 3 = 12. Then subtract: 20 - 12 = 8.,Multiplication comes before subtraction.,,,,,,,
446,115a,115,1,No,6 x 2 - 5 =,7,-18,3,Multiply first: 6 x 2 = 12. Then subtract: 12 - 5 = 7.,Multiplication comes before subtraction.,,,,,,,
447,115a,115,1,No,5 + 3 x 4 =,17,32,20,Multiply first: 3 x 4 = 12. Then add: 5 + 12 = 17.,Multiplication comes before addition.,,,,,,,
448,115a,115,1,No,30 ÷ 5 + 1 =,7,5,36,Divide first: 30 ÷ 5 = 6. Then add: 6 + 1 = 7.,Division comes before addition.,,,,,,,
449,115b,115,2,No,10 - 2 x 3 + 4 =,8,28,4,"Multiply first: 2 x 3 = 6. Then subtract and add left to right: 10 - 6 = 4, 4 + 4 = 8.",Do multiplication before addition or subtraction.,,,,,,,
450,115b,115,2,No,2 + 3 x 4 - 5 =,9,15,20,"Multiply first: 3 x 4 = 12. Then add and subtract left to right: 2 + 12 = 14, 14 - 5 = 9.",Do multiplication before addition or subtraction.,,,,,,,
451,115c,115,2,No,20 - (6 + 2) x 2 =,4,32,12,Work out the brackets first: 6+2=8. Then multiply: 8x2=16. Then subtract: 20-16=4.,Always calculate inside brackets first.,,,,,,,
452,115c,115,2,No,(5 + 3) x 2 - 4 =,12,7,24,Work out the brackets first: 5+3=8. Then multiply: 8x2=16. Then subtract: 16-4=12.,Always calculate inside brackets first.,,,,,,,
453,115d,115,3,No,Work out (15 - 3) ÷ 4.,3,12,6,Work out the numerator first: 15-3=12. Then divide: 12÷4=3.,Treat the top of the fraction as if it's in brackets — work it out first.,,,,,,,
454,115d,115,3,No,Work out (8 + 4) ÷ 3.,4,9,15,Work out the numerator first: 8+4=12. Then divide: 12÷3=4.,Treat the top of the fraction as if it's in brackets — work it out first.,,,,,,,
455,115e,115,3,No,Insert + or - to make this correct: 6 ☐ 2 x 3 = 12,+,-,x,"2x3=6, and 6+6=12, so the missing symbol is +.","Work out the multiplication part first, then decide what operation reaches the target.",,,,,,,
456,115f,115,3,No,Insert brackets to make this correct: 4 + 2 x 3 = 18,(4 + 2) x 3,4 + (2 x 3),(4 + 2 x 3),"Without brackets, 4+2x3=10. To reach 18, the addition must happen first: (4+2)x3=6x3=18.","Try grouping the addition first, since normal order of operations doesn't reach the target.",,,,,,,
457,116a,116,1,No,Insert < or >: 2/3 ☐ 3/5,>,<,=,"Convert to a common denominator: 2/3=10/15, 3/5=9/15. Since 10/15>9/15, 2/3>3/5.",Convert both fractions to the same denominator before comparing.,Insert < or >: ⅔ ☐ ⅗,,,,,,
458,116a,116,1,No,Insert < or >: 3/5 ☐ 3/4,<,>,=,"Convert to a common denominator: 3/5=12/20, 3/4=15/20. Since 12/20<15/20, 3/5<3/4.",Convert both fractions to the same denominator before comparing.,Insert < or >: ⅗ ☐ ¾,,,,,,
459,116a,116,2,No,Insert < or >: 5/6 ☐ 7/9,>,<,=,"Convert to a common denominator: 5/6=15/18, 7/9=14/18. Since 15/18>14/18, 5/6>7/9.",Convert both fractions to the same denominator before comparing.,Insert < or >: ⅚ ☐ 7/9,,,,,,
460,116b,116,1,No,"Order these from smallest to largest: 2/3, 3/5, 1/2.","1/2, 3/5, 2/3","2/3, 3/5, 1/2","3/5, 1/2, 2/3","Convert to a common denominator (30ths): 2/3=20/30, 3/5=18/30, 1/2=15/30. Order: 1/2, 3/5, 2/3.",Convert all fractions to the same denominator before ordering.,"Order these from smallest to largest: ⅔, ⅗, ½.","½, ⅗, ⅔","⅔, ⅗, ½","⅗, ½, ⅔",,,
461,116b,116,1,No,"Order these from smallest to largest: 1/3, 2/5, 1/2.","1/3, 2/5, 1/2","1/2, 2/5, 1/3","2/5, 1/3, 1/2","Convert to a common denominator (30ths): 1/3=10/30, 2/5=12/30, 1/2=15/30. Order: 1/3, 2/5, 1/2.",Convert all fractions to the same denominator before ordering.,"Order these from smallest to largest: ⅓, ⅖, ½.","⅓, ⅖, ½","½, ⅖, ⅓","⅖, ⅓, ½",,,
462,116b,116,2,No,"Order these from smallest to largest: 5/8, 2/3, 3/4.","5/8, 2/3, 3/4","3/4, 2/3, 5/8","2/3, 5/8, 3/4","Convert to a common denominator (24ths): 5/8=15/24, 2/3=16/24, 3/4=18/24. Order: 5/8, 2/3, 3/4.",Convert all fractions to the same denominator before ordering.,"Order these from smallest to largest: ⅝, ⅔, ¾.","⅝, ⅔, ¾","¾, ⅔, ⅝","⅔, ⅝, ¾",,,
463,116c,116,2,No,Insert < or >: 2 and 1/3 ☐ 2 and 2/5,<,>,=,"Both have the same whole number, so compare the fraction parts: 1/3=5/15, 2/5=6/15. Since 5/15<6/15, 2 and 1/3 < 2 and 2/5.","If the whole numbers match, convert the fraction parts to a common denominator.",Insert < or >: 2⅓ ☐ 2⅖,,,,,,
464,116c,116,3,No,Insert < or >: 3 and 2/7 ☐ 23/7,=,>,<,"Convert 23/7 to a mixed number: 23÷7=3 remainder 2, so 23/7=3 and 2/7. The two values are equal.","Convert the improper fraction to a mixed number first, then compare.",,,,,,,
465,116c,116,2,No,Insert < or >: 2 and 3/4 ☐ 3 and 1/5,<,>,=,"2 and 3/4 has a smaller whole number part than 3 and 1/5, so it is smaller.",Compare the whole number parts first.,Insert < or >: 2¾ ☐ 3⅕,,,,,,
466,116d,116,3,No,"Order these from smallest to largest: 2 and 3/5, 2 and 3/4, 3 and 1/10.","2 and 3/5, 2 and 3/4, 3 and 1/10","3 and 1/10, 2 and 3/4, 2 and 3/5","2 and 3/4, 2 and 3/5, 3 and 1/10","Compare whole numbers first: both 2's come before the 3. Then compare 3/5 and 3/4: 3/5=0.6, 3/4=0.75, so 3/5<3/4. Order: 2 and 3/5, 2 and 3/4, 3 and 1/10.","Compare the whole number parts first, then the fraction parts if they're equal.",,"2⅗, 2¾, 3 and 1/10","3 and 1/10, 2¾, 2⅗","2¾, 2⅗, 3 and 1/10",,,
467,116d,116,3,No,"Order these from smallest to largest: 2 and 1/3, 2 and 1/4, 2 and 1/2.","2 and 1/4, 2 and 1/3, 2 and 1/2","2 and 1/2, 2 and 1/3, 2 and 1/4","2 and 1/3, 2 and 1/4, 2 and 1/2","All have the same whole number, so compare the fraction parts. Convert to twelfths: 1/3=4/12, 1/4=3/12, 1/2=6/12. Order: 2 and 1/4, 2 and 1/3, 2 and 1/2.","If the whole numbers match, convert the fraction parts to a common denominator.",,"2¼, 2⅓, 2½","2½, 2⅓, 2¼","2⅓, 2¼, 2½",,,
468,116d,116,3,No,"Order these from smallest to largest: 9/4, 2 and 1/3, 5/2.","9/4, 2 and 1/3, 5/2","5/2, 2 and 1/3, 9/4","2 and 1/3, 9/4, 5/2","Convert the improper fractions to mixed numbers: 9/4=2 and 1/4, 5/2=2 and 1/2. Comparing all three: 2 and 1/4 < 2 and 1/3 < 2 and 1/2, so the order is 9/4, 2 and 1/3, 5/2.","Convert any improper fractions to mixed numbers first, then compare.",,,,,,,
469,117a,117,3,No,5/6 + 3/4 = (give the answer as a mixed number),1 and 7/12,'17/10,1 and 5/12,"Convert to twelfths: 5/6=10/12, 3/4=9/12. Add: 10/12+9/12=19/12=1 and 7/12.","Convert to a common denominator, add, then convert the improper fraction to a mixed number.",,,,,,,
470,117a,117,3,No,2/3 + 3/7 = (give the answer as a mixed number),1 and 2/21,'5/10,1 and 1/21,"Convert to twenty-firsts: 2/3=14/21, 3/7=9/21. Add: 14/21+9/21=23/21=1 and 2/21.","Convert to a common denominator, add, then convert the improper fraction to a mixed number.",,,,,,,
471,117a,117,1,No,1/3 + 1/4 =,'7/12,'2/7,'5/12,"Convert to twelfths: 1/3=4/12, 1/4=3/12. Add: 4/12+3/12=7/12.",Convert to a common denominator before adding.,,,,,,,
472,117a,117,1,No,2/5 + 1/3 =,'11/15,'3/8,'13/15,"Convert to fifteenths: 2/5=6/15, 1/3=5/15. Add: 6/15+5/15=11/15.",Convert to a common denominator before adding.,,,,,,,
473,117a,117,2,No,3/4 + 2/5 =,1 and 3/20,'5/9,1 and 1/4,"Convert to twentieths: 3/4=15/20, 2/5=8/20. Add: 15/20+8/20=23/20=1 and 3/20.",Convert to a common denominator before adding.,,,,,,,
474,117a,117,2,No,1/2 + 2/7 =,'11/14,'3/9,'9/14,"Convert to fourteenths: 1/2=7/14, 2/7=4/14. Add: 7/14+4/14=11/14.",Convert to a common denominator before adding.,,,,,,,
475,117b,117,1,No,2/3 - 1/4 =,'5/12,'1/4,'7/12,"Convert to twelfths: 2/3=8/12, 1/4=3/12. Subtract: 8/12-3/12=5/12.",Convert to a common denominator before subtracting.,,,,,,,
476,117b,117,1,No,3/4 - 1/3 =,'5/12,'1/2,'4/12,"Convert to twelfths: 3/4=9/12, 1/3=4/12. Subtract: 9/12-4/12=5/12.",Convert to a common denominator before subtracting.,,,,,,,
477,117b,117,2,No,5/6 - 2/5 =,'13/30,3,'1/2,"Convert to thirtieths: 5/6=25/30, 2/5=12/30. Subtract: 25/30-12/30=13/30.",Convert to a common denominator before subtracting.,,,,,,,
478,117b,117,2,No,4/5 - 1/3 =,'7/15,'8/15,'1/15,"Convert to fifteenths: 4/5=12/15, 1/3=5/15. Subtract: 12/15-5/15=7/15.",Convert to a common denominator before subtracting.,,,,,,,
479,117b,117,3,No,7/8 - 2/3 =,'5/24,'1/5,'7/24,"Convert to twenty-fourths: 7/8=21/24, 2/3=16/24. Subtract: 21/24-16/24=5/24.",Convert to a common denominator before subtracting.,,,,,,,
480,117b,117,3,No,5/6 - 3/7 =,'17/42,2,'19/42,"Convert both fractions to a denominator of 42: 5/6=35/42, 3/7=18/42. Subtract: 35/42-18/42=17/42.",Convert to a common denominator before subtracting.,,,,,,,
481,117c,117,2,No,2/5 of a garden has flowers and 1/4 has grass. What fraction is neither?,'7/20,'13/20,'3/20,Add the given fractions: 2/5+1/4=13/20. Subtract from the whole: 1-13/20=7/20.,"Add the known fractions first, then subtract from 1.",,,,,,,
482,117c,117,1,No,1/3 of a cake is chocolate and 1/4 is vanilla. What fraction is a different flavour?,'5/12,'7/12,'1/12,Add the given fractions: 1/3+1/4=7/12. Subtract from the whole: 1-7/12=5/12.,"Add the known fractions first, then subtract from 1.",,,,,,,
483,117c,117,3,No,1/2 of a class walks and 1/5 cycles. What fraction travels another way?,'3/10,'7/10,'1/10,Add the given fractions: 1/2+1/5=7/10. Subtract from the whole: 1-7/10=3/10.,"Add the known fractions first, then subtract from 1.",,,,,,,
484,118a,118,1,No,3/4 + 2/5 = (give the answer as a mixed number),1 and 3/20,'5/9,1 and 1/20,"Convert to twentieths: 3/4=15/20, 2/5=8/20. Add: 15/20+8/20=23/20=1 and 3/20.","Convert to a common denominator, add, then convert the improper fraction to a mixed number.",,,,,,,
485,118a,118,1,No,2/3 + 4/5 = (give the answer as a mixed number),1 and 7/15,'6/8,1 and 2/15,"Convert to fifteenths: 2/3=10/15, 4/5=12/15. Add: 10/15+12/15=22/15=1 and 7/15.","Convert to a common denominator, add, then convert the improper fraction to a mixed number.",,,,,,,
486,118b,118,1,No,2 and 1/4 + 3 and 1/5 =,5 and 9/20,5 and 1/20,6 and 9/20,"Convert 1/4 and 1/5 to twentieths: 1/4=5/20, 1/5=4/20. Add whole numbers: 2+3=5. Add fractions: 5/20+4/20=9/20. Answer: 5 and 9/20.","Convert to a common denominator, then add whole numbers and fractions separately.",2¼+3⅕=,,,,,,
487,118b,118,1,No,1 and 1/3 + 4 and 1/4 =,5 and 7/12,5 and 1/12,6 and 7/12,"Convert 1/3 and 1/4 to twelfths: 1/3=4/12, 1/4=3/12. Add whole numbers: 1+4=5. Add fractions: 4/12+3/12=7/12. Answer: 5 and 7/12.","Convert to a common denominator, then add whole numbers and fractions separately.",1⅓+4¼=,,,,,,
488,118c,118,2,No,2 and 3/4 + 1 and 4/5 =,4 and 11/20,3 and 31/20,4 and 9/20,"Convert 3/4 and 4/5 to twentieths: 3/4=15/20, 4/5=16/20. Add whole numbers: 2+1=3. Add fractions: 15/20+16/20=31/20=1 and 11/20. Add: 3+1 and 11/20=4 and 11/20.","If the fraction parts add to more than a whole, carry the extra into the whole number.",2¾+1 and 4/5=,,,,,,
489,118c,118,2,No,3 and 2/3 + 2 and 5/6 =,6 and 1/2,5 and 9/6,6 and 1/6,Convert 2/3 to sixths: 2/3=4/6. Add whole numbers: 3+2=5. Add fractions: 4/6+5/6=9/6=1 and 3/6=1 and 1/2. Add: 5+1 and 1/2=6 and 1/2.,"If the fraction parts add to more than a whole, carry the extra into the whole number.",3⅔+2⅚=,6½,,,,,
490,118d,118,2,No,11/4 - 3/5 = (give the answer as a mixed number),2 and 3/20,2,2 and 1/10,"Convert to twentieths: 11/4=55/20, 3/5=12/20. Subtract: 55/20-12/20=43/20=2 and 3/20.","Convert to a common denominator, subtract, then convert the improper fraction to a mixed number.",,,,,,,
491,118d,118,2,No,17/6 - 3/4 = (give the answer as a mixed number),2 and 1/12,2,1 and 11/12,"Convert to twelfths: 17/6=34/12, 3/4=9/12. Subtract: 34/12-9/12=25/12=2 and 1/12.","Convert to a common denominator, subtract, then convert the improper fraction to a mixed number.",,,,,,,
492,118e,118,3,No,5 and 3/4 - 2 and 1/5 =,3 and 11/20,3 and 8/20,3 and 1/20,"Convert 3/4 and 1/5 to twentieths: 3/4=15/20, 1/5=4/20. Subtract whole numbers: 5-2=3. Subtract fractions: 15/20-4/20=11/20. Answer: 3 and 11/20.","Convert to a common denominator, then subtract whole numbers and fractions separately.",5¾-2⅕=,,,,,,
493,118e,118,3,No,4 and 3/5 - 1 and 1/4 =,3 and 7/20,3 and 2/20,3 and 17/20,"Convert 3/5 and 1/4 to twentieths: 3/5=12/20, 1/4=5/20. Subtract whole numbers: 4-1=3. Subtract fractions: 12/20-5/20=7/20. Answer: 3 and 7/20.","Convert to a common denominator, then subtract whole numbers and fractions separately.",4⅗-1¼=,,,,,,
494,118f,118,3,No,5 and 1/4 - 2 and 2/5 =,2 and 17/20,3 and 3/20,2 and 3/20,"Convert 1/4 and 2/5 to twentieths: 1/4=5/20, 2/5=8/20. Since 5/20 is less than 8/20, exchange one whole from 5: 5 and 5/20=4 and 25/20. Subtract: 4 and 25/20-2 and 8/20=2 and 17/20.","Convert to a common denominator, then exchange a whole if the first fraction is smaller.",5¼-2⅖=,,,,,,
495,118f,118,3,No,4 and 1/5 - 1 and 3/4 =,2 and 9/20,3 and 9/20,2 and 11/20,"Convert 1/5 and 3/4 to twentieths: 1/5=4/20, 3/4=15/20. Since 4/20 is less than 15/20, exchange one whole from 4: 4 and 4/20=3 and 24/20. Subtract: 3 and 24/20-1 and 15/20=2 and 9/20.","Convert to a common denominator, then exchange a whole if the first fraction is smaller.",4⅕-1¾=,,,,,,
496,119a,119,2,No,3/4 x 3 = (give the answer as a mixed number),2 and 1/4,'9/12,1 and 1/4,"Multiply the numerator by the integer: 3x3=9, giving 9/4. Convert to a mixed number: 9/4=2 and 1/4.","Multiply the numerator by the integer, then convert the improper fraction to a mixed number.",,2¼,,1¼,,,
497,119a,119,1,No,2/5 x 3 = (give the answer as a mixed number),1 and 1/5,'6/15,2 and 1/5,"Multiply the numerator by the integer: 2x3=6, giving 6/5. Convert to a mixed number: 6/5=1 and 1/5.","Multiply the numerator by the integer, keeping the denominator the same.",,1⅕,,2⅕,,,
498,119a,119,1,No,3/7 x 2 =,'6/7,'3/14,'5/7,"Multiply the numerator by the integer: 3x2=6, giving 6/7.","Multiply the numerator by the integer, keeping the denominator the same.",,,,,,,
499,119a,119,1,No,1/4 x 3 =,'3/4,'1/12,'4/4,"Multiply the numerator by the integer: 1x3=3, giving 3/4.","Multiply the numerator by the integer, keeping the denominator the same.",,,,,,,
500,119a,119,1,No,1/6 x 5 =,'5/6,'1/30,'6/6,"Multiply the numerator by the integer: 1x5=5, giving 5/6.","Multiply the numerator by the integer, keeping the denominator the same.",,,,,,,
501,119a,119,3,No,4/9 x 2 =,'8/9,'4/18,'6/9,"Multiply the numerator by the integer: 4x2=8, giving 8/9.","Multiply the numerator by the integer, keeping the denominator the same.",,,,,,,
502,119a,119,2,No,5/8 x 2 = (give the answer as a mixed number),1 and 1/4,'10/16,2 and 1/4,"Multiply the numerator by the integer: 5x2=10, giving 10/8. Convert and simplify: 10/8=1 and 2/8=1 and 1/4.","Multiply the numerator by the integer, then convert and simplify.",,1¼,,2¼,,,
503,119a,119,3,No,5/6 x 4 = (give the answer as a mixed number),3 and 1/3,'20/24,2 and 1/3,"Multiply the numerator by the integer: 5x4=20, giving 20/6. Convert and simplify: 20/6=3 and 2/6=3 and 1/3.","Multiply the numerator by the integer, then convert and simplify.",,3⅓,,2⅓,,,
504,119b,119,1,No,1 and 2/5 x 3 =,4 and 1/5,3 and 6/5,3 and 2/5,Convert to an improper fraction first: 1 and 2/5=7/5. Multiply: 7/5x3=21/5=4 and 1/5.,Convert the mixed number to an improper fraction before multiplying.,1⅖ x 3 =,4⅕,,,,,
505,119b,119,2,No,2 and 1/3 x 4 =,9 and 1/3,8 and 4/3,8 and 1/3,Convert to an improper fraction first: 2 and 1/3=7/3. Multiply: 7/3x4=28/3=9 and 1/3.,Convert the mixed number to an improper fraction before multiplying.,2⅓ x 4 =,9⅓,,,,,
506,119b,119,2,No,2 and 3/8 x 3 =,7 and 1/8,6 and 9/8,6 and 1/8,Convert to an improper fraction first: 2 and 3/8=19/8. Multiply: 19/8x3=57/8=7 and 1/8.,Convert the mixed number to an improper fraction before multiplying.,2⅜ x 3 =,7⅛,,,,,
507,119b,119,2,No,4 and 1/3 x 2 =,8 and 2/3,8 and 1/3,9 and 2/3,Convert to an improper fraction first: 4 and 1/3=13/3. Multiply: 13/3x2=26/3=8 and 2/3.,Convert the mixed number to an improper fraction before multiplying.,4⅓ x 2 =,8⅔,8⅓,9⅔,,,
508,119b,119,3,No,3 and 1/4 x 2 =,6 and 1/2,6 and 1/4,7 and 1/2,Convert to an improper fraction first: 3 and 1/4=13/4. Multiply: 13/4x2=26/4=6 and 2/4=6 and 1/2.,Convert the mixed number to an improper fraction before multiplying.,3¼ x 2 =,6½,6¼,,,,
509,119b,119,3,No,1 and 5/6 x 5 =,9 and 1/6,5 and 25/6,5 and 1/6,Convert to an improper fraction first: 1 and 5/6=11/6. Multiply: 11/6x5=55/6=9 and 1/6.,Convert the mixed number to an improper fraction before multiplying.,1⅚ x 5 =,9⅙,,,,,
510,119b,119,3,No,2 and 1/5 x 4 =,8 and 4/5,8 and 1/5,9 and 4/5,Convert to an improper fraction first: 2 and 1/5=11/5. Multiply: 11/5x4=44/5=8 and 4/5.,Convert the mixed number to an improper fraction before multiplying.,2⅕ x 4 =,8⅘,8⅕,9⅘,,,
511,120a,120,1,No,1/2 x 1/3 =,'1/6,'1/3,'5/6,Multiply the numerators: 1x1=1. Multiply the denominators: 2x3=6. Answer: 1/6.,"Multiply the numerators together, then multiply the denominators together.",,,,,,,
512,120a,120,1,No,2/3 x 1/5 =,'2/15,'2/5,'13/15,Multiply the numerators: 2x1=2. Multiply the denominators: 3x5=15. Answer: 2/15.,"Multiply the numerators together, then multiply the denominators together.",,,,,,,
513,120a,120,1,No,1/4 x 1/5 =,'1/20,'1/5,'9/20,Multiply the numerators: 1x1=1. Multiply the denominators: 4x5=20. Answer: 1/20.,"Multiply the numerators together, then multiply the denominators together.",,,,,,,
514,120a,120,2,No,3/4 x 1/5 =,'3/20,'3/5,'19/20,Multiply the numerators: 3x1=3. Multiply the denominators: 4x5=20. Answer: 3/20.,"Multiply the numerators together, then multiply the denominators together.",,,,,,,
515,120a,120,2,No,1/3 x 5/6 =,'5/18,'5/6,'7/6,Multiply the numerators: 1x5=5. Multiply the denominators: 3x6=18. Answer: 5/18.,"Multiply the numerators together, then multiply the denominators together.",,,,,,,
516,120a,120,2,No,2/3 x 4/5 =,'8/15,'8/5,'22/15,Multiply the numerators: 2x4=8. Multiply the denominators: 3x5=15. Answer: 8/15.,"Multiply the numerators together, then multiply the denominators together.",,,,,,,
517,120a,120,3,No,1/7 x 4/5 =,'4/35,'4/5,'33/35,Multiply the numerators: 1x4=4. Multiply the denominators: 7x5=35. Answer: 4/35.,"Multiply the numerators together, then multiply the denominators together.",,,,,,,
518,120a,120,3,No,2/3 x 2/9 =,'4/27,'2/9,'8/9,Multiply the numerators: 2x2=4. Multiply the denominators: 3x9=27. Answer: 4/27.,"Multiply the numerators together, then multiply the denominators together.",,,,,,,
519,120a,120,3,No,1/6 x 5/6 =,'5/36,'5/6,1,Multiply the numerators: 1x5=5. Multiply the denominators: 6x6=36. Answer: 5/36.,"Multiply the numerators together, then multiply the denominators together.",,,,,,,
520,120b,120,1,No,Calculate (1/2)^2.,'1/4,'1/2,'1/8,"Square the numerator and the denominator: 1^2=1, 2^2=4. Answer: 1/4.",Square both the top and bottom of the fraction.,,,,,,,
521,120b,120,1,No,Calculate (2/3)^2.,'4/9,'2/3,'4/6,"Square the numerator and the denominator: 2^2=4, 3^2=9. Answer: 4/9.",Square both the top and bottom of the fraction.,,,,,,,
522,120b,120,2,No,Calculate (1/4)^2.,'1/16,'1/4,'2/8,"Square the numerator and the denominator: 1^2=1, 4^2=16. Answer: 1/16.",Square both the top and bottom of the fraction.,,,,,,,
523,120b,120,2,No,Calculate (3/5)^2.,'9/25,'3/5,'6/10,"Square the numerator and the denominator: 3^2=9, 5^2=25. Answer: 9/25.",Square both the top and bottom of the fraction.,,,,,,,
524,120b,120,3,No,Calculate (2/7)^2.,'4/49,'2/7,'4/14,"Square the numerator and the denominator: 2^2=4, 7^2=49. Answer: 4/49.",Square both the top and bottom of the fraction.,,,,,,,
525,120b,120,3,No,Calculate (3/8)^2.,'9/64,'3/8,'6/16,"Square the numerator and the denominator: 3^2=9, 8^2=64. Answer: 9/64.",Square both the top and bottom of the fraction.,,,,,,,
526,121a,121,1,No,2/3 ÷ 4 =,'1/6,'8/3,'1/12,"Divide the numerator by 4, or multiply the denominator by 4: 2/3÷4=2/12=1/6.",Dividing by an integer is the same as multiplying the denominator by that integer.,,,,,,,
527,121a,121,1,No,3/4 ÷ 2 =,'3/8,'3/2,'3/6,Multiply the denominator by 2: 3/4÷2=3/8.,Dividing by an integer is the same as multiplying the denominator by that integer.,,,,,,,
528,121a,121,2,No,4/5 ÷ 3 =,'4/15,'12/5,'4/8,Multiply the denominator by 3: 4/5÷3=4/15.,Dividing by an integer is the same as multiplying the denominator by that integer.,,,,,,,
529,121a,121,3,No,1/2 ÷ 5 =,'1/10,'5/2,'1/7,Multiply the denominator by 5: 1/2÷5=1/10.,Dividing by an integer is the same as multiplying the denominator by that integer.,,,,,,,
530,121b,121,1,No,2 and 1/4 ÷ 3 =,'3/4,2 and 1/12,'9/4,Convert to an improper fraction: 2 and 1/4=9/4. Divide: 9/4÷3=9/12=3/4.,Convert the mixed number to an improper fraction before dividing.,,,,,,,
531,121b,121,1,No,3 and 1/2 ÷ 4 =,'7/8,3 and 1/8,'7/2,Convert to an improper fraction: 3 and 1/2=7/2. Divide: 7/2÷4=7/8.,Convert the mixed number to an improper fraction before dividing.,,,,,,,
532,121b,121,2,No,4 and 2/3 ÷ 5 =,'14/15,4 and 2/15,'14/3,Convert to an improper fraction: 4 and 2/3=14/3. Divide: 14/3÷5=14/15.,Convert the mixed number to an improper fraction before dividing.,,,,,,,
533,121b,121,3,No,1 and 1/5 ÷ 2 =,'3/5,1 and 1/10,'6/5,Convert to an improper fraction: 1 and 1/5=6/5. Divide: 6/5÷2=6/10=3/5.,Convert the mixed number to an improper fraction before dividing.,,,,,,,
534,121c,121,2,No,Find the number halfway between 1/5 and 3/10.,'1/4,'1/5,'2/5,"Convert to a common denominator: 1/5=2/10, 3/10 stays. Add: 2/10+3/10=5/10=1/2. Halve: 1/2÷2=1/4.","Add the two fractions together (using a common denominator), then halve the result.",,,,,,,
535,121c,121,2,No,Find the number halfway between 1/3 and 5/6.,'7/12,'1/2,'3/4,"Convert to a common denominator: 1/3=2/6, 5/6 stays. Add: 2/6+5/6=7/6. Halve: 7/6÷2=7/12.","Add the two fractions together (using a common denominator), then halve the result.",,,,,,,
536,121c,121,3,No,Find the number halfway between 1/8 and 3/4.,'7/16,'1/2,'5/8,"Convert to a common denominator: 1/8 stays, 3/4=6/8. Add: 1/8+6/8=7/8. Halve: 7/8÷2=7/16.","Add the two fractions together (using a common denominator), then halve the result.",,,,,,,
537,121c,121,1,No,Find the number halfway between 1/4 and 3/4.,'1/2,'1/4,1,Add the fractions and halve: (1/4+3/4)÷2=1÷2=1/2.,"Add the two fractions together, then halve the result.",,,,,,,
538,121d,121,2,No,1/2 is halfway between 1/4 and another fraction. Find the other fraction.,'3/4,'1/4,1,"The gap from 1/4 to 1/2 is 1/4, so the other fraction is 1/2+1/4=3/4.","Find the gap between the known fraction and the halfway point, then add that same gap again.",,,,,,,
539,121d,121,3,No,3/4 is halfway between 1/4 and another fraction. Find the other fraction.,'5/4,'1/2,1,"The gap from 1/4 to 3/4 is 1/2, so the other fraction is 3/4+1/2=5/4.","Find the gap between the known fraction and the halfway point, then add that same gap again.",,,,,,,
540,121d,121,3,No,5/8 is halfway between 1/4 and another fraction. Find the other fraction.,1,'3/4,'7/8,"The gap from 1/4 to 5/8 is 3/8, so the other fraction is 5/8+3/8=1.","Find the gap between the known fraction and the halfway point, then add that same gap again.",,,,,,,
541,122a,122,2,No,3.45 x 6 =,20.7,2.07,20.4,Multiply as whole numbers: 345x6=2070. Place the decimal point back: 20.70=20.7.,"Multiply ignoring the decimal point, then place it back in based on the number of decimal places.",,,,,,,
542,122a,122,2,No,2.14 x 7 =,14.98,1.498,14.88,Multiply as whole numbers: 214x7=1498. Place the decimal point back: 14.98.,"Multiply ignoring the decimal point, then place it back in based on the number of decimal places.",,,,,,,
543,122a,122,2,No,5.28 x 4 =,21.12,2.112,21.02,Multiply as whole numbers: 528x4=2112. Place the decimal point back: 21.12.,"Multiply ignoring the decimal point, then place it back in based on the number of decimal places.",,,,,,,
544,122a,122,2,No,1.75 x 8 =,14,1.4,14.4,Multiply as whole numbers: 175x8=1400. Place the decimal point back: 14.00=14.,"Multiply ignoring the decimal point, then place it back in based on the number of decimal places.",,,,,,,
545,122a,122,2,No,4.63 x 5 =,23.15,2.315,23.05,Multiply as whole numbers: 463x5=2315. Place the decimal point back: 23.15.,"Multiply ignoring the decimal point, then place it back in based on the number of decimal places.",,,,,,,
546,122a,122,3,No,7.85 x 9 =,70.65,7.065,70.55,Multiply as whole numbers: 785x9=7065. Place the decimal point back: 70.65.,"Multiply ignoring the decimal point, then place it back in based on the number of decimal places.",,,,,,,
547,122a,122,3,No,3.67 x 6 =,22.02,2.202,21.92,Multiply as whole numbers: 367x6=2202. Place the decimal point back: 22.02.,"Multiply ignoring the decimal point, then place it back in based on the number of decimal places.",,,,,,,
548,122a,122,3,No,8.24 x 7 =,57.68,5.768,57.58,Multiply as whole numbers: 824x7=5768. Place the decimal point back: 57.68.,"Multiply ignoring the decimal point, then place it back in based on the number of decimal places.",,,,,,,
549,122a,122,3,No,2.96 x 8 =,23.68,2.368,23.58,Multiply as whole numbers: 296x8=2368. Place the decimal point back: 23.68.,"Multiply ignoring the decimal point, then place it back in based on the number of decimal places.",,,,,,,
550,122a,122,3,No,6.45 x 9 =,58.05,5.805,57.95,Multiply as whole numbers: 645x9=5805. Place the decimal point back: 58.05.,"Multiply ignoring the decimal point, then place it back in based on the number of decimal places.",,,,,,,
551,122a,122,1,No,3.2 x 4 =,12.8,1.28,12.6,Multiply as whole numbers: 32x4=128. Place the decimal point back: 12.8.,"Multiply ignoring the decimal point, then place it back in based on the number of decimal places.",,,,,,,
552,122a,122,1,No,2.5 x 3 =,7.5,0.75,7.3,Multiply as whole numbers: 25x3=75. Place the decimal point back: 7.5.,"Multiply ignoring the decimal point, then place it back in based on the number of decimal places.",,,,,,,
553,122a,122,1,No,4.6 x 2 =,9.2,0.92,9.4,Multiply as whole numbers: 46x2=92. Place the decimal point back: 9.2.,"Multiply ignoring the decimal point, then place it back in based on the number of decimal places.",,,,,,,
554,122a,122,1,No,1.8 x 5 =,9,0.9,8.5,Multiply as whole numbers: 18x5=90. Place the decimal point back: 9.0=9.,"Multiply ignoring the decimal point, then place it back in based on the number of decimal places.",,,,,,,
555,122a,122,1,No,6.3 x 3 =,18.9,1.89,18.6,Multiply as whole numbers: 63x3=189. Place the decimal point back: 18.9.,"Multiply ignoring the decimal point, then place it back in based on the number of decimal places.",,,,,,,
556,123a,123,3,No,"Given that 5 x 9 = 45, work out 0.05 x 9.",0.45,45,4.5,"0.05 is 5÷100, so the answer is 45÷100=0.45.",Use the given fact and scale it down by the same amount as the question.,,,,,,,
557,123a,123,1,No,"Given that 4 x 8 = 32, work out 0.4 x 8.",3.2,32,0.32,"0.4 is 4÷10, so the answer is 32÷10=3.2.",Use the given fact and scale it down by the same amount as the question.,,,,,,,
558,123a,123,2,No,"Given that 6 x 7 = 42, work out 0.6 x 0.7.",0.42,4.2,0.042,"0.6 and 0.7 are each 10 times smaller than 6 and 7, so the answer is 100 times smaller: 42÷100=0.42.",Use the given fact and scale it down by the combined amount.,,,,,,,
559,123b,123,3,No,1400 x 0.001 =,1.4,14,0.14,Multiplying by 0.001 moves the digits three places to the right: 1400x0.001=1.4.,Multiplying by 0.001 is the same as dividing by 1000.,,,,,,,
560,123b,123,2,No,23 x 0.01 =,0.23,2.3,0.023,Multiplying by 0.01 moves the digits two places to the right: 23x0.01=0.23.,Multiplying by 0.01 is the same as dividing by 100.,,,,,,,
561,123b,123,1,No,5.6 x 0.1 =,0.56,5.6,0.056,Multiplying by 0.1 moves the digits one place to the right: 5.6x0.1=0.56.,Multiplying by 0.1 is the same as dividing by 10.,,,,,,,
562,123c,123,2,No,Calculate 0.25 x 0.2 using equivalent fractions.,0.05,0.45,0.5,"0.25=1/4, 0.2=1/5. Multiply the fractions: 1/4 x 1/5=1/20=0.05.","Write each decimal as a fraction, multiply, then convert back to a decimal.",,,,,,,
563,123c,123,3,No,Calculate 0.75 x 0.4 using equivalent fractions.,0.3,1.15,0.75,"0.75=3/4, 0.4=2/5. Multiply the fractions: 3/4 x 2/5=6/20=3/10=0.3.","Write each decimal as a fraction, multiply, then convert back to a decimal.",,,,,,,
564,123c,123,1,No,Calculate 0.5 x 0.4 using equivalent fractions.,0.2,0.9,0.02,"0.5=1/2, 0.4=2/5. Multiply the fractions: 1/2 x 2/5=2/10=0.2.","Write each decimal as a fraction, multiply, then convert back to a decimal.",,,,,,,
565,123d,123,1,No,Calculate 0.3 x 0.2 by using 3 x 2 first.,0.06,0.6,6,"3x2=6. Since 0.3 and 0.2 are each 10 times smaller than 3 and 2, the answer is 100 times smaller: 6÷100=0.06.","Work out the whole-number multiplication first, then scale down.",,,,,,,
566,123d,123,2,No,Calculate 0.4 x 0.6 by using 4 x 6 first.,0.24,2.4,24,"4x6=24. Since 0.4 and 0.6 are each 10 times smaller than 4 and 6, the answer is 100 times smaller: 24÷100=0.24.","Work out the whole-number multiplication first, then scale down.",,,,,,,
567,123d,123,3,No,Calculate 0.7 x 0.8 by using 7 x 8 first.,0.56,5.6,56,"7x8=56. Since 0.7 and 0.8 are each 10 times smaller than 7 and 8, the answer is 100 times smaller: 56÷100=0.56.","Work out the whole-number multiplication first, then scale down.",,,,,,,
568,123e,123,1,No,Calculate 1.2 x 0.3 by using 12 x 3 first.,0.36,3.6,36,"12x3=36. Since 1.2 and 0.3 introduce 2 decimal places between them, scale down: 36÷100=0.36.","Work out the whole-number multiplication first, then scale down by the total number of decimal places.",,,,,,,
569,123e,123,2,No,Calculate 2.5 x 0.4 by using 25 x 4 first.,1,10,0.1,25x4=100. Scaling down by the total decimal places introduced (100): 100÷100=1.,"Work out the whole-number multiplication first, then scale down by the total number of decimal places.",,,,,,,
570,123e,123,3,No,Calculate 3.6 x 0.2 by using 36 x 2 first.,0.72,7.2,72,"36x2=72. Since 3.6 and 0.2 introduce 2 decimal places between them, scale down: 72÷100=0.72.","Work out the whole-number multiplication first, then scale down by the total number of decimal places.",,,,,,,
571,124a,124,2,No,12.6 ÷ 7 =,1.8,18,1.08,126÷7=18. Place the decimal point back: 1.8.,"Divide as if there's no decimal point, then place it back in.",,,,,,,
572,124a,124,1,No,8.4 ÷ 4 =,2.1,21,2.01,84÷4=21. Place the decimal point back: 2.1.,"Divide as if there's no decimal point, then place it back in.",,,,,,,
573,124a,124,1,No,6.9 ÷ 3 =,2.3,23,2.03,69÷3=23. Place the decimal point back: 2.3.,"Divide as if there's no decimal point, then place it back in.",,,,,,,
574,124a,124,3,No,9.6 ÷ 8 =,1.2,12,1.02,96÷8=12. Place the decimal point back: 1.2.,"Divide as if there's no decimal point, then place it back in.",,,,,,,
575,124b,124,1,No,0.9 ÷ 6 =,0.15,1.5,0.5,"9÷6=1.5, and scaling for the decimal place gives 0.9÷6=0.15.",Divide as usual — the answer may need more decimal places than the question.,,,,,,,
576,124b,124,2,No,0.7 ÷ 4 =,0.175,1.75,0.017,"7÷4=1.75, and scaling for the decimal place gives 0.7÷4=0.175.",Divide as usual — the answer may need more decimal places than the question.,,,,,,,
577,124b,124,2,No,2.1 ÷ 4 =,0.525,5.25,0.0525,"21÷4=5.25, and scaling for the decimal place gives 2.1÷4=0.525.",Divide as usual — the answer may need more decimal places than the question.,,,,,,,
578,124b,124,3,No,1.3 ÷ 8 =,0.1625,1.625,0.01625,"13÷8=1.625, and scaling for the decimal place gives 1.3÷8=0.1625.",Divide as usual — the answer may need more decimal places than the question.,,,,,,,
579,124c,124,3,No,Find the number halfway between 0.15 and 0.35.,0.25,0.1,0.5,Add the numbers and halve: (0.15+0.35)÷2=0.5÷2=0.25.,"Add the two numbers together, then halve the result.",,,,,,,
580,124c,124,1,No,Find the number halfway between 0.5 and 0.9.,0.7,0.4,1.4,Add the numbers and halve: (0.5+0.9)÷2=1.4÷2=0.7.,"Add the two numbers together, then halve the result.",,,,,,,
581,124c,124,1,No,Find the number halfway between 1.2 and 3.4.,2.3,1.1,4.6,Add the numbers and halve: (1.2+3.4)÷2=4.6÷2=2.3.,"Add the two numbers together, then halve the result.",,,,,,,
582,124c,124,2,No,Find the number halfway between 2.6 and 3.8.,3.2,1.2,6.4,Add the numbers and halve: (2.6+3.8)÷2=6.4÷2=3.2.,"Add the two numbers together, then halve the result.",,,,,,,
583,124d,124,3,No,3.15 is halfway between 2.9 and another number. Find the other number.,3.4,0.25,3.05,"The gap from 2.9 to 3.15 is 0.25, so the other number is 3.15+0.25=3.4.","Find the gap between the known number and the halfway point, then add that same gap again.",,,,,,,
584,124d,124,2,No,1.8 is halfway between 1.2 and another number. Find the other number.,2.4,0.6,1.5,"The gap from 1.2 to 1.8 is 0.6, so the other number is 1.8+0.6=2.4.","Find the gap between the known number and the halfway point, then add that same gap again.",,,,,,,
585,124d,124,3,No,2.5 is halfway between 1.5 and another number. Find the other number.,3.5,1,4,"The gap from 1.5 to 2.5 is 1, so the other number is 2.5+1=3.5.","Find the gap between the known number and the halfway point, then add that same gap again.",,,,,,,
586,125a,125,1,No,"Given that 8 ÷ 4 = 2, work out 0.8 ÷ 0.4.",2,0.2,20,"Both numbers are 10 times smaller than in the given fact, so the answer stays the same: 2.","If both numbers scale by the same amount, the answer doesn't change.",,,,,,,
587,125a,125,2,No,"Given that 9 ÷ 3 = 3, work out 0.9 ÷ 0.3.",3,0.3,30,"Both numbers are 10 times smaller than in the given fact, so the answer stays the same: 3.","If both numbers scale by the same amount, the answer doesn't change.",,,,,,,
588,125b,125,1,No,"Given that 6 x 7 = 42, work out 4.2 ÷ 0.7.",6,0.6,60,"4.2÷0.7 is the same calculation as 42÷7 (both scaled by 10), and 42÷7=6.","Scale both numbers up to remove the decimals, then use the given fact.",,,,,,,
589,125b,125,2,No,"Given that 5 x 8 = 40, work out 4.0 ÷ 0.8.",5,0.5,50,"4.0÷0.8 is the same calculation as 40÷8 (both scaled by 10), and 40÷8=5.","Scale both numbers up to remove the decimals, then use the given fact.",,,,,,,
590,125c,125,1,No,9 ÷ 0.25 =,36,2.25,3.6,Dividing by 0.25 is the same as multiplying by 4: 9x4=36.,Dividing by a quarter is the same as multiplying by 4.,,,,,,,
591,125c,125,1,No,7 ÷ 0.5 =,14,3.5,1.4,Dividing by 0.5 is the same as multiplying by 2: 7x2=14.,Dividing by a half is the same as doubling.,,,,,,,
592,125d,125,2,No,6 ÷ 0.75 =,8,4.5,0.8,Dividing by 0.75 (three quarters) is the same as multiplying by 4/3: 6x4/3=8.,Dividing by three quarters is the same as multiplying by four thirds.,,,,,,,
593,125d,125,3,No,8 ÷ 0.4 =,20,3.2,2,Dividing by 0.4 (two fifths) is the same as multiplying by 5/2: 8x5/2=20.,Dividing by two fifths is the same as multiplying by five halves.,,,,,,,
594,125e,125,1,No,6 ÷ 0.2 =,30,1.2,3,Scale both numbers by 10 to remove the decimal: 6÷0.2=60÷2=30.,Multiply both numbers by 10 (or 100) until the divisor is a whole number.,,,,,,,
595,125e,125,2,No,9 ÷ 0.3 =,30,2.7,3,Scale both numbers by 10 to remove the decimal: 9÷0.3=90÷3=30.,Multiply both numbers by 10 (or 100) until the divisor is a whole number.,,,,,,,
596,125f,125,2,No,4.8 ÷ 0.6 =,8,0.8,80,Scale both numbers by 10 to remove the decimal: 4.8÷0.6=48÷6=8.,Multiply both numbers by 10 (or 100) until the divisor is a whole number.,,,,,,,
597,125f,125,3,No,7.2 ÷ 0.9 =,8,0.8,80,Scale both numbers by 10 to remove the decimal: 7.2÷0.9=72÷9=8.,Multiply both numbers by 10 (or 100) until the divisor is a whole number.,,,,,,,
598,125g,125,3,No,"Write 3.6 ÷ 0.4 as a fraction with a whole-number denominator, then evaluate.",9,0.9,90,3.6÷0.4=36/4 (scaling both by 10)=9.,Multiply both numbers by the same power of 10 so the denominator becomes a whole number.,,,,,,,
599,125g,125,3,No,"Write 5.4 ÷ 0.6 as a fraction with a whole-number denominator, then evaluate.",9,0.9,90,5.4÷0.6=54/6 (scaling both by 10)=9.,Multiply both numbers by the same power of 10 so the denominator becomes a whole number.,,,,,,,
600,125h,125,3,No,"Write 12 ÷ 0.4 as a fraction with a whole-number denominator, then evaluate.",30,3,300,12÷0.4=120/4 (scaling both by 10)=30.,Multiply both numbers by the same power of 10 so the denominator becomes a whole number.,,,,,,,
601,127a,127,1,No,3 pens cost £1.20 each. Find the total cost.,£3.60,£2.40,£4.20,3 x £1.20 = £3.60.,Multiply the cost of one item by the number of items.,,,,,,,
602,127b,127,1,No,An item costs £4.35. You pay with a £5 note. How much change do you get?,£0.65,£0.75,£1.65,£5.00 - £4.35 = £0.65.,Subtract the cost from the amount paid.,,,,,,,
603,127c,127,1,No,4 identical notebooks cost £8.00 in total. Find the cost of one notebook.,£2.00,£4.00,£1.50,£8.00 ÷ 4 = £2.00.,Divide the total cost by the number of items.,,,,,,,
604,127d,127,1,No,Apples cost 50p each. How many can you buy with £3?,6,5,8,"£3 = 300p, and 300÷50=6.","Convert to the same unit, then divide.",,,,,,,
605,127e,127,2,No,Stickers cost 35p each. How many can you buy with £4.20?,12,10,14,£4.20=420p. 420÷35=12.,"Convert to pence, then divide by the cost of one item.",,,,,,,
606,127f,127,2,No,3 friends share the cost of a £27.60 meal equally. How much does each pay?,£9.20,£8.20,£9.60,£27.60 ÷ 3 = £9.20.,Divide the total cost by the number of people.,,,,,,,
607,127g,127,2,No,A £3.40 sandwich and £1.20 drink are paid for with £10. How much change?,£5.40,£4.60,£5.60,£3.40+£1.20=£4.60. £10.00-£4.60=£5.40.,"Add the item costs first, then subtract from the amount paid.",,,,,,,
608,127h,127,2,No,A shop buys a toy for £8 and sells it for £11. What is the total profit on 5 toys?,£15,£11,£95,Profit per toy: £11-£8=£3. Total profit for 5 toys: 5x£3=£15.,"Find the profit on one item first, then multiply by the number sold.",,,,,,,
609,127i,127,3,No,Shop A sells 6 juices for £3.60. Shop B charges 65p each. Which is better value per item?,Shop A,Shop B,They are equal,"Shop A: £3.60÷6=£0.60 per item. Shop B: £0.65 per item. £0.60<£0.65, so Shop A is better value.","Work out the cost per single item for each shop, then compare.",,,,,,,
610,127j,127,3,No,You spend £15 total on 3 identical books and a £3 bookmark. Find the cost of one book.,£4,£5,£6,Subtract the bookmark: £15-£3=£12. Divide by 3: £12÷3=£4.,"Subtract the cost of the other item first, then divide by the number of identical items.",,,,,,,
611,127k,127,3,No,"2 identical shirts, a £4 belt and a £6 hat cost £22. Find the cost of one shirt.",£6,£8,£11,Subtract the belt and hat: £22-£4-£6=£12. Divide by 2: £12÷2=£6.,"Subtract the cost of the other items first, then divide by the number of identical items.",,,,,,,
612,127l,127,3,No,"After spending £14 from £20, how many £1.50 items can you buy with the remainder?",4,3,5,Remaining money: £20-£14=£6. Number of items: £6÷£1.50=4.,"Find the remaining amount first, then divide by the cost of one item.",,,,,,,
613,128a,128,1,No,"Given that 4 x 3 = 12, work out 4 x 30.",120,12,1200,"30 is 3x10, so the answer is 10 times bigger: 12x10=120.",Use the given fact and scale it up by the same amount as the question.,,,,,,,
614,128b,128,1,No,"Given that 20 ÷ 4 = 5, work out 200 ÷ 4.",50,5,500,"200 is 20x10, so the answer is 10 times bigger: 5x10=50.",Use the given fact and scale it up by the same amount as the question.,,,,,,,
615,128c,128,2,No,"Given that 6 x 9 = 54, work out 540 ÷ 9.",60,6,600,"540 is 54x10, so the answer is 10 times bigger: 6x10=60.","Use the given fact in reverse, then scale by the same amount as the question.",,,,,,,
616,128d,128,1,No,"For every 2 red beads there are 3 blue. If there are 6 red beads, how many blue beads are there?",9,6,12,"6 red beads is 3 groups of 2, so add 3 blue beads three times: 3+3+3=9.","Work out how many groups of the ratio there are, then add the blue amount that many times.",,,,,,,
617,128e,128,2,No,"For every 3 cups of flour, a recipe needs 2 cups of sugar. How much sugar for 15 cups of flour?",10,12,9,"15÷3=5, so multiply the sugar amount by 5: 2x5=10.","Work out how many times bigger the given amount is, then multiply the other amount by the same factor.",,,,,,,
618,128g,128,1,No,Sam has 4 sweets and Alex has 7. Write the ratio Sam:Alex.,4:07,7:04,4:11,Sam's amount comes first: 4:7.,"Write the amounts in the order they're asked for, separated by a colon.",,,,,,,
619,128h,128,2,No,"Flour:sugar = 2:5. If there are 4 cups of flour, how much sugar is needed, using repeated addition?",10,8,12,"4 cups of flour is 2 groups of 2, so add 5 cups of sugar twice: 5+5=10.","Work out how many groups of the ratio there are, then add the other amount that many times.",,,,,,,
620,128i,128,3,No,"Blue:white paint = 3:4. If 12L blue are used, how much white is needed?",16,12,9,"12÷3=4, so multiply the white amount by 4: 4x4=16.","Work out the scale factor between the given amounts, then apply it to the other amount.",,,,,,,
621,128j,128,2,No,"On a map, 2cm represents 5km in real life. How many km does 8cm represent?",20,16,10,"8cm is 4 times 2cm, so multiply the real distance by 4: 5x4=20.","Work out how many times bigger the map distance is, then scale the real distance the same way.",,,,,,,
622,128k,128,3,No,A recipe for 4 people needs 300g of pasta. How much pasta is needed for 12 people?,900g,600g,1200g,"12 people is 3 times 4 people, so multiply the pasta amount by 3: 300x3=900g.","Work out how many times bigger the new amount of people is, then scale the ingredient by the same factor.",,,,,,,
623,128l,128,3,No,3 identical calculators cost £24 in total. Find the cost of 7 calculators.,£56,£48,£63,One calculator costs £24÷3=£8. 7 calculators cost 7x£8=£56.,"Find the cost of one item first, then multiply by the number needed.",,,,,,,
624,128l,128,3,No,5 identical tickets cost £45 in total. Find the cost of 8 tickets.,£72,£64,£81,One ticket costs £45÷5=£9. 8 tickets cost 8x£9=£72.,"Find the cost of one item first, then multiply by the number needed.",,,,,,,
625,129a,129,1,No,Two similar rectangles have corresponding sides 5cm and 15cm. Write the ratio smaller:larger.,5:15,15:05,5:10,The smaller side comes first: 5:15.,"Write the sides in the order asked for, separated by a colon.",,,,,,,
626,129a,129,1,No,Two similar triangles have corresponding sides 3cm and 9cm. Write the ratio smaller:larger.,3:09,9:03,3:06,The smaller side comes first: 3:9.,"Write the sides in the order asked for, separated by a colon.",,,,,,,
627,129a,129,2,No,Two similar shapes have corresponding sides 4cm and 20cm. Write the ratio smaller:larger.,4:20,20:04,4:16,The smaller side comes first: 4:20.,"Write the sides in the order asked for, separated by a colon.",,,,,,,
628,129a,129,3,No,Two similar shapes have corresponding sides 6cm and 18cm. Write the ratio smaller:larger.,6:18,18:06,6:12,The smaller side comes first: 6:18.,"Write the sides in the order asked for, separated by a colon.",,,,,,,
629,129a,129,3,No,Two similar shapes have corresponding sides 2cm and 14cm. Write the ratio smaller:larger.,2:14,14:02,2:12,The smaller side comes first: 2:14.,"Write the sides in the order asked for, separated by a colon.",,,,,,,
630,129b,129,1,No,Shape A has a 5cm side. Shape B is similar with scale factor 3. Find the corresponding side on B.,15cm,8cm,5cm,Multiply the side length by the scale factor: 5x3=15cm.,Multiply the known side by the scale factor.,,,,,,,
631,129b,129,1,No,Shape A has a 7cm side. Shape B is similar with scale factor 2. Find the corresponding side on B.,14cm,9cm,7cm,Multiply the side length by the scale factor: 7x2=14cm.,Multiply the known side by the scale factor.,,,,,,,
632,129b,129,2,No,Shape A has a 4cm side. Shape B is similar with scale factor 5. Find the corresponding side on B.,20cm,9cm,4cm,Multiply the side length by the scale factor: 4x5=20cm.,Multiply the known side by the scale factor.,,,,,,,
633,129b,129,2,No,Shape A has a 6cm side. Shape B is similar with scale factor 4. Find the corresponding side on B.,24cm,10cm,6cm,Multiply the side length by the scale factor: 6x4=24cm.,Multiply the known side by the scale factor.,,,,,,,
634,129b,129,3,No,Shape A has a 9cm side. Shape B is similar with scale factor 3. Find the corresponding side on B.,27cm,12cm,9cm,Multiply the side length by the scale factor: 9x3=27cm.,Multiply the known side by the scale factor.,,,,,,,
635,129c,129,1,No,Shape A has a 4cm side; corresponding side on similar B is 12cm. Find the scale factor A to B.,3,8,16,Divide the new length by the original: 12÷4=3.,Divide the new side length by the original side length.,,,,,,,
636,129c,129,2,No,Shape A has a 3cm side; corresponding side on similar B is 18cm. Find the scale factor A to B.,6,15,21,Divide the new length by the original: 18÷3=6.,Divide the new side length by the original side length.,,,,,,,
637,129c,129,2,No,Shape A has a 5cm side; corresponding side on similar B is 10cm. Find the scale factor A to B.,2,5,15,Divide the new length by the original: 10÷5=2.,Divide the new side length by the original side length.,,,,,,,
638,129c,129,3,No,Shape A has a 6cm side; corresponding side on similar B is 30cm. Find the scale factor A to B.,5,24,36,Divide the new length by the original: 30÷6=5.,Divide the new side length by the original side length.,,,,,,,
639,129c,129,3,No,Shape A has an 8cm side; corresponding side on similar B is 24cm. Find the scale factor A to B.,3,16,32,Divide the new length by the original: 24÷8=3.,Divide the new side length by the original side length.,,,,,,,
640,130a,130,1,No,Calculate 50% of 84 without a calculator.,42,44,21,50% is half. Half of 84 is 42.,50% means half of the amount.,,,,,,,
641,130b,130,1,No,Calculate 10% of 250 without a calculator.,25,2.5,50,10% means dividing by 10. 250÷10=25.,10% means dividing by 10.,,,,,,,
642,130c,130,1,No,Calculate 5% of 160 without a calculator.,8,16,4,"5% is half of 10%. 10% of 160=16, so 5%=8.","Find 10% first, then halve it.",,,,,,,
643,130d,130,1,No,Calculate 1% of 300 without a calculator.,3,30,0.3,1% means dividing by 100. 300÷100=3.,1% means dividing by 100.,,,,,,,
644,130e,130,1,No,Calculate 25% of 88 without a calculator.,22,44,11,25% is a quarter. 88÷4=22.,25% means dividing by 4.,,,,,,,
645,130f,130,2,No,"Calculate 70% of 120 without a calculator, using chunks of 10%.",84,12,70,10% of 120=12. 70% is seven lots of 10%: 12x7=84.,"Find 10% first, then multiply by the number of 10% chunks needed.",,,,,,,
646,130f,130,2,No,"Calculate 30% of 90 without a calculator, using chunks of 10%.",27,9,30,10% of 90=9. 30% is three lots of 10%: 9x3=27.,"Find 10% first, then multiply by the number of 10% chunks needed.",,,,,,,
647,130g,130,2,No,"Calculate 15% of 60 without a calculator, using chunks of 10% and 5%.",9,6,12,"10% of 60=6, and 5% is half of that=3. 15%=10%+5%=6+3=9.",Build up the percentage from 10% and 5% chunks.,,,,,,,
648,130g,130,2,No,"Calculate 35% of 80 without a calculator, using chunks of 10% and 5%.",28,24,32,"10% of 80=8. 30% (three lots of 10%)=24, and 5% is half of 10%=4. 35%=30%+5%=24+4=28.",Build up the percentage from 10% and 5% chunks.,,,,,,,
649,130h,130,3,No,"Calculate 23% of 200 without a calculator, using 1% chunks.",46,23,44,1% of 200=2. 23% is twenty-three lots of 1%: 2x23=46.,"Find 1% first, then multiply by the percentage needed.",,,,,,,
650,130h,130,2,No,"Calculate 12% of 50 without a calculator, using 1% chunks.",6,5,12,1% of 50=0.5. 12% is twelve lots of 1%: 0.5x12=6.,"Find 1% first, then multiply by the percentage needed.",,,,,,,
651,130i,130,3,No,"An £80 jacket is reduced by 25%, then £5 off. Find the new price.",£55,£60,£65,25% of £80=£20. £80-£20=£60. Then £60-£5=£55.,"Work out the percentage reduction first, then subtract the extra amount.",,,,,,,
652,130i,130,3,No,"In a survey, 20% like tea only and 30% like coffee only. What percentage like neither?",50%,40%,60%,"20%+30%=50% like one of the drinks, so 100%-50%=50% like neither.","Add the known percentages together, then subtract from 100%.",,,,,,,
653,130j,130,3,No,"A shop has 60 items. 1/3 are on sale and 20% are new. How many are on sale or new, assuming no overlap?",32,20,40,1/3 of 60=20 (on sale). 20% of 60=12 (new arrivals). Total: 20+12=32.,"Work out each group separately, then add them together.",,,,,,,
654,130j,130,3,No,A school has 200 students. 1/4 are Year 7 and 30% are Year 8. How many are in Year 7 or Year 8?,110,80,120,1/4 of 200=50 (Year 7). 30% of 200=60 (Year 8). Total: 50+60=110.,"Work out each group separately, then add them together.",,,,,,,
655,131b,131,1,No,A pie chart is split into 10 equal sectors. What fraction does one sector represent?,'1/10,'1/5,'1/9,"Each sector represents an equal share of the whole: 1 out of 10 sectors, so 1/10.",Divide 1 by the number of equal sectors.,,,,,,,
656,131b,131,1,No,A pie chart is split into 4 equal sectors. What fraction does one sector represent?,'1/4,'1/2,'1/3,"Each sector represents an equal share of the whole: 1 out of 4 sectors, so 1/4.",Divide 1 by the number of equal sectors.,,,,,,,
657,131c,131,2,No,A pie chart represents 45 people and has 9 equal sectors. How many people do two sectors represent?,10,5,20,One sector: 45÷9=5. Two sectors: 5x2=10.,"Find the amount for one sector first, then multiply by the number of sectors needed.",,,,,,,
658,131c,131,1,No,A pie chart represents 24 people and has 6 equal sectors. How many people does one sector represent?,4,6,3,24÷6=4 people per sector.,Divide the total by the number of equal sectors.,,,,,,,
659,131g,131,3,No,A pie chart represents 90 people. One category has 15 people. Find its angle.,60°,54°,40°,15/90 of the full circle: (15÷90)x360=60°.,"Find the fraction of the total first, then multiply by 360°.",,,,,,,
660,131g,131,2,No,A pie chart is split into 5 equal sectors. Find the angle of one sector.,72°,60°,90°,360÷5=72°.,Divide 360° by the number of equal sectors.,,,,,,,
661,131g,131,2,No,A pie chart is split into 8 equal sectors. Find the angle of one sector.,45°,40°,36°,360÷8=45°.,Divide 360° by the number of equal sectors.,,,,,,,
662,131h,131,1,No,A pie chart sector is 90°. What percentage does it represent?,25%,90%,45%,90÷360x100=25%.,"Divide the angle by 360, then multiply by 100.",,,,,,,
663,131h,131,2,No,A pie chart sector is 72°. What percentage does it represent?,20%,72%,18%,72÷360x100=20%.,"Divide the angle by 360, then multiply by 100.",,,,,,,
664,131i,131,3,No,15% of 200 visitors bought tickets online. How many visitors?,30,15,20,15% of 200: 0.15x200=30.,Multiply the total by the decimal equivalent of the percentage.,,,,,,,
665,131i,131,2,No,A pie chart shows 40% of 65 respondents prefer tea. How many respondents prefer tea?,26,25,40,40% of 65: 0.4x65=26.,Multiply the total by the decimal equivalent of the percentage.,,,,,,,
666,131i,131,1,No,A pie chart shows 25% of a class of 32 own a pet. How many students own a pet?,8,25,7,25% of 32: 32÷4=8.,Find 25% by dividing by 4.,,,,,,,
667,131j,131,3,No,"Pie chart A represents 120 people; X is 10%. Pie chart B represents 90 people; Y is 15%. Which represents more people, X or Y?",Y,X,They are equal,"X=10% of 120=12. Y=15% of 90=13.5. 13.5>12, so Y is bigger.","Work out the actual number of people each sector represents, then compare.",,,,,,,
668,131j,131,3,No,"Pie chart A represents 40 people; X is 25%. Pie chart B represents 60 people; Y is 20%. Which represents more people, X or Y?",Y,X,They are equal,"X=25% of 40=10. Y=20% of 60=12. 12>10, so Y is bigger.","Work out the actual number of people each sector represents, then compare.",,,,,,,
669,131j,131,3,No,"Pie chart A represents 80 people; X is 30%. Pie chart B represents 50 people; Y is 40%. Which represents more people, X or Y?",X,Y,They are equal,"X=30% of 80=24. Y=40% of 50=20. 24>20, so X is bigger.","Work out the actual number of people each sector represents, then compare.",,,,,,,
670,132a,132,3,No,"Calculate the mean of 12, 18, 7, 23, 15, 9.",14,13,84,Add the numbers: 12+18+7+23+15+9=84. Divide by how many there are: 84÷6=14.,"Add all the values, then divide by how many there are.",,,,,,,
671,132a,132,2,No,"Calculate the mean of 3, 10, 14, 17, 21.",13,13.5,65,Add the numbers: 3+10+14+17+21=65. Divide by how many there are: 65÷5=13.,"Add all the values, then divide by how many there are.",,,,,,,
672,132a,132,1,No,"Calculate the mean of 5, 7, 9, 11.",8,7,9,Add the numbers: 5+7+9+11=32. Divide by how many there are: 32÷4=8.,"Add all the values, then divide by how many there are.",,,,,,,
673,132a,132,1,No,"Calculate the mean of 2, 4, 6.",4,3,6,Add the numbers: 2+4+6=12. Divide by how many there are: 12÷3=4.,"Add all the values, then divide by how many there are.",,,,,,,
674,132b,132,2,No,The mean of 7 numbers is 11. Find their total.,77,18,1.57,Total = mean x count: 11x7=77.,Multiply the mean by how many numbers there are.,,,,,,,
675,132b,132,3,No,The mean of 9 numbers is 15. Find their total.,135,24,1.67,Total = mean x count: 15x9=135.,Multiply the mean by how many numbers there are.,,,,,,,
676,132b,132,1,No,The mean of 4 numbers is 6. Find their total.,24,10,1.5,Total = mean x count: 6x4=24.,Multiply the mean by how many numbers there are.,,,,,,,
677,132b,132,1,No,The mean of 5 numbers is 9. Find their total.,45,14,1.8,Total = mean x count: 9x5=45.,Multiply the mean by how many numbers there are.,,,,,,,
678,132c,132,2,No,"6 numbers have a mean of 10. Five of them are 8, 12, 9, 11 and 7. Find the sixth number.",13,47,12,Total needed: 10x6=60. Sum so far: 8+12+9+11+7=47. Missing number: 60-47=13.,"Work out the total needed from the mean, then subtract the known numbers.",,,,,,,
679,132c,132,3,No,"5 numbers have a mean of 12. Four of them are 15, 9, 14 and 8. Find the fifth number.",14,46,13,Total needed: 12x5=60. Sum so far: 15+9+14+8=46. Missing number: 60-46=14.,"Work out the total needed from the mean, then subtract the known numbers.",,,,,,,
680,132c,132,2,No,"5 numbers have a mean of 8. Four of them are 6, 9, 7 and 10. Find the fifth number.",8,32,9,Total needed: 8x5=40. Sum so far: 6+9+7+10=32. Missing number: 40-32=8.,"Work out the total needed from the mean, then subtract the known numbers.",,,,,,,
681,132c,132,1,No,"4 numbers have a mean of 5. Three of them are 3, 6 and 4. Find the fourth number.",7,13,6,Total needed: 5x4=20. Sum so far: 3+6+4=13. Missing number: 20-13=7.,"Work out the total needed from the mean, then subtract the known numbers.",,,,,,,
682,132d,132,3,No,"Class A scores: 60, 70, 80. Class B: 65, 75, 85, 95. Which has the higher mean?",Class B,Class A,They are equal,"Class A's mean: 210÷3=70. Class B's mean: 320÷4=80. 80>70, so Class B is higher.","Calculate the mean for each class, then compare.",,,,,,,
683,132d,132,3,No,"Group A scores 12, 18, 20, 14, 16. Group B scores 10, 15, 20, 25. Which has the higher mean?",Group B,Group A,They are equal,"Group A's mean: 80÷5=16. Group B's mean: 70÷4=17.5. 17.5>16, so Group B is higher.","Calculate the mean for each group, then compare.",,,,,,,
684,132d,132,2,No,"Team A scores 4, 6, 8, 10. Team B scores 5, 7, 9, 11. Which has the higher mean?",Team B,Team A,They are equal,"Team A's mean: 28÷4=7. Team B's mean: 32÷4=8. 8>7, so Team B is higher.","Calculate the mean for each team, then compare.",,,,,,,
685,133a,133,1,No,A function machine multiplies the input by 4. Find the output when the input is 6.,24,10,1.5,6x4=24.,Apply the operation to the input.,,,,,,,
686,133a,133,1,No,A function machine adds 7 to the input. Find the output when the input is 5.,12,35,2,5+7=12.,Apply the operation to the input.,,,,,,,
687,133b,133,2,No,A function machine multiplies the input by 3. The output is 21. Find the input.,7,63,18,Reverse the operation: 21÷3=7.,Do the opposite operation to the output.,,,,,,,
688,133b,133,1,No,A function machine adds 9 to the input. The output is 15. Find the input.,6,24,9,Reverse the operation: 15-9=6.,Do the opposite operation to the output.,,,,,,,
689,133c,133,1,No,A function machine turns an input of 8 into an output of 40. What operation is used?,Multiply by 5,Add 32,Multiply by 4,"40÷8=5, so the machine multiplies by 5.",Divide the output by the input to find the multiplier.,,,,,,,
690,133c,133,2,No,A function machine turns an input of 20 into an output of 4. What operation is used?,Divide by 5,Subtract 16,Divide by 4,"20÷4=5, so the machine divides by 5.",Divide the input by the output to find the divisor.,,,,,,,
691,133d,133,2,No,A function machine ×3 then −5. Find the output for input 6.,13,18,3,Multiply by 3: 6x3=18. Subtract 5: 18-5=13.,"Apply each step in order, one at a time.",,,,,,,
692,133d,133,3,No,A function machine −2 then ×4. Find the output for input 9.,28,34,7,Subtract 2: 9-2=7. Multiply by 4: 7x4=28.,"Apply each step in order, one at a time.",,,,,,,
693,133d,133,2,No,"A function machine adds 3, then multiplies by 2. Find the output when the input is 4.",14,11,8,Add 3: 4+3=7. Multiply by 2: 7x2=14.,"Apply each step in order, one at a time.",,,,,,,
694,133e,133,3,No,"A function machine subtracts 4, then multiplies by 5. The output is 25. Find the input.",9,5,1,Reverse the steps in opposite order: divide by 5: 25÷5=5. Add 4: 5+4=9.,"Undo each step in reverse order, starting with the last operation applied.",,,,,,,
695,133e,133,3,No,"A function machine adds 5, then multiplies by 3. The output is 30. Find the input.",5,9,15,Reverse the steps in opposite order: divide by 3: 30÷3=10. Subtract 5: 10-5=5.,"Undo each step in reverse order, starting with the last operation applied.",,,,,,,
696,133e,133,3,No,"A function machine multiplies by 2, then adds 7. The output is 21. Find the input.",7,14,28,Reverse the steps in opposite order: subtract 7: 21-7=14. Divide by 2: 14÷2=7.,"Undo each step in reverse order, starting with the last operation applied.",,,,,,,
697,134a,134,1,No,I am thinking of a whole number between 10 and 20 that is a multiple of both 3 and 4. What is it?,12,16,18,The only number between 10 and 20 that is a multiple of both 3 and 4 is 12.,"Find the lowest common multiple of 3 and 4, then check it's in range.",,,,,,,
698,134a,134,1,No,A whole number between 24 and 30 is a multiple of 7. What is it?,28,21,35,The only multiple of 7 between 24 and 30 is 28.,List the multiples of 7 and pick the one within the range.,,,,,,,
699,134b,134,1,No,Two numbers add to 18. One number is 4 more than the other. Find the two numbers.,11 and 7,9 and 9,14 and 4,Half the sum plus half the difference gives the larger number: (18+4)/2=11. The smaller is 18-11=7.,"Add the sum and difference together, then halve to find the larger number.",,,,,,,
700,134b,134,2,No,Two numbers add to 24. One number is 6 more than the other. Find the two numbers.,15 and 9,12 and 12,18 and 6,Half the sum plus half the difference gives the larger number: (24+6)/2=15. The smaller is 24-15=9.,"Add the sum and difference together, then halve to find the larger number.",,,,,,,
701,134b,134,3,No,Two numbers add to 35. One number is 7 more than the other. Find the two numbers.,21 and 14,18 and 17,24 and 11,Half the sum plus half the difference gives the larger number: (35+7)/2=21. The smaller is 35-21=14.,"Add the sum and difference together, then halve to find the larger number.",,,,,,,
702,134c,134,3,No,z is a whole number. 30<z<50 and z is a multiple of both 6 and 8. Find z.,48,24,40,The lowest common multiple of 6 and 8 is 24. The only multiple of 24 between 30 and 50 is 48.,Find the lowest common multiple of the two numbers first.,,,,,,,
703,134c,134,2,No,w is a whole number. 15<w<25 and w is a multiple of both 4 and 6. Find w.,24,20,18,The lowest common multiple of 4 and 6 is 12. The only multiple of 12 between 15 and 25 is 24.,Find the lowest common multiple of the two numbers first.,,,,,,,
704,134c,134,1,No,x is a whole number. 10<x<15 and x is a multiple of 4. Find x.,12,14,11,The only multiple of 4 between 10 and 15 is 12.,List multiples of 4 and check which fall in the range.,,,,,,,
705,134c,134,2,No,y is a whole number. 20<y<30 and y is a multiple of 9. Find y.,27,18,36,The only multiple of 9 between 20 and 30 is 27.,List multiples of 9 and check which fall in the range.,,,,,,,
706,134d,134,3,No,2x + y = 20 and x = 6. Find y.,8,14,32,"Substitute x=6: 2(6)+y=20, so 12+y=20, giving y=8.","Substitute the known value first, then solve for the remaining variable.",,,,,,,
707,134d,134,3,No,3x+y=25 and x=7. Find y.,4,10,46,"Substitute x=7: 3(7)+y=25, so 21+y=25, giving y=4.","Substitute the known value first, then solve for the remaining variable.",,,,,,,
708,134d,134,2,No,y = x + 5 and y = 12. Find x.,7,17,5,"Substitute y=12: 12=x+5, so x=12-5=7.","Substitute the known value, then solve for x.",,,,,,,
709,135c,135,2,No,"Describe the pattern: 1, 3, 6, 10, 15.","Add one more each time than the last step (add 2, then 3, then 4, then 5).",Add 3 each time.,Multiply by 2 each time.,"The gaps between terms increase by 1 each time: 3-1=2, 6-3=3, 10-6=4, 15-10=5.","Look at the gaps between terms, not just the terms themselves.",,,,,,,
710,135c,135,3,No,"Describe the pattern: 100, 50, 25, 12.5.",Divide by 2 (halve) each time.,Subtract 25 each time.,Divide by 4 each time.,"Each term is half the previous term: 50÷2=25, 25÷2=12.5.",Check whether each term is found by dividing or subtracting.,,,,,,,
711,135c,135,2,No,"Describe the pattern: 2, 4, 8, 16, 32.",Multiply by 2 each time (double each term).,Add 2 each time.,Add 4 each time.,"Each term is double the previous term: 4÷2=2, 8÷4=2, etc.",Check whether each term is found by adding or multiplying.,,,,,,,
712,135c,135,1,No,"Describe the pattern: 20, 17, 14, 11, 8.",Subtract 3 each time.,Add 3 each time.,Subtract 4 each time.,"Each term is 3 less than the previous term: 20-17=3, 17-14=3, etc.",Find the difference between consecutive terms.,,,,,,,
713,135c,135,1,No,"Describe the pattern: 4, 8, 12, 16, 20.",Add 4 each time.,Multiply by 4 each time.,Add 8 each time.,"Each term is 4 more than the previous term: 8-4=4, 12-8=4, etc.",Find the difference between consecutive terms.,,,,,,,
714,135c,135,3,No,"Describe the pattern: 3, 6, 11, 18, 27.","Add consecutive odd numbers each time (add 3, then 5, then 7, then 9).",Add 3 each time.,Multiply by 2 each time.,"The gaps between terms are 3, 5, 7, 9 — each gap is 2 more than the last, increasing by odd numbers.",Look at the gaps between consecutive terms.,,,,,,,
715,135c,135,3,No,"Describe the pattern: 1, 1, 2, 3, 5, 8.",Each term is the sum of the two terms before it.,Add 1 each time.,Multiply by 2 each time.,"1+1=2, 1+2=3, 2+3=5, 3+5=8 — each term is the sum of the previous two.",Try adding pairs of consecutive terms.,,,,,,,
716,135d,135,2,No,"Continue the pattern: 2, 6, 18, 54, __.",162,108,216,Each term is multiplied by 3: 54x3=162.,Work out what each term is multiplied by to get the next.,,,,,,,
717,135d,135,1,No,"Continue the pattern: 50, 45, 40, 35, __, __.","30, 25","32, 28","25, 20","Each term decreases by 5: 35-5=30, 30-5=25.","Find the gap between terms, then keep subtracting it.",,,,,,,
718,135d,135,2,No,"Continue the pattern: 1, 4, 9, 16, __, __.","25, 36","20, 25","21, 28","These are square numbers: 1²,2²,3²,4²,5²,6² = 1,4,9,16,25,36.",Check if each term is a number multiplied by itself.,,,,,,,
719,135d,135,1,No,"Continue the pattern: 5, 10, 15, 20, __, __.","25, 30","24, 28","22, 25","Each term increases by 5: 20+5=25, 25+5=30.","Find the gap between terms, then keep adding it.",,,,,,,
720,135d,135,1,No,"Continue the pattern: 3, 7, 11, 15, __, __.","19, 23","18, 21","17, 19","Each term increases by 4: 15+4=19, 19+4=23.","Find the gap between terms, then keep adding it.",,,,,,,
721,135d,135,3,No,"Continue the pattern: 3, 4, 6, 9, 13, __.",18,17,16,"The gap increases by 1 each time: 1,2,3,4,5. 13+5=18.",Look at how the gap between terms is changing.,,,,,,,
722,135d,135,3,No,"Continue the pattern: 1, 2, 4, 7, 11, __.",16,15,14,"The gap increases by 1 each time: 1,2,3,4,5. 11+5=16.",Look at how the gap between terms is changing.,,,,,,,
723,135d,135,2,No,"Continue the pattern: 100, 90, 81, __.",73,71,72,"The gap decreases by 1 each time: -10, then -9, then -8. 81-8=73.",Look at how the gap between terms is changing.,,,,,,,
724,136a,136,1,No,Find the value of 4n when n=6.,24,10,46,Substitute n=6: 4x6=24.,"Substitute the value, then multiply.",,,,,,,
725,136a,136,3,No,Find the value of 7n when n=9.,63,16,72,Substitute n=9: 7x9=63.,"Substitute the value, then multiply.",,,,,,,
726,136a,136,2,No,Find the value of n÷3 when n=18.,6,21,15,Substitute n=18: 18÷3=6.,"Substitute the value, then divide.",,,,,,,
727,136b,136,2,No,Find the value of 5n-4 when n=6.,26,26,10,Substitute n=6: 5x6-4=30-4=26.,"Substitute the value, multiply first, then subtract.",,,,,,,
728,136b,136,3,No,Find the value of 3n+8 when n=11.,41,33,52,Substitute n=11: 3x11+8=33+8=41.,"Substitute the value, multiply first, then add.",,,,,,,
729,136b,136,1,No,Find the value of 2n+5 when n=3.,11,16,8,Substitute n=3: 2x3+5=6+5=11.,"Substitute the value, multiply first, then add.",,,,,,,
730,136c,136,3,No,Find the value of 2a+3b when a=5 and b=6.,28,11,46,Substitute both values: 2x5+3x6=10+18=28.,"Substitute both values, work out each term separately, then add.",,,,,,,
731,136c,136,2,No,Find the value of ab when a=4 and b=7.,28,11,3,Substitute both values: 4x7=28.,"Substitute both values, then multiply.",,,,,,,
732,136c,136,1,No,Find the value of a+b when a=6 and b=9.,15,54,3,Substitute both values: 6+9=15.,"Substitute both values, then add.",,,,,,,
733,136d,136,2,No,"The perimeter, P, of a rectangle is P=2l+2w. Find P when l=8 and w=5.",26,13,40,"Substitute l=8, w=5: 2x8+2x5=16+10=26.","Substitute both values, then add the two products.",,,,,,,
734,136d,136,1,No,"A taxi costs C = 3 + 2m, where m is miles. Find C when m = 4.",11,14,9,Substitute m=4: 3+2x4=3+8=11.,"Substitute the value, multiply first, then add.",,,,,,,
735,136d,136,3,No,"The total pay, T, for a shift is T=8h+15, where h is hours worked. Find T when h=6.",63,48,78,Substitute h=6: 8x6+15=48+15=63.,"Substitute the value, multiply first, then add.",,,,,,,
736,136e,136,2,No,"2x+y=20. If x=6, find y.",8,14,32,"Substitute x=6: 2x6+y=20, so 12+y=20, giving y=8.","Substitute the known value first, then solve for the remaining variable.",,,,,,,
737,136e,136,3,No,"3x-y=14. If x=6, find y.",4,4,32,"Substitute x=6: 3x6-y=14, so 18-y=14, giving y=18-14=4.","Substitute the known value first, then solve for the remaining variable.",,,,,,,
738,136e,136,1,No,"x+y=12. If x=5, find y.",7,17,5,"Substitute x=5: 5+y=12, so y=12-5=7.","Substitute the known value, then solve for the remaining variable.",,,,,,,
739,138a,138,1,No,Calculate the area of a rectangle with length 12cm and width 3cm.,36cm²,30cm²,15cm²,Area = length x width = 12x3=36cm².,Multiply the length by the width.,,,,,,,
740,138a,138,1,No,Calculate the area of a rectangle with length 8cm and width 5cm.,40cm²,26cm²,13cm²,Area = length x width = 8x5=40cm².,Multiply the length by the width.,,,,,,,
741,138b,138,1,No,Calculate the area of a square with side length 6cm.,36cm²,24cm²,12cm²,Area = side x side = 6x6=36cm².,Multiply the side length by itself.,,,,,,,
742,138b,138,1,No,Calculate the area of a square with side length 9cm.,81cm²,36cm²,18cm²,Area = side x side = 9x9=81cm².,Multiply the side length by itself.,,,,,,,
743,138c,138,1,No,A rectangle has an area of 42cm² and a width of 6cm. Find its length.,7cm,36cm,48cm,Length = area ÷ width = 42÷6=7cm.,Divide the area by the known side.,,,,,,,
744,138c,138,2,No,A rectangle has an area of 96cm² and a length of 8cm. Find its width.,12cm,88cm,104cm,Width = area ÷ length = 96÷8=12cm.,Divide the area by the known side.,,,,,,,
745,138d,138,2,No,A square has an area of 100cm². Find its side length.,10cm,50cm,20cm,The side length is the square root of the area: √100=10cm.,Find the square root of the area.,,,,,,,
746,138d,138,2,No,A square has an area of 49cm². Find its side length.,7cm,24.5cm,14cm,The side length is the square root of the area: √49=7cm.,Find the square root of the area.,,,,,,,
747,138e,138,3,No,A rectangle has an area of 84cm² and a length of 12cm. Find its perimeter.,38cm,42cm,19cm,Width=84÷12=7cm. Perimeter=2x(12+7)=38cm.,"Find the missing side first using the area, then calculate the perimeter.",,,,,,,
748,138e,138,2,No,A rectangle has an area of 30cm² and a width of 5cm. Find its perimeter.,22cm,35cm,11cm,Length=30÷5=6cm. Perimeter=2x(6+5)=22cm.,"Find the missing side first using the area, then calculate the perimeter.",,,,,,,
749,138f,138,2,No,A square has an area of 64cm². Find its perimeter.,32cm,16cm,24cm,Side length=√64=8cm. Perimeter=4x8=32cm.,"Find the side length first using the area, then calculate the perimeter.",,,,,,,
750,138g,138,3,No,A rectangle is 12cm × 8cm. How many 4cm × 4cm rectangles tile it exactly?,6,3,12,Area of large rectangle=96cm². Area of small rectangle=16cm². Number needed=96÷16=6.,Divide the total area by the area of one small rectangle.,,,,,,,
751,138h,138,3,No,A rectangle has a perimeter of 34cm and a width of 7cm. Find its area.,70cm²,34cm²,140cm²,"Half the perimeter=17cm, so length=17-7=10cm. Area=10x7=70cm².","Find the missing side from the perimeter first, then calculate the area.",,,,,,,
752,138h,138,3,No,A square has a perimeter of 28cm. Find its area.,49cm²,28cm²,56cm²,Side length=28÷4=7cm. Area=7x7=49cm².,"Find the side length from the perimeter first, then calculate the area.",,,,,,,
753,138i,138,3,No,Carpet costs £8 per m². Find the cost of carpeting a room measuring 4m by 3m.,£96,£56,£84,Area=4x3=12m². Cost=12x£8=£96.,"Find the area first, then multiply by the cost per m².",,,,,,,
754,139a,139,1,No,Find the area of a parallelogram with base 10cm and height 5cm.,50cm²,30cm²,15cm²,Area = base x height = 10x5=50cm².,Multiply the base by the perpendicular height.,,,,,,,
755,139a,139,3,No,Find the area of a parallelogram with base 12cm and height 6cm.,72cm²,36cm²,18cm²,Area = base x height = 12x6=72cm².,Multiply the base by the perpendicular height.,,,,,,,
756,139a,139,3,No,Find the area of a parallelogram with base 15cm and height 8cm.,120cm²,60cm²,23cm²,Area = base x height = 15x8=120cm².,Multiply the base by the perpendicular height.,,,,,,,
757,139a,139,1,No,Find the area of a parallelogram with base 6cm and height 4cm.,24cm²,20cm²,10cm²,Area = base x height = 6x4=24cm².,Multiply the base by the perpendicular height.,,,,,,,
758,139a,139,2,No,Find the area of a parallelogram with base 7cm and height 9cm.,63cm²,32cm²,16cm²,Area = base x height = 7x9=63cm².,Multiply the base by the perpendicular height.,,,,,,,
759,139c,139,3,No,A parallelogram has an area of 136cm² and a height of 8cm. Find its base.,17cm,128cm,144cm,Base = area ÷ height = 136÷8=17cm.,Divide the area by the height.,,,,,,,
760,139c,139,1,No,A parallelogram has an area of 40cm² and a height of 8cm. Find its base.,5cm,32cm,48cm,Base = area ÷ height = 40÷8=5cm.,Divide the area by the height.,,,,,,,
761,139c,139,2,No,A parallelogram has an area of 72cm² and a height of 8cm. Find its base.,9cm,64cm,80cm,Base = area ÷ height = 72÷8=9cm.,Divide the area by the height.,,,,,,,
762,139c,139,3,No,A parallelogram has an area of 96cm² and a base of 12cm. Find its height.,8cm,84cm,108cm,Height = area ÷ base = 96÷12=8cm.,Divide the area by the base.,,,,,,,
763,139c,139,2,No,A parallelogram has an area of 54cm² and a base of 9cm. Find its height.,6cm,45cm,63cm,Height = area ÷ base = 54÷9=6cm.,Divide the area by the base.,,,,,,,
764,139d,139,2,No,A parallelogram has base 14cm and perpendicular height 5cm. Find its area.,70cm²,140cm²,36cm²,Area = base x height = 14x5=70cm². The slanted side length isn't needed.,Only the base and perpendicular height are needed — ignore the slanted side.,,,,,,,
765,139d,139,3,No,A parallelogram has base 18cm and perpendicular height 7cm. Find its area.,126cm²,234cm²,57cm²,Area = base x height = 18x7=126cm². The slanted side length isn't needed.,Only the base and perpendicular height are needed — ignore the slanted side.,,,,,,,
766,139d,139,2,No,A parallelogram has base 11cm and perpendicular height 6cm. Find its area.,66cm²,99cm²,34cm²,Area = base x height = 11x6=66cm². The slanted side length isn't needed.,Only the base and perpendicular height are needed — ignore the slanted side.,,,,,,,
767,139d,139,1,No,A parallelogram has base 8cm and perpendicular height 5cm. Find its area.,40cm²,56cm²,20cm²,Area = base x height = 8x5=40cm². The slanted side length isn't needed.,Only the base and perpendicular height are needed — ignore the slanted side.,,,,,,,
768,139d,139,1,No,A parallelogram has base 9cm and perpendicular height 4cm. Find its area.,36cm²,54cm²,19cm²,Area = base x height = 9x4=36cm². The slanted side length isn't needed.,Only the base and perpendicular height are needed — ignore the slanted side.,,,,,,,
769,140a,140,1,No,Find the area of a triangle with base 10cm and height 4cm.,20cm²,40cm²,14cm²,Area = 0.5 x base x height = 0.5x10x4=20cm².,"Multiply the base by the height, then halve it.",,,,,,,
770,140a,140,2,No,Find the area of a triangle with base 12cm and height 9cm.,54cm²,108cm²,21cm²,Area = 0.5 x base x height = 0.5x12x9=54cm².,"Multiply the base by the height, then halve it.",,,,,,,
771,140a,140,3,No,Find the area of a triangle with base 14cm and height 5cm.,35cm²,70cm²,19cm²,Area = 0.5 x base x height = 0.5x14x5=35cm².,"Multiply the base by the height, then halve it.",,,,,,,
772,140a,140,3,No,Find the area of a triangle with base 16cm and height 7cm.,56cm²,112cm²,23cm²,Area = 0.5 x base x height = 0.5x16x7=56cm².,"Multiply the base by the height, then halve it.",,,,,,,
773,140a,140,1,No,Find the area of a triangle with base 8cm and height 6cm.,24cm²,48cm²,14cm²,Area = 0.5 x base x height = 0.5x8x6=24cm².,"Multiply the base by the height, then halve it.",,,,,,,
774,140b,140,3,No,A triangle has an area of 90cm² and a height of 10cm. Find its base.,18cm,9cm,900cm,Base = (2 x area) ÷ height = (2x90)÷10=18cm.,"Double the area first, then divide by the height.",,,,,,,
775,140b,140,1,No,A triangle has an area of 30cm² and a height of 6cm. Find its base.,10cm,5cm,180cm,Base = (2 x area) ÷ height = (2x30)÷6=10cm.,"Double the area first, then divide by the height.",,,,,,,
776,140b,140,2,No,A triangle has an area of 42cm² and a height of 7cm. Find its base.,12cm,6cm,294cm,Base = (2 x area) ÷ height = (2x42)÷7=12cm.,"Double the area first, then divide by the height.",,,,,,,
777,140b,140,2,No,A triangle has an area of 48cm² and a base of 8cm. Find its height.,12cm,6cm,384cm,Height = (2 x area) ÷ base = (2x48)÷8=12cm.,"Double the area first, then divide by the base.",,,,,,,
778,140b,140,3,No,A triangle has an area of 63cm² and a base of 9cm. Find its height.,14cm,7cm,567cm,Height = (2 x area) ÷ base = (2x63)÷9=14cm.,"Double the area first, then divide by the base.",,,,,,,
779,140c,140,1,No,"A triangle has a base of 10cm, a height of 6cm, and a third side of 12cm. Find its area.",30cm²,60cm²,36cm²,Area = 0.5 x base x height = 0.5x10x6=30cm². The third side isn't needed.,Only the base and perpendicular height are needed — ignore the third side.,,,,,,,
780,140c,140,1,No,"A triangle has a base of 14cm, a height of 5cm, and a third side of 15cm. Find its area.",35cm²,70cm²,19cm²,Area = 0.5 x base x height = 0.5x14x5=35cm². The third side isn't needed.,Only the base and perpendicular height are needed — ignore the third side.,,,,,,,
781,140c,140,2,No,"A triangle has a base of 16cm, a height of 6cm, and a third side of 17cm. Find its area.",48cm²,96cm²,38cm²,Area = 0.5 x base x height = 0.5x16x6=48cm². The third side isn't needed.,Only the base and perpendicular height are needed — ignore the third side.,,,,,,,
782,140c,140,3,No,"A triangle has a base of 20cm, a height of 9cm, and a third side of 22cm. Find its area.",90cm²,180cm²,71cm²,Area = 0.5 x base x height = 0.5x20x9=90cm². The third side isn't needed.,Only the base and perpendicular height are needed — ignore the third side.,,,,,,,
783,140c,140,2,No,"A triangle has a base of 9cm, a height of 8cm, and a third side of 12cm. Find its area.",36cm²,72cm²,29cm²,Area = 0.5 x base x height = 0.5x9x8=36cm². The third side isn't needed.,Only the base and perpendicular height are needed — ignore the third side.,,,,,,,
784,141a,141,1,No,"What is the name for the distance across a circle, passing through its centre?",Diameter,Radius,Circumference,The diameter passes through the centre from one side to the other.,Think about which measurement passes through the middle.,,,,,,,
785,141a,141,2,No,What is the name for the distance all the way around the outside of a circle?,Circumference,Diameter,Radius,The circumference is the perimeter of a circle.,Think about the word used for a circle's perimeter.,,,,,,,
786,141a,141,1,No,What is the name for the distance from the centre of a circle to its edge?,Radius,Diameter,Circumference,The radius goes from the centre to the edge.,Think about which measurement starts at the middle.,,,,,,,
787,141a,141,3,No,Which term describes the curved boundary line that forms the edge of a circle?,Circumference,Diameter,Radius,The circumference is the curved line forming the circle's edge.,This is also the word for a circle's perimeter.,,,,,,,
788,141b,141,3,No,The radius of a circle is 6.5cm. Find the diameter.,13cm,3.25cm,8.5cm,Diameter = radius x 2 = 6.5x2=13cm.,The diameter is double the radius.,,,,,,,
789,141b,141,2,No,The radius of a circle is 9cm. Find the diameter.,18cm,4.5cm,11cm,Diameter = radius x 2 = 9x2=18cm.,The diameter is double the radius.,,,,,,,
790,141b,141,1,No,The diameter of a circle is 14cm. Find the radius.,7cm,28cm,21cm,Radius = diameter ÷ 2 = 14÷2=7cm.,The radius is half the diameter.,,,,,,,
791,141b,141,2,No,The diameter of a circle is 25cm. Find the radius.,12.5cm,50cm,23cm,Radius = diameter ÷ 2 = 25÷2=12.5cm.,The radius is half the diameter.,,,,,,,
792,141c,141,3,No,How many quarter circles are needed to make one full semicircle?,2,4,1,"A semicircle is half a circle, and a quarter circle is a quarter, so 2 quarter circles make a semicircle.","Work out what fraction of a full circle a semicircle is, then compare to a quarter.",,,,,,,
793,141c,141,3,No,Two semicircles are joined together along their straight edges. What shape do they form?,A circle,A semicircle,An oval,Two semicircles joined along their straight edges form a full circle.,Think about what happens when you combine two halves.,,,,,,,
794,141c,141,2,No,A circle is cut into 4 equal parts through its centre. What is each part called?,Quarter circle,Semicircle,Sector,A quarter of a circle is called a quarter circle.,Think about what a quarter means.,,,,,,,
795,141c,141,1,No,A circle is cut exactly in half through its centre. What is each half called?,Semicircle,Quarter circle,Sector,Half of a circle is called a semicircle.,Semi means half.,,,,,,,
796,142a,142,3,No,A 3D shape has a circular cross-section that decreases to a point. Name the shape.,Cone,Cylinder,Sphere,"A shape with a circular base narrowing to a point is a cone (not a prism, since the cross-section changes).",Think about whether the cross-section stays the same size.,,,,,,,
797,142a,142,3,No,A 3D shape has two identical hexagonal faces joined by rectangles. Name the shape.,Hexagonal prism,Hexagonal pyramid,Cylinder,Two identical hexagonal faces connected by rectangles describe a hexagonal prism.,Think about what shape the two identical end faces are.,,,,,,,
798,142a,142,2,No,Name a 3D shape with a rectangular cross-section that stays constant along its length.,Cuboid,Cube,Pyramid,"A shape with a constant rectangular cross-section is a cuboid, also called a rectangular prism.",A prism has the same cross-section all the way through.,,,,,,,
799,142a,142,1,No,Name a 3D shape with a triangular cross-section that stays constant along its length.,Triangular prism,Cone,Tetrahedron,A shape with a constant triangular cross-section is a triangular prism.,A prism has the same cross-section all the way through.,,,,,,,
800,142a,142,2,No,Name a 3D shape with a pentagonal cross-section that stays constant along its length.,Pentagonal prism,Pentagon,Pentagonal pyramid,A shape with a constant pentagonal cross-section is a pentagonal prism.,A prism has the same cross-section all the way through.,,,,,,,
801,142a,142,1,No,Name a 3D shape that has a circular cross-section and one curved surface.,Cylinder,Cone,Sphere,A cylinder has two circular faces and one curved surface.,Think of a can shape.,,,,,,,
802,142b,142,2,No,How many edges does a triangular prism have?,9,6,12,A triangular prism has 9 edges: 3 on each triangular face and 3 connecting them.,"Count the edges of both triangular faces, plus the edges joining them.",,,,,,,
803,142b,142,3,No,How many edges does a pentagonal prism have?,15,10,12,"A pentagonal prism has 5 edges on each pentagonal face (10 total) plus 5 connecting edges, totalling 15.","Count the edges of both pentagonal faces, plus the edges joining them.",,,,,,,
804,142b,142,1,No,How many triangular faces does a triangular prism have?,2,3,1,A triangular prism has 2 triangular faces at each end.,"Count only the two end faces, not the rectangular sides.",,,,,,,
805,142b,142,3,No,How many faces does a pentagonal prism have?,7,5,10,"A pentagonal prism has 2 pentagonal faces and 5 rectangular faces, totalling 7.",Count the two end faces plus the rectangular side faces.,,,,,,,
806,142b,142,1,No,How many rectangular faces does a triangular prism have?,3,2,5,A triangular prism has 2 triangular faces and 3 rectangular faces.,"Count the flat side faces, not the two triangular ends.",,,,,,,
807,142b,142,3,No,A hexagonal prism has how many rectangular faces?,6,2,8,A hexagonal prism has 2 hexagonal faces and 6 rectangular faces.,Count the side faces connecting the two hexagonal ends.,,,,,,,
808,142b,142,2,No,What shape is the cross-section of a cylinder?,Circle,Rectangle,Oval,A cylinder's cross-section (cut perpendicular to its length) is a circle.,Think about slicing straight across the shape.,,,,,,,
809,142b,142,2,No,How many vertices does a triangular prism have?,6,5,8,A triangular prism has 6 vertices: 3 on each triangular face.,Count the corners of both triangular faces.,,,,,,,
810,142b,142,1,No,How many faces does a cuboid have in total?,6,8,4,"A cuboid has 6 faces: top, bottom and 4 sides.","Count top, bottom, and all the side faces.",,,,,,,
811,143a,143,3,No,A net is made of 1 square and 4 triangles. What 3D shape does it fold into?,Square-based pyramid,Cube,Triangular prism,A square base with 4 triangular sides folds into a square-based pyramid.,The base shape plus the number of triangular sides identifies the pyramid.,,,,,,,
812,143a,143,3,No,A net is made of 2 circles and 1 curved rectangle. What 3D shape does it fold into?,Cylinder,Cone,Sphere,2 circles plus a curved rectangular face fold into a cylinder.,"Circles for the ends, plus a curved side, describes this shape.",,,,,,,
813,143a,143,2,No,A net is made of 2 triangles and 3 rectangles. What 3D shape does it fold into?,Triangular prism,Square pyramid,Cuboid,2 triangular faces plus 3 rectangular faces fold into a triangular prism.,The two matching end faces tell you the cross-section shape.,,,,,,,
814,143a,143,1,No,A net is made of 6 identical squares. What 3D shape does it fold into?,Cube,Cuboid,Square pyramid,6 identical squares fold into a cube.,Count the faces and check if they're all identical squares.,,,,,,,
815,143b,143,2,No,"Which net folds into a square-based pyramid: 1 square and 4 triangles, or 2 squares and 4 rectangles?",1 square and 4 triangles,2 squares and 4 rectangles,Neither,A square-based pyramid has 1 square base and 4 triangular sides.,Count the number and shape of faces the 3D shape has.,,,,,,,
816,143b,143,3,No,"Which net folds into a cylinder: 2 circles and a curved rectangle, or 1 circle and a triangle?",2 circles and a curved rectangle,1 circle and a triangle,Neither,A cylinder has 2 circular faces and one curved rectangular face.,Count the number and shape of faces the 3D shape has.,,,,,,,
817,143b,143,2,No,"Which net folds into a triangular prism: 2 triangles and 3 rectangles, or 6 squares?",2 triangles and 3 rectangles,6 squares,Neither,A triangular prism has 2 triangular faces and 3 rectangular faces.,Count the number and shape of faces the 3D shape has.,,,,,,,
818,143b,143,1,No,"Which net folds into a cube: 6 squares, or 4 triangles and 1 square?",6 squares,4 triangles and 1 square,Neither,"A cube has 6 identical square faces, so its net is made of 6 squares.",Count the number and shape of faces the 3D shape has.,,,,,,,
819,143c,143,3,No,"A net has 1 square and 4 triangles, forming a square-based pyramid. How many edges does it have?",8,5,4,"A square-based pyramid has 4 edges around the square base plus 4 edges going up to the apex, totalling 8.","Count the edges of the base shape, then add the edges going up to the point.",,,,,,,
820,143c,143,1,No,A cube has 6 identical square faces. How many faces does it have?,6,8,12,"The net has 6 squares, so the cube has 6 faces.",Count the number of separate pieces in the net.,,,,,,,
821,143c,143,2,No,"A net has 2 triangles and 3 rectangles, forming a triangular prism. How many faces does it have?",5,6,9,2 triangular faces plus 3 rectangular faces gives 5 faces in total.,Add up the number of pieces in the net.,,,,,,,
822,143c,143,3,No,"A net has 2 pentagons and 5 rectangles, forming a pentagonal prism. How many faces does it have?",7,5,10,2 pentagonal faces plus 5 rectangular faces gives 7 faces in total.,Add up the number of pieces in the net.,,,,,,,
823,145a,145,3,No,"A cuboid has a volume of 210cm³, a length of 7cm, and a width of 6cm. Find its height.",5cm,35cm,1260cm,Height = volume ÷ (length x width) = 210÷(7x6)=210÷42=5cm.,Divide the volume by the product of the two known sides.,,,,,,,
824,145a,145,1,No,"Find the volume of a cuboid with length 4cm, width 3cm, height 2cm.",24cm³,9cm²,18cm³,Volume = length x width x height = 4x3x2=24cm³.,Multiply all three dimensions together.,,,,,,,
825,145a,145,2,No,"Find the volume of a cuboid with length 6cm, width 5cm, height 4cm.",120cm³,15cm²,96cm³,Volume = length x width x height = 6x5x4=120cm³.,Multiply all three dimensions together.,,,,,,,
826,145a,145,3,No,"Find the volume of a cuboid with length 8cm, width 7cm, height 3cm.",168cm³,18cm²,144cm³,Volume = length x width x height = 8x7x3=168cm³.,Multiply all three dimensions together.,,,,,,,
827,145b,145,1,No,Find the volume of a cube with side length 3cm.,27cm³,9cm²,18cm³,Volume = side x side x side = 3x3x3=27cm³.,Multiply the side length by itself three times.,,,,,,,
828,145b,145,2,No,Find the volume of a cube with side length 5cm.,125cm³,25cm²,75cm³,Volume = side x side x side = 5x5x5=125cm³.,Multiply the side length by itself three times.,,,,,,,
829,145b,145,3,No,A cube has a volume of 216cm³. Find its side length.,6cm,36cm,72cm,The side length is the cube root of the volume: ∛216=6cm.,Find the cube root of the volume.,,,,,,,
830,145b,145,2,No,A cube has a volume of 64cm³. Find its side length.,4cm,8cm,21.3cm,The side length is the cube root of the volume: ∛64=4cm.,Find the cube root of the volume.,,,,,,,
831,145c,145,1,No,"A cuboid has faces 5×3, 5×2 and 3×2 cm, two of each. Find its volume.",30cm³,10cm²,60cm³,"The three edge lengths are 5cm, 3cm and 2cm. Volume = 5x3x2=30cm³.","Identify the three different edge lengths from the face dimensions, then multiply them together.",,,,,,,
832,145c,145,2,No,"A cuboid has faces 6×4, 6×3 and 4×3 cm, two of each. Find its volume.",72cm³,13cm²,144cm³,"The three edge lengths are 6cm, 4cm and 3cm. Volume = 6x4x3=72cm³.","Identify the three different edge lengths from the face dimensions, then multiply them together.",,,,,,,
833,145c,145,3,No,A cube has square faces measuring 7cm × 7cm. Find its volume.,343cm³,49cm²,294cm³,The edge length is 7cm. Volume = 7x7x7=343cm³.,"Use the square's side length as the cube's edge, then multiply it by itself three times.",,,,,,,
834,146a,146,1,No,Name the Platonic solid made of 6 identical squares.,Cube,Octahedron,Dodecahedron,6 identical square faces describe a cube.,Think about the shape with square faces.,,,,,,,
835,146a,146,1,No,How many Platonic solids are there in total?,5,4,6,There are exactly 5 Platonic solids.,"This is a fixed, well-known number.",,,,,,,
836,146a,146,3,No,Name the Platonic solid made of 12 identical regular pentagons.,Dodecahedron,Icosahedron,Octahedron,12 identical pentagonal faces describe a dodecahedron.,Dodeca means twelve.,,,,,,,
837,146a,146,3,No,Name the Platonic solid made of 20 identical equilateral triangles.,Icosahedron,Dodecahedron,Octahedron,20 identical triangular faces describe an icosahedron.,Icosa means twenty.,,,,,,,
838,146a,146,2,No,Name the Platonic solid made of 4 identical equilateral triangles.,Tetrahedron,Octahedron,Icosahedron,4 identical triangular faces describe a tetrahedron.,Tetra means four.,,,,,,,
839,146a,146,2,No,Name the Platonic solid made of 8 identical equilateral triangles.,Octahedron,Tetrahedron,Icosahedron,8 identical triangular faces describe an octahedron.,Octa means eight.,,,,,,,
840,146b,146,2,No,How many edges does a cube have?,12,8,6,A cube has 12 edges.,"Count the edges along each of the 6 faces, remembering each edge is shared by 2 faces.",,,,,,,
841,146b,146,3,No,How many edges does a dodecahedron have?,30,12,20,"A dodecahedron has 12 faces, 30 edges, and 20 vertices.",This shape has the same number of edges as an icosahedron.,,,,,,,
842,146b,146,3,No,How many vertices does an icosahedron have?,12,20,30,"An icosahedron has 20 faces, 30 edges, and 12 vertices.",This shape has fewer vertices than faces.,,,,,,,
843,146b,146,1,No,How many vertices does a cube have?,8,6,12,A cube has 8 corners (vertices).,Count the corners of the shape.,,,,,,,
844,146b,146,1,No,How many faces does a tetrahedron have?,4,6,8,A tetrahedron has 4 triangular faces.,Tetra means four.,,,,,,,
845,146b,146,2,No,How many faces does an octahedron have?,8,6,4,An octahedron has 8 triangular faces.,Octa means eight.,,,,,,,
846,147a,147,3,No,Two straight lines cross. An angle is (2x+10)° and its vertically opposite angle is 70°. Find x.,30,70,40,"Vertically opposite angles are equal, so 2x+10=70, giving 2x=60, so x=30.","Set the two vertically opposite expressions equal to each other, then solve.",,,,,,,
847,147a,147,3,No,Two straight lines cross: one angle is 5x° and its vertically opposite angle is 125°. Find x.,25,125,625,"Vertically opposite angles are equal, so 5x=125, giving x=25.","Set the two vertically opposite expressions equal to each other, then solve.",,,,,,,
848,147a,147,2,No,Two straight lines cross: one angle is 3x° and its vertically opposite angle is 45°. Find x.,15,45,135,"Vertically opposite angles are equal, so 3x=45, giving x=15.","Set the two vertically opposite expressions equal to each other, then solve.",,,,,,,
849,147a,147,1,No,Two straight lines cross. One angle is 115°. Find the angle vertically opposite it.,115°,65°,75°,"Vertically opposite angles are always equal, so the answer is 115°.",Vertically opposite angles are equal.,,,,,,,
850,147a,147,1,No,Two straight lines cross. One angle is 40°. Find the angle vertically opposite it.,40°,140°,50°,"Vertically opposite angles are always equal, so the answer is 40°.",Vertically opposite angles are equal.,,,,,,,
851,147a,147,2,No,Two straight lines cross. One angle is 82°. Find the angle vertically opposite it.,82°,98°,41°,"Vertically opposite angles are always equal, so the answer is 82°.",Vertically opposite angles are equal.,,,,,,,
852,147b,147,1,No,Two straight lines cross. a = 55°. b is vertically opposite a and c is adjacent to b. Find c.,125°,55°,145°,b=a=55° (vertically opposite). c=180-55=125° (angles on a straight line).,"Find the vertically opposite angle first, then use the straight line to find the next one.",,,,,,,
853,147b,147,1,No,Two straight lines cross. a = 100°. b is vertically opposite a and c is adjacent to b. Find c.,80°,100°,260°,b=a=100° (vertically opposite). c=180-100=80° (angles on a straight line).,"Find the vertically opposite angle first, then use the straight line to find the next one.",,,,,,,
854,147b,147,3,No,Two straight lines cross: one angle is 3x° and its vertically opposite angle is (2x+20)°. Find x.,20,60,80,"Vertically opposite angles are equal, so 3x=2x+20, giving x=20.","Set the two vertically opposite expressions equal to each other, then solve.",,,,,,,
855,147b,147,3,No,Four angles meet at a point. Two vertically opposite angles are 70°; the other two are equal. Find one of the other angles.,110°,140°,220°,The two known angles total 140°. The remaining 220° is split equally between the other two: 220÷2=110°.,"Subtract the known angles from 360°, then halve what's left.",,,,,,,
856,147b,147,2,No,"Three angles around a point are 110°, 95°, and x. Find x.",155°,205°,65°,Angles around a point sum to 360°: 360-110-95=155°.,Angles around a point always add up to 360°.,,,,,,,
857,147b,147,2,No,"Three angles meet at a point: 90°, 130°, and x. Find x.",140°,220°,40°,Angles around a point sum to 360°: 360-90-130=140°.,Angles around a point always add up to 360°.,,,,,,,
858,148a,148,3,No,A triangle has sides 5cm and 12cm. Find the range of possible lengths for the third side.,Between 7cm and 17cm,Between 0cm and 17cm,Between 5cm and 12cm,The third side must be between 12-5=7 and 12+5=17.,"The third side must be less than the sum, and more than the difference, of the other two.",,,,,,,
859,148a,148,3,No,A triangle has two sides of 6cm. Find the range of possible lengths for the third side.,Between 0cm and 12cm,Between 6cm and 12cm,Between 0cm and 6cm,The third side must be between 6-6=0 and 6+6=12.,"The third side must be less than the sum, and more than the difference, of the other two.",,,,,,,
860,148a,148,2,No,"A triangle has sides 7cm and 9cm. Which could be the third side: 1cm, 15cm or 20cm?",15cm,1cm,20cm,The third side must be between 9-7=2 and 9+7=16. Only 15cm fits.,"The third side must be less than the sum, and more than the difference, of the other two.",,,,,,,
861,148a,148,1,No,"A triangle has sides 5cm and 8cm. Which could be the third side: 2cm, 3cm or 10cm?",10cm,2cm,3cm,The third side must be between 8-5=3 and 8+5=13. Only 10cm fits.,"The third side must be less than the sum, and more than the difference, of the other two.",,,,,,,
862,148a,148,1,No,"A triangle has sides 4cm and 6cm. Which could be the third side: 1cm, 2cm or 5cm?",5cm,1cm,2cm,The third side must be between 6-4=2 and 6+4=10. Only 5cm fits.,"The third side must be less than the sum, and more than the difference, of the other two.",,,,,,,
863,148a,148,2,No,"Can a triangle have sides of length 3cm, 4cm, and 8cm?",No,Yes,Only if it's a right triangle,"3+4=7, which is less than 8, so these lengths cannot form a triangle.",Check whether the two shorter sides add up to more than the longest side.,,,,,,,
864,148b,148,3,No,"Triangle ABC has angles 50°, 70° and 60°. Order the sides from shortest to longest.","BC, AB, CA","CA, AB, BC","AB, BC, CA","Angles in order: A(50°)<C(60°)<B(70°). Sides opposite: BC (shortest), AB, CA (longest).","Order the angles first, then match each to its opposite side.",,,,,,,
865,148b,148,2,No,"Triangle ABC has sides AB=10cm, BC=6cm, CA=8cm. Which angle is the smallest: A, B, or C?",A,B,C,"The smallest angle is opposite the shortest side. The shortest side is BC (6cm), which is opposite angle A.",The shortest side is opposite the smallest angle.,,,,,,,
866,148b,148,3,No,"Triangle ABC has sides AB=8cm, BC=8cm, CA=5cm. Which angle is the smallest: A, B, or C?",B,A,C,"The smallest angle is opposite the shortest side. The shortest side is CA (5cm), which is opposite angle B.",The shortest side is opposite the smallest angle.,,,,,,,
867,148b,148,1,No,"Triangle ABC has angles 40°, 60° and 80°. Which side is longest: AB, BC or CA?",AB,BC,CA,"The longest side is opposite the largest angle. The largest angle is C (80°), and the side opposite it is AB.",The largest angle is opposite the longest side.,,,,,,,
868,148b,148,1,No,"Triangle ABC has angles 90°, 45° and 45°. Which side is longest: AB, BC or CA?",BC,AB,CA,"The longest side is opposite the largest angle. The largest angle is A (90°), and the side opposite it is BC.",The largest angle is opposite the longest side.,,,,,,,
869,148b,148,2,No,"Triangle ABC has sides AB=5cm, BC=7cm, CA=9cm. Which angle is the largest: A, B, or C?",B,A,C,"The largest angle is opposite the longest side. The longest side is CA (9cm), which is opposite angle B.",The longest side is opposite the largest angle.,,,,,,,
870,149a,149,2,No,"A triangle has angles 2x, 3x, and 4x. Find x.",20,9,180,"The angles sum to 180°: 2x+3x+4x=9x=180, so x=20.","Add up all the parts in terms of x, then solve.",,,,,,,
871,149a,149,1,No,A triangle has angles 50° and 65°. Find the third angle.,65°,115°,45°,Angles in a triangle sum to 180°: 180-50-65=65°.,Angles in a triangle always add up to 180°.,,,,,,,
872,149a,149,1,No,A triangle has angles 90° and 35°. Find the third angle.,55°,125°,45°,Angles in a triangle sum to 180°: 180-90-35=55°.,Angles in a triangle always add up to 180°.,,,,,,,
873,149b,149,1,No,Find the interior angle of an equilateral triangle.,60°,90°,45°,All three angles are equal and sum to 180°: 180÷3=60°.,All angles in an equilateral triangle are equal.,,,,,,,
874,149b,149,2,No,An equilateral triangle has one angle labelled 3x. Find x.,20,60,3,"Each angle in an equilateral triangle is 60°: 3x=60, so x=20.",Each angle in an equilateral triangle is 60°.,,,,,,,
875,149c,149,1,No,A triangle has angles 50° and 70°. One side is extended at the third vertex. Find the exterior angle.,120°,60°,110°,The exterior angle equals the sum of the two non-adjacent interior angles: 50+70=120°.,The exterior angle equals the sum of the two angles not next to it.,,,,,,,
876,149c,149,2,No,A triangle has angles 40° and 95°. Find the exterior angle at the third vertex.,135°,45°,85°,The exterior angle equals the sum of the two non-adjacent interior angles: 40+95=135°.,The exterior angle equals the sum of the two angles not next to it.,,,,,,,
877,149d,149,1,No,A triangle has angle 72° at A. Both sides at A are extended. Find the angle between the extensions.,72°,108°,36°,"The angle between the extended sides is vertically opposite the interior angle, so it is also 72°.",Vertically opposite angles are equal.,,,,,,,
878,149d,149,2,No,"A triangle has angle 3x at A. Both sides at A are extended, forming 51° between them. Find x.",17,51,153,"The angle between the extended sides is vertically opposite the interior angle: 3x=51, so x=17.",Vertically opposite angles are equal.,,,,,,,
879,149e,149,3,No,"A triangle has angles 55° and 65°. Its third angle, 100° and z lie on a straight line. Find z.",20°,160°,80°,"The third triangle angle is 180-55-65=60°. Angles on a straight line sum to 180°: 60+100+z=180, so z=20°.","Find the missing triangle angle first, then use the fact that angles on a straight line sum to 180°.",,,,,,,
880,149e,149,1,No,"A triangle has angles 50° and 70°. Its third angle, 120° and x meet at a point. Find x.",180°,60°,240°,"The third triangle angle is 180-50-70=60°. Angles around a point sum to 360°: 60+120+x=360, so x=180°.","Find the missing triangle angle first, then use the fact that angles around a point sum to 360°.",,,,,,,
881,149e,149,2,No,A triangle has angles 45° and 95°. Its third angle is vertically opposite y. Find y.,40°,140°,50°,"The third triangle angle is 180-45-95=40°. Since y is vertically opposite it, y=40°.","Find the missing triangle angle first, then apply the vertically opposite angle rule.",,,,,,,
882,150a,150,3,No,"An isosceles triangle has a base angle of 3x. If the apex angle is 48°, find x.",22,132,16,"2(3x)+48=180, so 6x=132, giving x=22.","Double the base angle expression, add the apex angle, then solve.",,,,,,,
883,150a,150,1,No,An isosceles triangle has an apex angle of 40°. Find each base angle.,70°,140°,80°,Base angles share the remaining 140° equally: (180-40)÷2=70°.,"Subtract the apex angle from 180°, then halve what's left.",,,,,,,
884,150a,150,2,No,An isosceles triangle has an apex angle of 96°. Find each base angle.,42°,84°,138°,Base angles share the remaining 84° equally: (180-96)÷2=42°.,"Subtract the apex angle from 180°, then halve what's left.",,,,,,,
885,150a,150,1,No,An isosceles triangle has a base angle of 50°. Find the apex angle.,80°,65°,130°,Base angles are equal: 50+50=100°. Apex angle=180-100=80°.,"Double the base angle, then subtract from 180°.",,,,,,,
886,150a,150,2,No,An isosceles triangle has a base angle of 35°. Find the apex angle.,110°,145°,70°,Base angles are equal: 35+35=70°. Apex angle=180-70=110°.,"Double the base angle, then subtract from 180°.",,,,,,,
887,150c,150,3,No,"An isosceles triangle has base angle 48°. Its apex angle, 95° and w meet at a point. Find w.",181°,179°,84°,"Apex angle=180-48-48=84°. Angles around a point sum to 360°: 84+95+w=360, so w=181°.","Find the apex angle first, then use the fact that angles around a point sum to 360°.",,,,,,,
888,150c,150,2,No,An isosceles triangle has apex angle 100°. One base angle is vertically opposite z. Find z.,40°,140°,80°,"Base angle=(180-100)÷2=40°. Since z is vertically opposite the base angle, z=40°.","Find the base angle first, then apply the vertically opposite angle rule.",,,,,,,
889,150c,150,2,No,An isosceles triangle has apex angle 70°. A base angle and adjacent y lie on a straight line. Find y.,125°,55°,110°,Base angle=(180-70)÷2=55°. y=180-55=125° (straight line).,"Find the base angle first, then use the straight line to find y.",,,,,,,
890,150c,150,1,No,An isosceles triangle has base angle 55°. Its apex angle and adjacent x lie on a straight line. Find x.,110°,70°,125°,Apex angle=180-55-55=70°. x=180-70=110° (straight line).,"Find the apex angle first, then use the straight line to find x.",,,,,,,
891,150c,150,1,No,An isosceles triangle has base angle 40°. Its apex angle and adjacent x lie on a straight line. Find x.,80°,100°,140°,Apex angle=180-40-40=100°. x=180-100=80° (straight line).,"Find the apex angle first, then use the straight line to find x.",,,,,,,
892,151a,151,3,No,"A quadrilateral has angles 2x, 3x, 4x, and 90°. Find x.",30,40,270,"2x+3x+4x+90=360, so 9x=270, giving x=30.","Add up all the parts in terms of x plus the known angle, then solve.",,,,,,,
893,151a,151,2,No,"A quadrilateral has angles 60°, 120°, 130°, and x. Find x.",50°,310°,70°,Angles in a quadrilateral sum to 360°: 360-60-120-130=50°.,Angles in a quadrilateral always add up to 360°.,,,,,,,
894,151a,151,1,No,"A quadrilateral has angles 80°, 95°, 100°, and x. Find x.",85°,275°,95°,Angles in a quadrilateral sum to 360°: 360-80-95-100=85°.,Angles in a quadrilateral always add up to 360°.,,,,,,,
895,151a,151,1,No,"A quadrilateral has angles 70°, 110°, 85°, and x. Find x.",95°,265°,85°,Angles in a quadrilateral sum to 360°: 360-70-110-85=95°.,Angles in a quadrilateral always add up to 360°.,,,,,,,
896,151b,151,2,No,"A quadrilateral has angles 75°, 95°, 110° and x. One side is extended beyond the fourth vertex. Find the exterior angle.",100°,80°,260°,x=360-75-95-110=80°. Exterior angle=180-80=100°.,"Find the missing interior angle first, then subtract it from 180°.",,,,,,,
897,151b,151,1,No,"A quadrilateral has interior angles 90°, 100°, 85°, and x at the fourth vertex. Find x.",85°,275°,95°,Angles in a quadrilateral sum to 360°: 360-90-100-85=85°.,Angles in a quadrilateral always add up to 360°.,,,,,,,
898,151c,151,3,No,"A kite has angles x°, x°, 80° and 150°. Find x.",65,130,260,"2x+80+150=360, so 2x=130, giving x=65.","Add the two known angles, subtract from 360°, then halve what's left.",,,,,,,
899,151c,151,1,No,"A kite has angles 100°, 100°, 95° and x°. Find x.",65°,165°,80°,Angles in a quadrilateral sum to 360°: 360-100-100-95=65°.,Subtract all the known angles from 360°.,,,,,,,
900,151c,151,2,No,"A kite has angles 115°, 115°, 60° and x°. Find x.",70°,170°,55°,Angles in a quadrilateral sum to 360°: 360-115-115-60=70°.,Subtract all the known angles from 360°.,,,,,,,
901,151d,151,3,No,A quadrilateral has one 90° angle; the other three are in ratio 2:3:4. Find the largest angle.,120°,60°,90°,The remaining angles sum to 270°. Split into 2+3+4=9 parts: 270÷9=30° per part. Largest=4x30=120°.,"Subtract the known angle from 360°, then split the rest according to the ratio.",,,,,,,
902,151d,151,1,No,"A quadrilateral has angles 70°, 110°, and two other equal angles x. Find x.",90°,180°,60°,"70+110+2x=360, so 2x=180, giving x=90°.","Add the two known angles, subtract from 360°, then halve what's left.",,,,,,,
903,151d,151,2,No,"A quadrilateral has angles 60°, 90°, and two other equal angles y. Find y.",105°,210°,75°,"60+90+2y=360, so 2y=210, giving y=105°.","Add the two known angles, subtract from 360°, then halve what's left.",,,,,,,
904,151d,151,2,No,A quadrilateral has three equal angles of x each and a fourth angle of 90°. Find x.,90°,270°,30°,"3x+90=360, so 3x=270, giving x=90°.","Subtract the known angle from 360°, then divide by 3.",,,,,,,
905,152d,152,1,No,"A=(3,5). B is directly below A, on the x-axis. Find B.","(3,0)","(0,5)","(3,5)",B shares A's x-coordinate but has y=0 on the x-axis.,Keep the x-coordinate the same; the y-coordinate becomes 0.,,,,,,,
906,152d,152,2,No,"A=(-4,2). B is directly right of A, on the y-axis. Find B.","(0,2)","(-4,0)","(0,-4)",B shares A's y-coordinate but has x=0 on the y-axis.,Keep the y-coordinate the same; the x-coordinate becomes 0.,,,,,,,
907,152e,152,1,No,"A=(2,-3), B=(2,5). Find the distance AB.",8,2,5,"Same x-coordinate, so subtract y-values: 5-(-3)=8.",Same x-coordinate means the distance is just the difference in y.,,,,,,,
908,152e,152,2,No,"A=(-6,4), B=(-6,-9). Find the distance AB.",13,5,-13,"Same x-coordinate, so subtract y-values: 4-(-9)=13.",Same x-coordinate means the distance is just the difference in y.,,,,,,,
909,152e,152,3,No,"A=(-7,-3), B=(-7,-15). Find the distance AB.",12,8,-12,"Same x-coordinate, so subtract y-values: -3-(-15)=12.",Same x-coordinate means the distance is just the difference in y.,,,,,,,
910,152f,152,1,No,"A=(1,4), B=(9,4). Find the horizontal distance AB.",8,4,9,"Same y-coordinate, so subtract x-values: 9-1=8.",Same y-coordinate means the distance is just the difference in x.,,,,,,,
911,152f,152,2,No,"A=(-3,2), B=(6,2). Find the horizontal distance AB.",9,3,6,"Same y-coordinate, so subtract x-values: 6-(-3)=9.",Same y-coordinate means the distance is just the difference in x.,,,,,,,
912,152f,152,3,No,"A=(-9,2), B=(6,2). Find the horizontal distance AB.",15,11,3,"Same y-coordinate, so subtract x-values: 6-(-9)=15.",Same y-coordinate means the distance is just the difference in x.,,,,,,,
913,152g,152,1,No,"Rectangle vertices: (1,2), (5,2), (5,6). Find the 4th vertex.","(1,6)","(1,2)","(5,6)","The 4th vertex shares x with (1,2) and y with (5,6).",Match the x-coordinate from one vertex and the y-coordinate from another.,,,,,,,
914,152g,152,2,No,"Rectangle vertices: (-2,1), (3,1), (3,-4). Find the 4th vertex.","(-2,-4)","(-2,1)","(3,-4)","The 4th vertex shares x with (-2,1) and y with (3,-4).",Match the x-coordinate from one vertex and the y-coordinate from another.,,,,,,,
915,152h,152,3,No,"Parallelogram ABCD: A(0,0), B(4,0), C(5,3). Find D.","(1,3)","(9,3)","(1,-3)","D=C-(B-A)=(5-4,3-0)=(1,3).",Vector AB must equal vector DC.,,,,,,,
916,152h,152,3,No,"Parallelogram ABCD: A(-3,-2), B(2,-2), C(4,1). Find D.","(-1,1)","(9,1)","(-1,-1)","D=C-(B-A)=(4-5,1-0)=(-1,1).",Vector AB must equal vector DC.,,,,,,,
917,153a,153,1,No,"Reflect (3,5) in the x-axis.","(3,-5)","(-3,5)","(-3,-5)",Reflecting in the x-axis flips the sign of the y-coordinate.,Only the y-coordinate changes sign.,,,,,,,
918,153a,153,1,No,"Reflect (-2,4) in the y-axis.","(2,4)","(-2,-4)","(2,-4)",Reflecting in the y-axis flips the sign of the x-coordinate.,Only the x-coordinate changes sign.,,,,,,,
919,153a,153,2,No,"Reflect (-6,-3) in the x-axis.","(-6,3)","(6,-3)","(6,3)",Reflecting in the x-axis flips the sign of the y-coordinate.,Only the y-coordinate changes sign.,,,,,,,
920,153a,153,2,No,"Reflect (7,-1) in the y-axis.","(-7,-1)","(7,1)","(-7,1)",Reflecting in the y-axis flips the sign of the x-coordinate.,Only the x-coordinate changes sign.,,,,,,,
921,153a,153,3,No,"Reflect (-8,5) in the x-axis, then the result in the y-axis.","(8,-5)","(-8,-5)","(8,5)","x-axis: (-8,-5). Then y-axis: (8,-5).","Apply each reflection one at a time, using the result of the first as the input to the second.",,,,,,,
922,153b,153,1,No,"Reflect (3,2) in the line x=5.","(7,2)","(3,7)","(8,2)","3 is 2 left of the line, so the image is 2 right of it: 5+2=7.","Find the distance from the point to the line, then go the same distance on the other side.",,,,,,,
923,153b,153,2,No,"Reflect (1,4) in the line y=1.","(1,-2)","(4,1)","(1,6)","4 is 3 above the line, so the image is 3 below it: 1-3=-2.","Find the distance from the point to the line, then go the same distance on the other side.",,,,,,,
924,153b,153,2,No,"Reflect (-2,6) in the line x=1.","(4,6)","(-2,-4)","(0,6)","-2 is 3 left of the line, so the image is 3 right of it: 1+3=4.","Find the distance from the point to the line, then go the same distance on the other side.",,,,,,,
925,153b,153,3,No,"Reflect (5,-3) in the line y=-1.","(5,1)","(5,-5)","(5,-1)","-3 is 2 below the line, so the image is 2 above it: -1+2=1.","Find the distance from the point to the line, then go the same distance on the other side.",,,,,,,
926,153b,153,3,No,"Reflect (-4,-7) in the line x=-1.","(2,-7)","(-4,2)","(-6,-7)","-4 is 3 left of the line, so the image is 3 right of it: -1+3=2.","Find the distance from the point to the line, then go the same distance on the other side.",,,,,,,
927,153c,153,1,No,"Reflect (3,7) in the line y=x.","(7,3)","(-3,-7)","(-7,-3)",Reflecting in y=x swaps the coordinates.,Swap the x and y values.,,,,,,,
928,153c,153,2,No,"Reflect (4,-6) in the line y=-x.","(6,-4)","(-4,6)","(-6,4)",Reflecting in y=-x swaps the coordinates and flips both signs.,"Swap the coordinates, then change both signs.",,,,,,,
929,153c,153,3,No,"Reflect (-3,-8) in the line y=x.","(-8,-3)","(3,8)","(8,3)",Reflecting in y=x swaps the coordinates.,Swap the x and y values.,,,,,,,
930,153c,153,3,No,"Reflect (5,-2) in the line y=-x.","(2,-5)","(-2,5)","(-5,2)",Reflecting in y=-x swaps the coordinates and flips both signs.,"Swap the coordinates, then change both signs.",,,,,,,
931,154a,154,1,No,"Translate (2,3) by 4 right and 1 up.","(6,4)","(6,2)","(-2,4)","Add 4 to x and 1 to y: (2+4,3+1).","Right/left changes x, up/down changes y.",,,,,,,
932,154a,154,1,No,"Translate (-1,5) by 3 left and 2 down.","(-4,3)","(-4,7)","(2,3)","Subtract 3 from x and 2 from y: (-1-3,5-2).","Right/left changes x, up/down changes y.",,,,,,,
933,154a,154,2,No,"Translate (-6,-2) by 5 right and 4 up.","(-1,2)","(-1,-6)","(-11,2)","Add 5 to x and 4 to y: (-6+5,-2+4).","Right/left changes x, up/down changes y.",,,,,,,
934,154a,154,2,No,"Translate (7,-4) by 6 left and 3 down.","(1,-7)","(1,-1)","(13,-7)","Subtract 6 from x and 3 from y: (7-6,-4-3).","Right/left changes x, up/down changes y.",,,,,,,
935,154a,154,3,No,"Translate (-8,6) by 9 right and 11 down.","(1,-5)","(1,17)","(-17,-5)","Add 9 to x and subtract 11 from y: (-8+9,6-11).","Right/left changes x, up/down changes y.",,,,,,,
936,154a,154,3,No,"Translate (3,-9) by 7 left and 8 up.","(-4,-1)","(-4,-17)","(10,-1)","Subtract 7 from x and add 8 to y: (3-7,-9+8).","Right/left changes x, up/down changes y.",,,,,,,
937,154b,154,1,No,"A point moves from (1,2) to (5,4). Describe the translation.","4 right, 2 up","4 right, 2 down","2 right, 4 up",Change in x: 5-1=4. Change in y: 4-2=2.,Subtract the starting coordinates from the finishing coordinates.,,,,,,,
938,154b,154,1,No,"A point moves from (6,3) to (2,7). Describe the translation.","4 left, 4 up","4 right, 4 up","4 left, 4 down",Change in x: 2-6=-4. Change in y: 7-3=4.,Subtract the starting coordinates from the finishing coordinates.,,,,,,,
939,154b,154,2,No,"A point moves from (-3,-5) to (2,-1). Describe the translation.","5 right, 4 up","5 left, 4 up","5 right, 4 down",Change in x: 2-(-3)=5. Change in y: -1-(-5)=4.,Subtract the starting coordinates from the finishing coordinates.,,,,,,,
940,154b,154,2,No,"A point moves from (4,-2) to (-3,-6). Describe the translation.","7 left, 4 down","7 right, 4 down","7 left, 4 up",Change in x: -3-4=-7. Change in y: -6-(-2)=-4.,Subtract the starting coordinates from the finishing coordinates.,,,,,,,
941,154b,154,3,No,"A point moves from (-9,7) to (-2,-6). Describe the translation.","7 right, 13 down","7 left, 13 down","7 right, 13 up",Change in x: -2-(-9)=7. Change in y: -6-7=-13.,Subtract the starting coordinates from the finishing coordinates.,,,,,,,
942,154b,154,3,No,"A point moves from (5,-11) to (-6,4). Describe the translation.","11 left, 15 up","11 right, 15 up","11 left, 15 down",Change in x: -6-5=-11. Change in y: 4-(-11)=15.,Subtract the starting coordinates from the finishing coordinates.,,,,,,,
943,156a,156,1,No,-6 x 4 =,-24,24,-10,"Positive x negative = negative: 6x4=24, so -24.",A positive times a negative gives a negative answer.,,,,,,,
944,156b,156,1,No,-7 x -5 =,35,-35,-12,"Negative x negative = positive: 7x5=35, so 35.",A negative times a negative gives a positive answer.,,,,,,,
945,156c,156,1,No,-36 ÷ 4 =,-9,9,-32,"Negative ÷ positive = negative: 36÷4=9, so -9.",A negative divided by a positive gives a negative answer.,,,,,,,
946,156d,156,1,No,-42 ÷ -6 =,7,-7,-36,"Negative ÷ negative = positive: 42÷6=7, so 7.",A negative divided by a negative gives a positive answer.,,,,,,,
947,156e,156,2,No,☐ x -8 = 56. Find the missing number.,-7,7,-64,"56÷-8=-7, since a negative times -8 gives a positive 56.",Divide the result by the known number to find the missing one.,,,,,,,
948,156g,156,2,No,-3.5 x 4 =,-14,14,-7.5,"Positive x negative = negative: 3.5x4=14, so -14.",A positive times a negative gives a negative answer.,,,,,,,
949,156h,156,2,No,-2/3 x 3/5 =,'-2/5,'2/5,'-1/5,Multiply numerators and denominators: (-2x3)/(3x5)=-6/15=-2/5.,"Multiply as normal, then apply the negative sign.",,,,,,,
950,156i,156,2,No,-9.6 ÷ -3 =,3.2,-3.2,32,"Negative ÷ negative = positive: 9.6÷3=3.2, so 3.2.",A negative divided by a negative gives a positive answer.,,,,,,,
951,156j,156,3,No,-4/5 ÷ 2/3 =,-1 and 1/5,1 and 1/5,-2 and 2/15,Divide by multiplying by the reciprocal: -4/5 x 3/2=-12/10=-1 and 1/5.,"Turn division into multiplication by the reciprocal, then apply the sign.",,,,,,,
952,156k,156,3,No,Two numbers have a sum of -2 and a product of -15. Find the numbers.,3 and -5,-3 and 5,3 and 5,Testing factor pairs of -15: 3 and -5 sum to -2 and multiply to -15.,"List factor pairs of the product, then check which pair gives the correct sum.",,,,,,,
953,156l,156,3,No,-2 x -3 x -4 =,-24,24,-9,"Multiply step by step: -2x-3=6, then 6x-4=-24.",An odd number of negative signs gives a negative answer overall.,,,,,,,
954,156m,156,3,No,-5 + 3 x -2 =,-11,16,-4,Multiply first: 3x-2=-6. Then add: -5+-6=-11.,Do the multiplication before the addition.,,,,,,,
955,157a,157,1,No,"Which of these is a power of 2: 18, 32, or 40?",32,18,40,"32 is 2 multiplied by itself 5 times, so it is a power of 2.",Check which option can be written as 2 multiplied by itself repeatedly.,,,,"32=2^5, so it is a power of 2.",,,
956,157b,157,1,No,Calculate 3 cubed.,27,9,6,3 cubed means 3x3x3=27.,Multiply the number by itself three times.,Calculate 3^3.,,,3^3 = 3x3x3 = 27.,,,
957,157b,157,2,No,Calculate 2 to the power of 6.,64,12,32,2^6 = 2x2x2x2x2x2 = 64.,Multiply 2 by itself six times.,Calculate 2^6.,,,,,,
958,157c,157,1,No,Calculate -2 to the power of 4.,16,-16,-8,An even power of a negative number is positive: (-2)^4=16.,An even power always gives a positive result.,Calculate (-2)^4.,,,,,,
959,157c,157,2,No,Calculate -3 to the power of 3.,-27,27,-9,An odd power of a negative number is negative: (-3)^3=-27.,An odd power keeps the negative sign.,Calculate (-3)^3.,,,,,,
960,157d,157,1,No,Find the square root of 81.,9,40.5,18,"9x9=81, so √81=9.",Find the number that multiplies by itself to give 81.,Find √81.,,,,,,
961,157e,157,1,No,Estimate the square root of 50.,Between 7 and 8,Between 6 and 7,Between 8 and 9,"50 is between the square numbers 49 and 64, so its root is between 7 and 8.",Find the two square numbers either side of 50.,Estimate √50.,,,,,,
962,157e,157,2,No,Estimate the square root of 90.,Between 9 and 10,Between 8 and 9,Between 10 and 11,"90 is between the square numbers 81 and 100, so its root is between 9 and 10.",Find the two square numbers either side of 90.,Estimate √90.,,,,,,
963,157f,157,2,No,Find the cube root of 125.,5,25,15,"5x5x5=125, so ∛125=5.",Find the number that multiplies by itself three times to give 125.,Find ∛125.,,,,,,
964,157i,157,2,No,Calculate 3 squared plus 4 squared.,25,14,49,"3^2=9, 4^2=16. 9+16=25.","Work out each power first, then add the results.",Calculate 3^2 + 4^2.,,,,,,
965,157i,157,3,No,"Calculate 2 cubed times 3 squared, minus 10.",62,-2,134,"2^3=8, 3^2=9. 8x9=72, then 72-10=62.","Work out each power first, then apply the operations in order.",Calculate 2^3 x 3^2 - 10.,,,,,,
966,157j,157,3,No,2 to the power of n = 32. Find n.,5,4,6,"2^5=32, so n=5.",List powers of 2 until you reach 32.,2^n = 32. Find n.,,,,,,
967,157j,157,3,No,5 to the power of n = 125. Find n.,3,2,4,"5^3=125, so n=3.",List powers of 5 until you reach 125.,5^n = 125. Find n.,,,,,,
968,157k,157,3,No,n cubed = 64. Find n.,4,8,16,"4^3=64, so n=4.",Find the cube root of 64.,n^3 = 64. Find n.,,,,,,
969,157k,157,3,No,n squared = 169. Find n.,13,14,84.5,"13^2=169, so n=13.",Find the square root of 169.,n^2 = 169. Find n.,,,,,,
970,158a,158,1,No,"Simplify 2 cubed times 2 to the power of 4, as one power of 2.",2 to the power of 7,2 to the power of 12,2 to the power of 1,Add the powers when multiplying: 3+4=7.,"When multiplying powers of the same base, add the exponents.","Simplify 2^3 x 2^4, as one power of 2.",2^7,2^12,2^1,,,
971,158a,158,2,No,"Simplify 3 to the power of 5, times 3 squared, as one power of 3.",3 to the power of 7,3 to the power of 10,3 cubed,Add the powers: 5+2=7.,"When multiplying powers of the same base, add the exponents.","Simplify 3^5 x 3^2, as one power of 3.",3^7,3^10,3^3,,,
972,158a,158,3,No,"Simplify 5 to the power of 4, times 5 to the power of negative 1, as one power of 5.",5 cubed,5 to the power of 5,5 to the power of negative 4,Add the powers: 4+(-1)=3.,"When multiplying powers of the same base, add the exponents (even negative ones).","Simplify 5^4 x 5^{-1}, as one power of 5.",5^3,5^5,5^{-4},,,
973,158b,158,1,No,"Simplify 4 to the power of 6, divided by 4 squared, as one power of 4.",4 to the power of 4,4 cubed,4 to the power of 12,Subtract the powers when dividing: 6-2=4.,"When dividing powers of the same base, subtract the exponents.","Simplify 4^6 ÷ 4^2, as one power of 4.",4^4,4^3,4^12,,,
974,158b,158,2,No,"Simplify 2 to the power of 8, divided by 2 to the power of 5, as one power of 2.",2 cubed,2 to the power of 13,2 to the power of 1.6,Subtract the powers: 8-5=3.,"When dividing powers of the same base, subtract the exponents.","Simplify 2^8 ÷ 2^5, as one power of 2.",2^3,2^13,2^1.6,,,
975,158b,158,3,No,"Simplify 3 squared, divided by 3 to the power of 5, as one power of 3.",3 to the power of negative 3,3 cubed,3 to the power of 10,Subtract the powers: 2-5=-3.,"When dividing powers of the same base, subtract the exponents.","Simplify 3^2 ÷ 3^5, as one power of 3.",3^{-3},3^3,3^10,,,
976,158c,158,1,No,"Simplify 2 cubed, all squared, as one power of 2.",2 to the power of 6,2 to the power of 5,2 to the power of 9,Multiply the powers when raising a power to a power: 3x2=6.,"When raising a power to another power, multiply the exponents.","Simplify (2^3)^2, as one power of 2.",2^6,2^5,2^9,,,
977,158c,158,2,No,"Simplify 5 squared, all to the power of 4, as one power of 5.",5 to the power of 8,5 to the power of 6,5 to the power of 16,Multiply the powers: 2x4=8.,"When raising a power to another power, multiply the exponents.","Simplify (5^2)^4, as one power of 5.",5^8,5^6,5^16,,,
978,158c,158,3,No,"Simplify 3 to the power of negative 2, all cubed, as one power of 3.",3 to the power of negative 6,3 to the power of negative 5,3 to the power of 6,Multiply the powers: -2x3=-6.,"When raising a power to another power, multiply the exponents.","Simplify (3^{-2})^3, as one power of 3.",3^{-6},3^{-5},3^6,,,
979,158d,158,1,No,"Simplify 2 to the power of 5, times 2 cubed, divided by 2 to the power of 4, as one power of 2.",2 to the power of 4,2 to the power of 12,2 squared,Add then subtract the powers: 5+3-4=4.,"Add powers for multiplication, subtract for division.","Simplify 2^5 x 2^3 ÷ 2^4, as one power of 2.",2^4,2^12,2^2,,,
980,158d,158,2,No,"Simplify 3 to the power of 6, divided by 3 squared, times 3, as one power of 3.",3 to the power of 5,3 to the power of 9,3 cubed,Subtract then add the powers: 6-2+1=5.,"Add powers for multiplication, subtract for division.","Simplify 3^6 ÷ 3^2 x 3, as one power of 3.",3^5,3^9,3^3,,,
981,158d,158,3,No,Simplify 5⁷ × 5⁻² ÷ 5³ as one power of 5.,5 squared,5 to the power of 12,5 to the power of 8,Add then subtract the powers: 7+(-2)-3=2.,"Add powers for multiplication, subtract for division.","Simplify 5^7 x 5^{-2} ÷ 5^3, as one power of 5.",5^2,5^12,5^8,,,
982,158e,158,1,No,"Simplify 2 squared, all cubed, times 2, as one power of 2.",2 to the power of 7,2 to the power of 6,2 to the power of 8,"Multiply then add: 2x3=6, plus 1=7.","Work out the power-of-a-power first, then add for the multiplication.","Simplify (2^2)^3 x 2, as one power of 2.",2^7,2^6,2^8,,,
983,158e,158,2,No,"Simplify 3 cubed, all squared, divided by 3 to the power of 4, as one power of 3.",3 squared,3 to the power of 12,3 to the power of 10,"Multiply then subtract: 3x2=6, minus 4=2.","Work out the power-of-a-power first, then subtract for the division.","Simplify (3^3)^2 ÷ 3^4, as one power of 3.",3^2,3^12,3^10,,,
984,158e,158,3,No,"Simplify 4 squared, all squared, times 4 cubed, divided by 4 to the power of 5, as one power of 4.",4 squared,4 to the power of 10,4 to the power of 0,"Multiply, then add and subtract: 2x2=4, plus 3=7, minus 5=2.","Work out the power-of-a-power first, then apply multiplication and division in order.","Simplify (4^2)^2 x 4^3 ÷ 4^5, as one power of 4.",4^2,4^10,4^0,,,
985,158f,158,1,No,Calculate 5 to the power of 0.,1,0,5,Any non-zero number to the power of 0 equals 1.,Any non-zero number to the power of 0 is always 1.,Calculate 5^0.,,,,,,
986,158f,158,2,No,Calculate 12 to the power of 0.,1,0,12,Any non-zero number to the power of 0 equals 1.,Any non-zero number to the power of 0 is always 1.,Calculate 12^0.,,,,,,
987,158f,158,3,No,"Calculate 7 cubed, all to the power of 0.",1,343,0,"Anything to the power of 0 equals 1, regardless of what's inside.",Any non-zero expression to the power of 0 is always 1.,Calculate (7^3)^0.,,,,,,
988,158g,158,1,No,"2 to the power of n equals 2 to the power of 5, times 2 cubed. Find n.",8,15,2,Add the powers: 5+3=8.,Add the exponents on the right-hand side first.,2^n = 2^5 x 2^3. Find n.,,,,,,
989,158g,158,2,No,"3 to the power of n equals 3 to the power of 7, divided by 3 squared. Find n.",5,9,3.5,Subtract the powers: 7-2=5.,Subtract the exponents on the right-hand side first.,3^n = 3^7 ÷ 3^2. Find n.,,,,,,
990,158g,158,3,No,"5 to the power of n equals 5 squared, all cubed, divided by 5. Find n.",5,7,5.5,"Multiply then subtract the powers: 2x3=6, minus 1=5.","Work out the power-of-a-power first, then subtract for the division.",5^n = (5^2)^3 ÷ 5. Find n.,,,,,,
991,158h,158,1,No,n cubed times n squared = 243. Find n.,3,5,9,"n to the power of 5 = 243 = 3 to the power of 5, so n=3.","Combine the powers on the left, then find the base.",n^3 x n^2 = 243. Find n.,,,"n^5=243=3^5, so n=3.",,,
992,158h,158,2,No,"n to the power of 4, divided by n, equals 8. Find n.",2,4,8,"n cubed = 8, so n=2.","Combine the powers on the left, then find the base.",n^4 ÷ n = 8. Find n.,,,"n^3=8, so n=2.",,,
993,158h,158,3,No,"n squared, all squared, equals 81. Find n.",3,9,4.5,"n to the power of 4 = 81 = 3 to the power of 4, so n=3.","Combine the powers on the left, then find the base.",(n^2)^2 = 81. Find n.,,,"n^4=81=3^4, so n=3.",,,
994,159a,159,1,No,What must 5 be multiplied by to give 1?,'1/5,5,-5,"5 x 1/5=1, so the answer is 1/5.","Find the number that, when multiplied by 5, gives exactly 1.",,,,,,,
995,159a,159,1,No,What is the reciprocal of a number also called?,Multiplicative inverse,Additive inverse,Square root,"The reciprocal is also called the multiplicative inverse, since a number times its reciprocal equals 1.",Think about which operation (addition or multiplication) reciprocals relate to.,,,,,,,
996,159b,159,1,No,Find the reciprocal of 8.,'1/8,8,-8,"The reciprocal of 8 is 1/8, since 8 x 1/8=1.","Write the number as a fraction over 1, then flip it.",,,,,,,
997,159b,159,1,No,Find the reciprocal of -4.,'-1/4,'1/4,4,"The reciprocal of -4 is -1/4, since -4 x -1/4=1.","Write the number as a fraction over 1, then flip it, keeping the sign.",,,,,,,
998,159c,159,2,No,Find the reciprocal of 1/7.,7,'1/7,-7,Flipping 1/7 gives 7/1=7.,Flip the numerator and denominator.,,,,,,,
999,159c,159,2,No,Find the reciprocal of 1/12.,12,'1/12,-12,Flipping 1/12 gives 12/1=12.,Flip the numerator and denominator.,,,,,,,
1000,159d,159,2,No,Find the reciprocal of 3/5.,'5/3,'3/5,'-5/3,Flipping 3/5 gives 5/3.,Flip the numerator and denominator.,,,,,,,
1001,159d,159,2,No,Find the reciprocal of 7/2.,'2/7,'7/2,'-2/7,Flipping 7/2 gives 2/7.,Flip the numerator and denominator.,,,,,,,
1002,159e,159,3,No,Find the reciprocal of 2 and 1/3.,'3/7,'7/3,'3/2,2 and 1/3=7/3. Flipping gives 3/7.,"Convert to an improper fraction first, then flip it.",,,,,,,
1003,159e,159,3,No,Find the reciprocal of 1 and 3/4.,'4/7,'7/4,'4/3,1 and 3/4=7/4. Flipping gives 4/7.,"Convert to an improper fraction first, then flip it.",,,,,,,
1004,159f,159,3,No,Find the reciprocal of 0.25.,4,0.25,-4,"0.25=1/4, so the reciprocal is 4.","Write the decimal as a fraction first, then flip it.",,,,,,,
1005,159f,159,3,No,Find the reciprocal of 0.4.,2.5,0.4,-2.5,"0.4=2/5, so the reciprocal is 5/2=2.5.","Write the decimal as a fraction first, then flip it.",,,,,,,
1006,160a,160,1,Yes,Use a calculator to work out (14 + 26) x 3.,120,123,78,"(14+26)=40, then 40x3=120.",Work out the brackets first.,,,,,,,
1007,160a,160,1,Yes,Use a calculator to work out 8 x (15 - 7) + 2.,66,120,22,"(15-7)=8, then 8x8=64, plus 2=66.","Work out the brackets first, then apply the rest in order.",,,,,,,
1008,160a,160,2,Yes,Use a calculator to work out (45 - 18) ÷ 3 + 9.,18,18,27,"(45-18)=27, then 27÷3=9, plus 9=18.","Work out the brackets first, then follow the order of operations.",,,,,,,
1009,160b,160,1,Yes,Use a calculator to work out the square root of 225.,15,112.5,450,"15x15=225, so √225=15.","Enter the square root function, then the number.",Use a calculator to work out √225.,,,,,,
1010,160b,160,2,Yes,Use a calculator to work out 17 squared.,289,34,578,17x17=289.,Use the squaring function on your calculator.,Use a calculator to work out 17^2.,,,,,,
1011,160c,160,2,Yes,Use a calculator to work out 6 to the power of 4.,1296,24,216,6x6x6x6=1296.,Use the power function on your calculator.,Use a calculator to work out 6^4.,,,,,,
1012,160c,160,3,Yes,Use a calculator to work out 2 to the power of 10.,1024,20,100,2^10=1024.,Use the power function on your calculator.,Use a calculator to work out 2^10.,,,,,,
1013,160d,160,1,Yes,"Use a calculator to work out 3/8 + 5/12, giving your answer as a fraction.",'19/24,'8/20,'2/3,Using the fraction function: 3/8+5/12=19/24.,Use the fraction button to enter and add both fractions directly.,,,,,,,
1014,160d,160,2,Yes,"Use a calculator to work out 2 and 1/3 x 3/7, giving your answer as a fraction.",1,'6/21,'2/7,2 and 1/3=7/3. 7/3 x 3/7=1.,"Enter the mixed number and fraction using the fraction button, then multiply.",,,,,,,
1015,160d,160,3,Yes,"Use a calculator to work out (2/3 + 1/4) ÷ 5/6, giving your answer as a fraction.",1 and 1/10,'11/12,'11/24,2/3+1/4=11/12. Dividing by 5/6: 11/12 x 6/5=11/10=1 and 1/10.,"Work out the brackets first, then divide by multiplying by the reciprocal.",,,,,,,
1016,160e,160,3,Yes,Use a calculator to work out the cube root of 2744.,14,14,9.15,"14x14x14=2744, so ∛2744=14.",Use the cube root function on your calculator.,Use a calculator to work out ∛2744.,,,,,,
1017,160e,160,3,Yes,Use a calculator to work out the 5th root of 3125.,5,625,15.6,"5^5=3125, so the 5th root is 5.","Use the nth root function, entering 5 as the root.",Use a calculator to work out 3125^{1/5}.,,,,,,
1018,161a,161,1,No,Write 60 as a product of its prime factors.,2 squared x 3 x 5,2 x 3 x 5,2 squared x 3 squared x 5,60=2x2x3x5.,Divide repeatedly by the smallest prime number that fits.,,2^2 x 3 x 5,,2^2 x 3^2 x 5,,,
1019,161a,161,1,No,Write 48 as a product of its prime factors.,"2 to the power of 4, times 3",2 cubed x 3,"2 to the power of 4, times 3 squared",48=2x2x2x2x3.,Divide repeatedly by the smallest prime number that fits.,,2^4 x 3,2^3 x 3,2^4 x 3^2,,,
1020,161a,161,1,No,Write 90 as a product of its prime factors.,2 x 3 squared x 5,2 squared x 3 x 5,2 x 3 x 5 squared,90=2x3x3x5.,Divide repeatedly by the smallest prime number that fits.,,2 x 3^2 x 5,2^2 x 3 x 5,2 x 3^2,,,
1021,161b,161,2,No,Write 126 as a product of its prime factors.,2 x 3 squared x 7,2 squared x 3 x 7,2 x 3 x 7 squared,126=2x3x3x7.,Divide repeatedly by the smallest prime number that fits.,,2 x 3^2 x 7,2^2 x 3 x 7,2 x 3 x 7^2,,,
1022,161b,161,2,No,Write 150 as a product of its prime factors.,2 x 3 x 5 squared,2 squared x 3 x 5,2 x 3 squared x 5,150=2x3x5x5.,Divide repeatedly by the smallest prime number that fits.,,2 x 3 x 5^2,2^2 x 3 x 5,2 x 3^2 x 5,,,
1023,161b,161,3,No,Write 210 as a product of its prime factors.,2 x 3 x 5 x 7,2 squared x 3 x 5 x 7,2 x 3 x 5 x 7 squared,210=2x3x5x7.,Divide repeatedly by the smallest prime number that fits.,,,,,,,
1024,161c,161,1,No,Write 6 x 10 as a product of prime factors.,2 squared x 3 x 5,2 x 3 x 5,2 cubed x 3 x 5,"6=2x3 and 10=2x5, so together: 2x3x2x5=2x2x3x5.","Prime factorise each number separately, then combine.",,2^2 x 3 x 5,,2^3 x 3 x 5,,,
1025,161c,161,2,No,Write 12 x 25 as a product of prime factors.,2 squared x 3 x 5 squared,2 squared x 3 squared x 5,2 x 3 x 5 squared,"12=2x2x3 and 25=5x5, so together: 2x2x3x5x5.","Prime factorise each number separately, then combine.",,2^2 x 3 x 5^2,2^2 x 3^2 x 5,2 x 3 x 5^2,,,
1026,161c,161,3,No,Write 21 x 22 as a product of prime factors.,2 x 3 x 7 x 11,2 squared x 3 x 7 x 11,2 x 3 x 7 x 11 squared,"21=3x7 and 22=2x11, so together: 2x3x7x11.","Prime factorise each number separately, then combine.",,,,,,,
1027,161d,161,2,No,Simplify 2 cubed times 3 squared times 2 squared as a single product of prime factors.,"2 to the power of 5, times 3 squared","2 to the power of 6, times 3 squared","2 to the power of 5, times 3 to the power of 4","Combine the powers of 2: 3+2=5, giving 2 to the power of 5, times 3 squared.",Combine any repeated prime bases by adding their powers.,Simplify 2^3 x 3^2 x 2^2 as a single product of prime factors.,2^5 x 3^2,2^6 x 3^2,2^5 x 3^4,"Combine the powers of 2: 3+2=5, giving 2^5 x 3^2.",,
1028,161d,161,3,No,Simplify 3 squared times 2 cubed times 3 as a single product of prime factors.,2 cubed x 3 cubed,2 cubed x 3 squared,"2 to the power of 6, times 3 cubed","Combine the powers of 3: 2+1=3, giving 2 cubed times 3 cubed.",Combine any repeated prime bases by adding their powers.,Simplify 3^2 x 2^3 x 3 as a single product of prime factors.,2^3 x 3^3,2^3 x 3^2,2^6 x 3^3,"Combine the powers of 3: 2+1=3, giving 2^3 x 3^3.",,
1029,161d,161,3,No,Simplify 5² × 2³ × 5⁻¹ × 2 as a product of prime factors.,"5, times 2 to the power of 4","5 cubed, times 2 to the power of 4","5, times 2 cubed","Combine powers of 5: 2+(-1)=1. Combine powers of 2: 3+1=4. Result: 5, times 2 to the power of 4.","Combine any repeated prime bases by adding their powers, including negative ones.",Simplify 5^2 x 2^3 x 5^{-1} x 2 as a single product of prime factors.,5 x 2^4,5^3 x 2^4,5 x 2^3,Combine powers of 5: 2+(-1)=1. Combine powers of 2: 3+1=4. Result: 5 x 2^4.,,
1030,162a,162,1,No,36 = 2 squared x 3 squared and 60 = 2 squared x 3 x 5. Find their HCF.,12,180,6,Take the lowest power of each shared prime: 2 squared x 3 = 12.,Take the lowest power of each prime that appears in both.,36 = 2^2 x 3^2 and 60 = 2^2 x 3 x 5. Find their HCF.,,,,Take the lowest power of each shared prime: 2^2 x 3=12.,,
1031,162b,162,1,No,36 = 2 squared x 3 squared and 60 = 2 squared x 3 x 5. Find their LCM.,180,12,1080,Take the highest power of each prime present: 2 squared x 3 squared x 5 = 180.,Take the highest power of every prime that appears in either number.,36 = 2^2 x 3^2 and 60 = 2^2 x 3 x 5. Find their LCM.,,,,Take the highest power of each prime present: 2^2 x 3^2 x 5=180.,,
1032,162c,162,1,No,Find the HCF of 18 and 24 by prime factorising.,6,72,12,"18=2x3x3, 24=2x2x2x3. Lowest shared powers: 2x3=6.","Prime factorise both numbers, then take the lowest power of each shared prime.",,,,,,,
1033,162c,162,2,No,Find the HCF of 45 and 75 by prime factorising.,15,225,5,"45=3x3x5, 75=3x5x5. Lowest shared powers: 3x5=15.","Prime factorise both numbers, then take the lowest power of each shared prime.",,,,,,,
1034,162d,162,1,No,Find the LCM of 18 and 24 by prime factorising.,72,6,432,"18=2x3x3, 24=2x2x2x3. Highest powers: 2x2x2x3x3=72.","Prime factorise both numbers, then take the highest power of each prime.",,,,,,,
1035,162e,162,2,No,"Find the HCF of 12, 18 and 30 by prime factorising.",6,180,2,"12=2x2x3, 18=2x3x3, 30=2x3x5. Lowest shared powers: 2x3=6.","Prime factorise all numbers, then take the lowest shared power of each prime.",,,,,,,
1036,162e,162,3,No,"Find the HCF of 24, 36 and 60 by prime factorising.",12,720,4,"24=2x2x2x3, 36=2x2x3x3, 60=2x2x3x5. Lowest shared powers: 2x2x3=12.","Prime factorise all numbers, then take the lowest shared power of each prime.",,,,,,,
1037,162f,162,2,No,"Find the LCM of 12, 18 and 30 by prime factorising.",180,6,2160,"12=2x2x3, 18=2x3x3, 30=2x3x5. Highest powers: 2x2x3x3x5=180.","Prime factorise all numbers, then take the highest power of each prime.",,,,,,,
1038,162f,162,3,No,"Find the LCM of 8, 12 and 20 by prime factorising.",120,4,1920,"8=2x2x2, 12=2x2x3, 20=2x2x5. Highest powers: 2x2x2x3x5=120.","Prime factorise all numbers, then take the highest power of each prime.",,,,,,,
1039,162g,162,2,No,Simplify 42/56 by finding the HCF using prime factorisation.,'3/4,'6/8,'21/28,"42=2x3x7, 56=2x2x2x7. HCF=2x7=14. 42÷14=3, 56÷14=4.","Prime factorise top and bottom, find the HCF, then divide both by it.",,,,,,,
1040,162g,162,3,No,Simplify 108/144 by finding the HCF using prime factorisation.,'3/4,'27/36,'9/12,"108=2x2x3x3x3, 144=2x2x2x2x3x3. HCF=2x2x3x3=36. 108÷36=3, 144÷36=4.","Prime factorise top and bottom, find the HCF, then divide both by it.",,,,,,,
1041,162j,162,3,No,Two numbers have a HCF of 8 and a LCM of 96. One number is 24. Find the other number.,32,16,768,HCF x LCM = product of the numbers: 8x96=768. 768÷24=32.,"Multiply the HCF and LCM together, then divide by the known number.",,,,,,,
1042,163a,163,1,No,Is 342 divisible by 9?,Yes,No,Only if it's even,"Digit sum: 3+4+2=9, which is divisible by 9.",Add the digits and check if the total is divisible by 9.,,,,,,,
1043,163a,163,2,No,Is 2394 divisible by 6?,Yes,No,Only if it's divisible by 9,"It's even, and its digit sum (2+3+9+4=18) is divisible by 3, so it's divisible by 6.",Check divisibility by both 2 and 3.,,,,,,,
1044,163a,163,3,No,Is 350 divisible by 8?,No,Yes,Only if it's divisible by 4,"350÷8=43.75, which isn't a whole number.","Divide by 8 directly, or check the last three digits' divisibility.",,,,,,,
1045,163b,163,1,No,Is 121 divisible by 11?,Yes,No,Only if it's a palindrome,121÷11=11 exactly.,"Try dividing directly, or use the alternating digit sum rule.",,,,,,,
1046,163b,163,2,No,Is 3729 divisible by 11?,Yes,No,Only if it's divisible by 3,"Alternating digit sum (right to left): 9-2+7-3=11, which is divisible by 11.","Use the alternating sum of digits, working from the right.",,,,,,,
1047,163b,163,3,No,Is 5823 divisible by 11?,No,Yes,Only if it's divisible by 3,"Alternating digit sum (right to left): 3-2+8-5=4, not divisible by 11.","Use the alternating sum of digits, working from the right.",,,,,,,
1048,163c,163,1,No,"Which makes 4☐2 divisible by 6: 1, 3, or 5?",3,1,5,"The number is already even. Digit sum 4+3+2=9, divisible by 3, so 3 works.",The number needs to be divisible by both 2 and 3.,,,,,,,
1049,163c,163,2,No,"Which makes 27☐ divisible by 4: 2, 5, or 8?",2,5,8,The last two digits must be divisible by 4. 72÷4=18 exactly.,Check whether the last two digits form a number divisible by 4.,,,,,,,
1050,163c,163,3,No,"Which makes 5☐6 divisible by 9: 2, 5, or 7?",7,2,5,"Digit sum 5+☐+6=11+☐, which must be divisible by 9. 11+7=18.","Add the known digits, then find what makes the total divisible by 9.",,,,,,,
1051,163d,163,1,No,Is 144 divisible by 12?,Yes,No,Only if it's divisible by 6,"144 is divisible by both 3 (digit sum 9) and 4 (44÷4=11), so it's divisible by 12.",Check divisibility by the two factors of 12 (3 and 4).,,,,,,,
1052,163d,163,2,No,Is 522 divisible by 18?,Yes,No,Only if it's divisible by 4,"It's even, and its digit sum (5+2+2=9) is divisible by 9, so it's divisible by 18.",Check divisibility by both 2 and 9.,,,,,,,
1053,163d,163,3,No,Is 450 divisible by 36?,No,Yes,Only if it's divisible by 9,"Its last two digits (50) aren't divisible by 4, so it isn't divisible by 36, even though it's divisible by 9.",Check divisibility by both 4 and 9.,,,,,,,
1054,164a,164,1,No,N = 2 cubed x 3 squared. Is 24 a factor of N?,Yes,No,Only if N is even,24=2x2x2x3. Every prime power in 24 is matched or exceeded in N.,Compare the prime factorisation of the possible factor to N's.,N=2^3 x 3^2. Is 24 a factor of N?,,,,24=2^3 x 3. Every prime power in 24 is matched or exceeded in N.,,
1055,164a,164,2,No,N = 2 squared x 3 x 5 squared. Is 40 a factor of N?,No,Yes,Only if N is odd,"40=2x2x2x5. N only has two 2s, which isn't enough.",Compare the prime factorisation of the possible factor to N's.,N=2^2 x 3 x 5^2. Is 40 a factor of N?,,,,"40=2^3 x 5. N only has 2^2, which isn't enough to cover 2^3.",,
1056,164a,164,3,No,"N = 2 to the power of 4, times 3 squared, times 5. Is 180 a factor of N?",Yes,No,Only if N is a multiple of 9,180=2x2x3x3x5. Every prime power in 180 is matched or exceeded in N.,Compare the prime factorisation of the possible factor to N's.,N=2^4 x 3^2 x 5. Is 180 a factor of N?,,,,180=2^2 x 3^2 x 5. Every prime power in 180 is matched or exceeded in N.,,
1057,164b,164,1,No,"N = 2 to the power of 4, times 3 squared. Is N a square number?",Yes,No,Only if both powers are odd,"Both powers (4 and 2) are even, so N is a perfect square.",A number is a perfect square if every power in its prime factorisation is even.,N=2^4 x 3^2. Is N a square number?,,,,,,
1058,164b,164,2,No,N = 2 cubed x 3 cubed x 5 cubed. Is N a cube number?,Yes,No,Only if all powers are even,"Every power (3, 3, 3) is a multiple of 3, so N is a perfect cube.",A number is a perfect cube if every power in its prime factorisation is a multiple of 3.,N=2^3 x 3^3 x 5^3. Is N a cube number?,,,,,,
1059,164b,164,3,No,N = 2⁶ × 3⁶. Is N a sixth power number (both a square and a cube)?,Yes,No,Only if the powers are equal,"Both powers (6 and 6) are multiples of 6, so N is a perfect sixth power.",A sixth power number needs every prime's power to be a multiple of 6.,N=2^6 x 3^6. Is N a sixth power number (both a square and a cube)?,,,,,,
1060,164c,164,1,No,N = 2 squared x 5 cubed. How many trailing zeroes does N have?,2,3,5,"Trailing zeroes come from pairs of 2 and 5. The lower power is 2, so there are 2 zeroes.",Count how many pairs of 2 and 5 can be made from the powers given.,N=2^2 x 5^3. How many trailing zeroes does N have?,,,,,,
1061,164c,164,2,No,"N = 2 to the power of 5, times 5 squared, times 3. How many trailing zeroes does N have?",2,5,3,"Trailing zeroes come from pairs of 2 and 5. The lower power is 2, so there are 2 zeroes.",Count how many pairs of 2 and 5 can be made from the powers given.,N=2^5 x 5^2 x 3. How many trailing zeroes does N have?,,,,,,
1062,164c,164,3,No,"N = 2 cubed x 5 to the power of 6, times 7 squared. How many trailing zeroes does N have?",3,6,2,"Trailing zeroes come from pairs of 2 and 5. The lower power is 3, so there are 3 zeroes.",Count how many pairs of 2 and 5 can be made from the powers given.,N=2^3 x 5^6 x 7^2. How many trailing zeroes does N have?,,,,,,
1063,164d,164,1,No,N = 2 cubed x 3 squared. How many factors does N have?,12,6,5,Add 1 to each power and multiply: (3+1)x(2+1)=12.,"Add 1 to each exponent, then multiply the results together.",N=2^3 x 3^2. How many factors does N have?,,,,,,
1064,164d,164,2,No,"N = 2 to the power of 4, times 3 squared. How many factors does N have?",15,12,20,Add 1 to each power and multiply: (4+1)x(2+1)=15.,"Add 1 to each exponent, then multiply the results together.",N=2^4 x 3^2. How many factors does N have?,,,,,,
1065,164d,164,3,No,N = 2 squared x 3 x 5 squared. How many factors does N have?,18,12,15,Add 1 to each power and multiply: (2+1)x(1+1)x(2+1)=18.,"Add 1 to each exponent, then multiply the results together.",N=2^2 x 3 x 5^2. How many factors does N have?,,,,,,
1066,165a,165,1,No,2/3 x 3/4 =,'1/2,'6/12,'5/7,Multiply numerators and denominators: (2x3)/(3x4) = 6/12. Simplify by dividing by 6: 1/2.,"Multiply the numerators together and the denominators together, then simplify.",,,,,,,
1067,165a,165,2,No,3/4 x 4/9 =,'1/3,'12/36,'7/13,Multiply: (3x4)/(4x9) = 12/36. Simplify by dividing by 12: 1/3.,Look for common factors before simplifying.,,,,,,,
1068,165a,165,3,No,5/6 x 9/10 =,'3/4,'45/60,'45/10,Multiply numerators and denominators: (5x9)/(6x10) = 45/60. Simplify by dividing by 15: 3/4.,"Multiply across, then simplify using the highest common factor.",,,,,,,
1069,165b,165,2,No,Find the square root of 4/9.,'2/3,'2/9,'16/81,"Take the square root of the numerator and the denominator separately: the square root of 4 is 2, and the square root of 9 is 3, giving 2/3.",Find the square root of the top number and the bottom number separately.,Find √(4/9).,,,,,,
1070,165c,165,1,No,(2/3)^2 =,'4/9,'4/3,'2/9,"Square the numerator and the denominator separately: 2 squared is 4 and 3 squared is 9, giving 4/9.",Square the top and bottom numbers separately.,,,,,,,
1071,165d,165,3,No,(-1/2)^3 =,'-1/8,'1/8,'-1/2,"Cube the numerator and denominator, keeping the negative sign since the power is odd: (-1) cubed is -1 and 2 cubed is 8, giving -1/8.",An odd power keeps the negative sign; an even power would make the result positive.,,,,,,,
1072,165e,165,1,No,2/3 of a group are adults; 3/4 of the adults wear hats. What fraction are adults wearing hats?,'1/2,'5/7,'6/12,"Multiply the two fractions: 2/3 of 3/4 is (2x3)/(3x4) = 6/12, which simplifies to 1/2.",Multiply the fraction of adults by the fraction of adults wearing hats.,,,,,,,
1073,165e,165,2,No,3/5 of a herd are cows. 5/6 of the cows are brown. What fraction of the herd are brown cows?,'1/2,'15/30,'8/11,"Multiply the fractions: (3x5)/(5x6) = 15/30, which simplifies to 1/2.","Multiply the two given fractions together, then simplify.",,,,,,,
1074,165f,165,3,No,A tank is 2/3 full. 3/5 of its water is used. What fraction of its capacity remains?,'4/15,'2/5,'1/3,Find the fraction used: 3/5 of 2/3 is (3x2)/(5x3) = 6/15 = 2/5. Subtract from the filled amount: 2/3 - 2/5 = 10/15 - 6/15 = 4/15.,"First find what fraction of the tank's capacity was used, then subtract that from the fraction that was full.",,,,,,,
1075,166a,166,1,No,1/3 ÷ 2/5 =,'5/6,'2/15,'5/3,Multiply by the reciprocal of the second fraction: 1/3 x 5/2 = 5/6.,Turn the second fraction upside down and multiply.,,,,,,,
1076,166b,166,2,No,2/3 ÷ 4/9 =,'3/2,'18/12,'8/27,"Multiply by the reciprocal: 2/3 x 9/4 = 18/12, which simplifies to 3/2.","Flip the second fraction, multiply, then simplify fully.",,,,,,,
1077,166c,166,3,No,4 ÷ 2/5 =,10,'2/5,'8/5,"Write 4 as 4/1, then multiply by the reciprocal of 2/5: 4/1 x 5/2 = 20/2 = 10.","Write the whole number as a fraction over 1 first, then flip and multiply.",,,,,,,
1078,166d,166,1,No,3/4 ÷ 1/2 + 1/4 =,1 and 3/4,1 and 1/2,'5/8,Follow order of operations - divide first: 3/4 ÷ 1/2 = 3/2. Then add: 3/2 + 1/4 = 6/4 + 1/4 = 7/4 = 1 and 3/4.,Do the division before the addition.,,,,Follow order of operations - divide first: 3/4 ÷ 1/2 = 3/2. Then add: 3/2 + 1/4 = 6/4 + 1/4 = 7/4 = 1¾.,,,
1079,166d,166,2,No,2/3 x 3/4 ÷ 1/6 =,3,'1/2,'1/12,Work left to right. Multiply first: 2/3 x 3/4 = 6/12 = 1/2. Then divide: 1/2 ÷ 1/6 = 1/2 x 6 = 3.,Work through the operations from left to right.,,,,,,,
1080,166d,166,3,No,(1/2 + 1/4) ÷ 2/3 =,1 and 1/8,'3/4,'1/2,Work out the bracket first: 1/2 + 1/4 = 3/4. Then divide by 2/3: 3/4 ÷ 2/3 = 3/4 x 3/2 = 9/8 = 1 and 1/8.,"Complete the bracket first, then divide by the last fraction.",,,,Work out the bracket first: 1/2 + 1/4 = 3/4. Then divide by 2/3: 3/4 ÷ 2/3 = 3/4 x 3/2 = 9/8 = 1⅛.,,,
1081,166e,166,1,No,Simplify (1/2) ÷ (3/4).,'2/3,'3/8,'3/2,"Multiply by the reciprocal of the second fraction: 1/2 x 4/3 = 4/6, which simplifies to 2/3.",Dividing by a fraction is the same as multiplying by its reciprocal.,,,,,,,
1082,166f,166,2,No,Simplify (1/2 + 1/4) ÷ 3/8.,2,'3/4,'9/32,Work out the bracket first: 1/2 + 1/4 = 3/4. Then divide by 3/8: 3/4 ÷ 3/8 = 3/4 x 8/3 = 24/12 = 2.,"Simplify the addition inside the brackets first, then divide.",,,,,,,
1083,166g,166,3,No,Simplify (2/3 x 3/4) ÷ (5/6).,'3/5,'1/2,'5/12,Simplify the numerator first: 2/3 x 3/4 = 6/12 = 1/2. Then divide by 5/6: 1/2 ÷ 5/6 = 1/2 x 6/5 = 6/10 = 3/5.,"Simplify the top of the complex fraction first, then divide by the bottom.",,,,,,,
1084,167a,167,1,No,1 and 1/2 x 2 =,3,2,2 and 1/2,Convert to an improper fraction: 1 and 1/2 = 3/2. Multiply by 2: 3/2 x 2 = 6/2 = 3.,Convert the mixed number to an improper fraction before multiplying.,1½ x 2 =,,,2½,,,
1085,167a,167,2,No,2 and 1/3 x 1 and 1/2 =,3 and 1/2,2 and 1/6,'21/6,"Convert both to improper fractions: 2 and 1/3 = 7/3, and 1 and 1/2 = 3/2. Multiply: 7/3 x 3/2 = 21/6, which simplifies to 7/2 = 3 and 1/2.","Convert both mixed numbers to improper fractions first, then multiply and simplify.",2⅓ x 1½ =,3½,2⅙,,"Convert both to improper fractions: 2⅓ = 7/3, and 1½ = 3/2. Multiply: 7/3 x 3/2 = 21/6, which simplifies to 7/2 = 3½.",,
1086,167a,167,3,No,1 and 3/4 x 2 and 2/5 =,4 and 1/5,'84/20,'7/10,"Convert to improper fractions: 1 and 3/4 = 7/4, and 2 and 2/5 = 12/5. Multiply: 7/4 x 12/5 = 84/20, which simplifies to 21/5 = 4 and 1/5.","Convert both mixed numbers to improper fractions before multiplying, then simplify fully.",1¾ x 2⅖ =,4⅕,,,"Convert to improper fractions: 1¾ = 7/4, and 2⅖ = 12/5. Multiply: 7/4 x 12/5 = 84/20, which simplifies to 21/5 = 4⅕.",,
1087,167b,167,1,No,1 and 1/2 x 2 + 1/4 =,3 and 1/4,3,3 and 3/8,Multiply first: 1 and 1/2 x 2 = 3. Then add: 3 + 1/4 = 3 and 1/4.,Do the multiplication before the addition.,1½ x 2 + 1/4 =,3¼,,3⅜,Multiply first: 1½ x 2 = 3. Then add: 3 + 1/4 = 3¼.,,
1088,167b,167,2,No,2 and 1/3 x 1/2 - 1/6 =,1,'7/6,'7/9,Multiply first: 2 and 1/3 x 1/2 = 7/3 x 1/2 = 7/6. Then subtract: 7/6 - 1/6 = 6/6 = 1.,Multiply before you subtract.,2⅓ x 1/2 - 1/6 =,,,,Multiply first: 2⅓ x 1/2 = 7/3 x 1/2 = 7/6. Then subtract: 7/6 - 1/6 = 6/6 = 1.,,
1089,167b,167,3,No,(1 and 1/4 + 1/2) x 2 and 2/3 =,4 and 2/3,'56/12,2 and 7/12,"Work out the bracket first: 1 and 1/4 + 1/2 = 1 and 3/4 = 7/4. Multiply: 7/4 x 2 and 2/3 = 7/4 x 8/3 = 56/12, which simplifies to 14/3 = 4 and 2/3.","Complete the bracket first, then multiply.",(1¼ + 1/2) x 2⅔ =,4⅔,,2{7/12},"Work out the bracket first: 1¼ + 1/2 = 1¾ = 7/4. Multiply: 7/4 x 2⅔ = 7/4 x 8/3 = 56/12, which simplifies to 14/3 = 4⅔.",,
1090,168a,168,1,No,How many times does 1/2 fit into 2 and 1/2?,5,2,1 and 1/4,Convert to an improper fraction: 2 and 1/2 = 5/2. Divide by 1/2: 5/2 ÷ 1/2 = 5/2 x 2 = 5.,"Convert the mixed number to an improper fraction first, then divide.",How many times does 1/2 fit into 2½?,,,1¼,Convert to an improper fraction: 2½ = 5/2. Divide by 1/2: 5/2 ÷ 1/2 = 5/2 x 2 = 5.,,
1091,168a,168,2,No,How many times does 1/4 fit into 3 and 3/4?,15,3,'15/4,Convert to an improper fraction: 3 and 3/4 = 15/4. Divide by 1/4: 15/4 ÷ 1/4 = 15/4 x 4 = 15.,"Convert to an improper fraction, then divide by the unit fraction.",How many times does 1/4 fit into 3¾?,,,,Convert to an improper fraction: 3¾ = 15/4. Divide by 1/4: 15/4 ÷ 1/4 = 15/4 x 4 = 15.,,
1092,168a,168,3,No,How many times does 2/3 fit into 4 and 2/3?,7,4,'28/9,Convert to an improper fraction: 4 and 2/3 = 14/3. Divide by 2/3: 14/3 ÷ 2/3 = 14/3 x 3/2 = 42/6 = 7.,"Convert to an improper fraction, then divide by the given fraction.",How many times does 2/3 fit into 4⅔?,,,,Convert to an improper fraction: 4⅔ = 14/3. Divide by 2/3: 14/3 ÷ 2/3 = 14/3 x 3/2 = 42/6 = 7.,,
1093,168b,168,1,No,5/2 ÷ 2/3 =,3 and 3/4,'15/4,'5/3,"Multiply by the reciprocal: 5/2 x 3/2 = 15/4, which converts to 3 and 3/4.","Multiply by the reciprocal, then convert the improper fraction to a mixed number.",,3¾,,,"Multiply by the reciprocal: 5/2 x 3/2 = 15/4, which converts to 3¾.",,
1094,168c,168,2,No,1 and 1/2 ÷ 2 and 1/4 =,'2/3,'12/18,3 and 3/8,"Convert to improper fractions: 1 and 1/2 = 3/2, and 2 and 1/4 = 9/4. Multiply by the reciprocal: 3/2 x 4/9 = 12/18, which simplifies to 2/3.","Convert both mixed numbers to improper fractions, then multiply by the reciprocal of the second.",1½ ÷ 2¼ =,,,3⅜,"Convert to improper fractions: 1½ = 3/2, and 2¼ = 9/4. Multiply by the reciprocal: 3/2 x 4/9 = 12/18, which simplifies to 2/3.",,
1095,168d,168,3,No,3 and 1/3 ÷ 4 =,'5/6,'10/12,13 and 1/3,"Convert to an improper fraction: 3 and 1/3 = 10/3. Write 4 as 4/1 and multiply by its reciprocal: 10/3 x 1/4 = 10/12, which simplifies to 5/6.","Convert the mixed number to an improper fraction, then divide by the whole number.",3⅓ ÷ 4 =,,,13⅓,"Convert to an improper fraction: 3⅓ = 10/3. Write 4 as 4/1 and multiply by its reciprocal: 10/3 x 1/4 = 10/12, which simplifies to 5/6.",,
1096,168e,168,1,No,A ribbon is 4 and 1/2 metres long. It is cut into pieces 3/4 metre long. How many pieces are made?,6,4,1 and 1/2,Convert to an improper fraction: 4 and 1/2 = 9/2. Divide by 3/4: 9/2 ÷ 3/4 = 9/2 x 4/3 = 36/6 = 6.,"Convert the length to an improper fraction, then divide by the size of each piece.",A ribbon is 4½ metres long. It is cut into pieces 3/4 metre long. How many pieces are made?,,,1½,Convert to an improper fraction: 4½ = 9/2. Divide by 3/4: 9/2 ÷ 3/4 = 9/2 x 4/3 = 36/6 = 6.,,
1097,168e,168,2,No,One batch uses 2 1/4 cups flour. How many batches can be made with 6 3/4 cups?,3,'27/4,2 and 1/4,"Convert both amounts to improper fractions: 2 and 1/4 = 9/4, and 6 and 3/4 = 27/4. Divide: 27/4 ÷ 9/4 = 27/9 = 3.",Convert both amounts to improper fractions before dividing.,A recipe uses 2¼ cups of flour for one batch. How many batches can be made with 6¾ cups?,,,2¼,"Convert both amounts to improper fractions: 2¼ = 9/4, and 6¾ = 27/4. Divide: 27/4 ÷ 9/4 = 27/9 = 3.",,
1098,168e,168,3,No,5 1/4 litres of water are shared equally between 3 containers. 1/2 litre is then poured from one. How much remains in that container?,1 and 1/4,1 and 3/4,4 and 3/4,Divide the total by 3: 5 and 1/4 ÷ 3 = 21/4 ÷ 3 = 21/12 = 7/4 = 1 and 3/4 litres per container. Subtract the water poured out: 1 and 3/4 - 1/2 = 7/4 - 2/4 = 5/4 = 1 and 1/4 litres.,"First divide the total by 3, then subtract the amount poured out.","A tank contains 5¼ litres of water. It is shared equally between 3 containers, then 1/2 litre is poured out of one container. How much water is left in that container?",1¼,1¾,4¾,Divide the total by 3: 5¼ ÷ 3 = 21/4 ÷ 3 = 21/12 = 7/4 = 1¾ litres per container. Subtract the water poured out: 1¾ - 1/2 = 7/4 - 2/4 = 5/4 = 1¼ litres.,,
1099,169a,169,1,No,Increase 60 by 1/5.,72,12,48,Find 1/5 of 60: 60 ÷ 5 = 12. Add to the original: 60 + 12 = 72.,"Find the fraction of the amount first, then add it to the original.",,,,,,,
1100,169a,169,2,No,Increase 84 by 3/7.,120,36,48,"Find 3/7 of 84: 84 ÷ 7 = 12, so 3/7 = 36. Add to the original: 84 + 36 = 120.","Divide by the denominator to find one part, then multiply by the numerator before adding.",,,,,,,
1101,169a,169,3,No,"150 is increased by 2/5, then by 1/10 of the new amount. Find the final amount.",231,210,225,"Increase 150 by 2/5: 150 ÷ 5 = 30, so 2/5 = 60. New amount: 150 + 60 = 210. Increase 210 by 1/10: 210 ÷ 10 = 21. Final amount: 210 + 21 = 231.","Apply the first increase, then apply the second increase to the new amount, not the original.",,,,,,,
1102,169b,169,1,No,Decrease 90 by 1/3.,60,30,120,Find 1/3 of 90: 90 ÷ 3 = 30. Subtract from the original: 90 - 30 = 60.,"Find the fraction of the amount first, then subtract it from the original.",,,,,,,
1103,169b,169,2,No,Decrease 72 by 5/8.,27,45,63,"Find 5/8 of 72: 72 ÷ 8 = 9, so 5/8 = 45. Subtract from the original: 72 - 45 = 27.","Divide by the denominator to find one part, then multiply by the numerator before subtracting.",,,,,,,
1104,169b,169,3,No,"200 is decreased by 3/10, then by 1/4 of the new amount. Find the final amount.",105,140,90,"Decrease 200 by 3/10: 200 ÷ 10 = 20, so 3/10 = 60. New amount: 200 - 60 = 140. Decrease 140 by 1/4: 140 ÷ 4 = 35. Final amount: 140 - 35 = 105.","Apply the first decrease, then apply the second decrease to the new amount, not the original.",,,,,,,
1105,170a,170,1,No,"After 1/4 of a number is removed, 30 remains. What was the original number?",40,30,120,"1/4 was removed, so 30 represents 3/4 of the original. Divide by 3 to find one quarter: 30 ÷ 3 = 10. Multiply by 4: 10 x 4 = 40.","Work out what fraction of the original the given amount represents, then scale up.",,,,,,,
1106,170b,170,2,No,"After 2/5 of a number is removed, 42 remains. What was the original number?",70,42,105,"2/5 was removed, so 42 represents 3/5 of the original. Divide by 3 to find one fifth: 42 ÷ 3 = 14. Multiply by 5: 14 x 5 = 70.","Find what fraction of the original the remaining amount represents, then scale up.",,,,,,,
1107,170c,170,3,No,3/8 of a school's students are boys; there are 210 boys. How many students are there?,560,210,630,210 represents 3/8 of the school. Divide by 3 to find one eighth: 210 ÷ 3 = 70. Multiply by 8: 70 x 8 = 560.,"Find one eighth first, then scale up to the whole amount.",,,,,,,
1108,170d,170,2,No,2/5 of a number is 40. What is 3/4 of the same number?,75,40,60,"2/5 of the number is 40, so the whole number is 40 ÷ 2 x 5 = 100. Find 3/4 of 100: 100 ÷ 4 x 3 = 75.","First find the whole number from the given fraction, then find the fraction you need.",,,,,,,
1109,170e,170,1,No,A price was increased by 1/5 to give £96. What was the original price?,80,96,16,A 1/5 increase means the new price is 6/5 of the original. Divide by 6 to find one sixth: 96 ÷ 6 = 16. Multiply by 5: 16 x 5 = 80.,"Work out what fraction of the original the new value represents, then scale back down.",,,,,,,
1110,170f,170,1,No,"3/5 of a number is spent, leaving 24. What was the original number?",60,24,40,"3/5 was spent, so 24 represents 2/5 of the original. Divide by 2 to find one fifth: 24 ÷ 2 = 12. Multiply by 5: 12 x 5 = 60.","Find what fraction remains, then scale up to the original.",,,,,,,
1111,170g,170,3,No,"2/5 of a class are boys. 1/3 of the remainder are girls who play sport. If 8 girls play sport, how many students are in the class?",40,24,8,"Girls who play sport are 1/3 of the remaining 3/5, which is 1/5 of the whole class. So 1/5 of the class is 8. Multiply by 5: 8 x 5 = 40.","Work out what fraction of the whole class the given group represents, then scale up.",,,,,,,
1112,170h,170,3,No,The difference between 3/4 and 1/2 of a number is 18. What is the number?,72,18,36,The difference between 3/4 and 1/2 is 1/4. So 1/4 of the number is 18. Multiply by 4: 18 x 4 = 72.,"Find the fraction that represents the difference first, then scale up from that.",,,,,,,
1113,170i,170,2,No,"A number has 1/4 of itself removed, then 3 is subtracted, leaving 15. What was the original number?",24,20,23,Add back the fixed amount: 15 + 3 = 18. This represents 3/4 of the original. Divide by 3 to find one quarter: 18 ÷ 3 = 6. Multiply by 4: 6 x 4 = 24.,"Undo the fixed subtraction first, then scale up using the fraction.",,,,,,,
1114,171a,171,1,No,1/4 of sweets are red and 2/5 green. What fraction are neither?,'7/20,'13/20,'3/20,Add the two fractions: 1/4 + 2/5 = 5/20 + 8/20 = 13/20. Subtract from the whole: 1 - 13/20 = 7/20.,"Add the two given fractions, then subtract the total from 1.",,,,,,,
1115,171b,171,3,No,"A £300 bill is split: A pays 1/5, B pays 2/5, and C pays the rest plus £10 tip. How much does C pay?",£130,£120,£180,A and B pay 1/5 + 2/5 = 3/5 of the bill. The remaining fraction is 1 - 3/5 = 2/5. Find 2/5 of 300: 300 ÷ 5 x 2 = 120. Add the extra £10: 120 + 10 = 130.,"Find the remaining fraction of the bill first, then add the extra fixed amount.",,,,,,,
1116,171c,171,1,No,Find 2/3 of 3/5 of 60.,24,36,12,Find 3/5 of 60: 60 ÷ 5 x 3 = 36. Then find 2/3 of 36: 36 ÷ 3 x 2 = 24.,"Work out the first fraction of the amount, then find the second fraction of that result.",,,,,,,
1117,171d,171,2,No,A school has 120 students. 1/3 are in Year 7 and 2/5 in Year 8. How many are in neither?,32,88,40,Add the two fractions: 1/3 + 2/5 = 5/15 + 6/15 = 11/15. The remaining fraction is 1 - 11/15 = 4/15. Find 4/15 of 120: 120 ÷ 15 x 4 = 32.,"Combine the given fractions, subtract from 1, then apply that fraction to the total.",,,,,,,
1118,171d,171,3,No,"A farm has 90 animals: 2/9 sheep, 1/3 cows and the rest goats. How many goats?",40,50,30,Add the fractions: 2/9 + 1/3 = 2/9 + 3/9 = 5/9. The remaining fraction is 1 - 5/9 = 4/9. Find 4/9 of 90: 90 ÷ 9 x 4 = 40.,"Add the given fractions, subtract from 1, then apply that fraction to the total.",,,,,,,
1119,171e,171,2,No,A 60kg sack has 1/3 used for bread and 2/5 for cakes. How many kg remain?,16 kg,44 kg,20 kg,Add the fractions used: 1/3 + 2/5 = 5/15 + 6/15 = 11/15. The remaining fraction is 1 - 11/15 = 4/15. Find 4/15 of 60: 60 ÷ 15 x 4 = 16 kg.,"Add the fractions used, subtract from 1, then apply that fraction to the total weight.",,,,,,,
1120,171f,171,1,No,Maya earns £240 a week. She spends 1/4 on rent and 1/6 on food. How much does she have left?,£140,£100,£180,Add the fractions spent: 1/4 + 1/6 = 3/12 + 2/12 = 5/12. The remaining fraction is 1 - 5/12 = 7/12. Find 7/12 of 240: 240 ÷ 12 x 7 = 140.,"Add the fractions spent, subtract from 1, then apply that fraction to the total.",,,,,,,
1121,171g,171,2,No,"3/8 of a quantity is used, then 1/4 of the remainder. What fraction remains?",'15/32,'5/8,'3/32,"After the first use, 5/8 remains. 1/4 of that is used: 1/4 x 5/8 = 5/32. Subtract: 5/8 - 5/32 = 20/32 - 5/32 = 15/32.","Find what fraction remains after each step, then subtract the second amount used.",,,,,,,
1122,171h,171,3,No,2/3 of 3/4 of a number is 54. What is the number?,108,54,72,2/3 of 3/4 is 1/2. So 1/2 of the number is 54. Multiply by 2: 54 x 2 = 108.,"Combine the two fractions into one fraction first, then reverse it.",,,,,,,
1123,172a,172,1,No,Convert 3/4 to a decimal.,0.75,1.33,0.43,3/4 has a denominator that's a factor of 100 (100 ÷ 4 = 25). Multiply numerator and denominator by 25: 75/100 = 0.75.,"Find what the denominator multiplies to make 100, then apply the same multiplication to the numerator.",,,,,,,
1124,172b,172,2,No,Convert 7/200 to a decimal.,0.035,0.35,0.07,"200 is a multiple of 100 (200 = 100 x 2). Divide the numerator by 2 first: 7 ÷ 2 = 3.5, then divide by 100: 3.5 ÷ 100 = 0.035.","200 is 100 x 2 — divide the numerator by 2, then by 100.",,,,,,,
1125,172d,172,1,No,Convert 0.35 to a fraction in its simplest form.,'7/20,'35/100,'7/10,"0.35 = 35/100. Divide both by the highest common factor, 5: 35 ÷ 5 = 7, 100 ÷ 5 = 20, giving 7/20.","Write the decimal over the correct power of 10, then simplify.",,,,,,,
1126,172d,172,3,No,Convert 0.125 to a fraction in its simplest form.,'1/8,'125/1000,'1/80,"0.125 = 125/1000. Divide both by the highest common factor, 125: 125 ÷ 125 = 1, 1000 ÷ 125 = 8, giving 1/8.","Write the decimal over the correct power of 10, then find the highest common factor to simplify.",,,,,,,
1127,172e,172,3,No,Convert 3/8 to a decimal using division.,0.375,0.38,2.67,Divide 3 by 8: 3.000 ÷ 8 = 0.375.,Divide the numerator by the denominator directly.,,,,,,,
1128,172f,172,2,No,Convert 45% to a fraction in its simplest form.,'9/20,'45/100,'4/5,"45% = 45/100. Divide both by the highest common factor, 5: 45 ÷ 5 = 9, 100 ÷ 5 = 20, giving 9/20.","Write the percentage over 100, then simplify fully.",,,,,,,
1129,172g,172,1,No,Convert 3/5 to a percentage.,60%,35%,53%,5 is a factor of 100 (100 ÷ 5 = 20). Multiply numerator and denominator by 20: 60/100 = 60%.,"Find what the denominator multiplies to make 100, then apply the same multiplication to the numerator.",,,,,,,
1130,172j,172,2,No,18 out of 40 equal squares in a grid are shaded. What percentage of the grid is shaded?,45%,18%,55%,18 out of 40 is the fraction 18/40. Simplify to a denominator of 100: 18 ÷ 40 x 100 = 45%.,"Write the shaded amount as a fraction of the total, then convert to a percentage.",,,,,,,
1131,172k,172,3,No,Convert 21/300 to a percentage.,7%,21%,70%,Divide to find the decimal: 21 ÷ 300 = 0.07. Convert to a percentage: 0.07 x 100 = 7%.,"Divide the numerator by the denominator to get a decimal, then multiply by 100.",,,,,,,
1132,172l,172,1,No,Convert 0.427 to a percentage.,42.70%,4.27%,427%,Multiply by 100 to convert to a percentage: 0.427 x 100 = 42.7%.,"Multiply the decimal by 100, moving the decimal point two places right.",,,,,,,
1133,172l,172,3,No,Convert 0.0068 to a percentage.,0.68%,6.80%,68%,Multiply by 100 to convert to a percentage: 0.0068 x 100 = 0.68%.,"Multiply the decimal by 100, moving the decimal point two places right.",,,,,,,
1134,172m,172,2,No,Convert 6.5% to a decimal.,0.065,0.65,6.5,Divide by 100 to convert to a decimal: 6.5 ÷ 100 = 0.065.,"Divide the percentage by 100, moving the decimal point two places left.",,,,,,,
1135,172n,172,1,No,Work out 0.5 + 1/4.,0.75,0.54,0.6,Convert 1/4 to a decimal: 1/4 = 0.25. Add: 0.5 + 0.25 = 0.75.,"Convert the fraction to a decimal first, then add.",,,,,,,
1136,172n,172,2,No,Work out 0.6 - 3/8.,0.225,0.375,0.22,Convert 3/8 to a decimal: 3/8 = 0.375. Subtract: 0.6 - 0.375 = 0.225.,"Convert the fraction to a decimal first, then subtract.",,,,,,,
1137,172n,172,3,No,"Work out 1/3 + 0.4, giving your answer as a fraction.",'11/15,0.73,'3/8,Convert 0.4 to a fraction: 0.4 = 2/5. Add using a common denominator: 1/3 + 2/5 = 5/15 + 6/15 = 11/15.,"Convert the decimal to a fraction first, then add using a common denominator.",,,,,,,
1138,173a,173,1,No,Convert 1/3 to a recurring decimal.,0.3 recurring,0.3,0.33 recurring,"Divide 1 by 3: 1 ÷ 3 = 0.333..., which is written as 0.3 recurring.",Divide the numerator by the denominator and look for a repeating digit pattern.,,,,,,,
1139,173a,173,2,No,Convert 2/9 to a recurring decimal.,0.2 recurring,0.2,0.9 recurring,"Divide 2 by 9: 2 ÷ 9 = 0.222..., which is written as 0.2 recurring.",Divide the numerator by the denominator and look for a repeating digit pattern.,,,,,,,
1140,173a,173,3,No,Convert 5/11 to a recurring decimal.,0.45 recurring,0.4 recurring,0.54 recurring,"Divide 5 by 11: 5 ÷ 11 = 0.454545..., where the two digits '45' repeat, written as 0.45 recurring.",Divide the numerator by the denominator and check whether one or more digits repeat.,,,,,,,
1141,173b,173,1,No,Write 33.3% recurring as a fraction.,'1/3,'33/100,'1/30,33.3% recurring is the well-known equivalent of 1/3.,This is one of the standard recurring percentages worth memorising — think about which simple fraction divides to give a 3 recurring.,,,,,,,
1142,173b,173,2,No,Write 16.6% recurring as a fraction.,'1/6,'4/25,'1/60,16.6% recurring is the well-known equivalent of 1/6.,Think about which simple fraction divides to give a 6 recurring.,,,,,,,
1143,173b,173,3,No,Write 66.6% recurring as a fraction.,'2/3,'33/50,'1/3,"66.6% recurring is double 33.3% recurring, which is 1/3, so 66.6% recurring = 2/3.",Notice this is double the well-known 33.3% recurring = 1/3 fact.,,,,,,,
1144,174a,174,1,No,Convert 1.25 to a percentage.,125%,12.50%,1.25%,Multiply by 100 to convert to a percentage: 1.25 x 100 = 125%.,"Multiply the decimal by 100, moving the decimal point two places right.",,,,,,,
1145,174b,174,2,No,Convert 340% to a decimal.,3.4,34,0.34,Divide by 100 to convert to a decimal: 340 ÷ 100 = 3.4.,"Divide the percentage by 100, moving the decimal point two places left.",,,,,,,
1146,174b,174,3,No,Convert 218.5% to a decimal.,2.185,21.85,0.2185,Divide by 100 to convert to a decimal: 218.5 ÷ 100 = 2.185.,"Divide the percentage by 100, moving the decimal point two places left.",,,,,,,
1147,174c,174,1,No,Convert 150% to a mixed number in its simplest form.,1 and 1/2,'150/100,'3/2,"150% = 150/100. Simplify by dividing by the highest common factor, 50: 150 ÷ 50 = 3, 100 ÷ 50 = 2, giving 3/2 = 1 and 1/2.","Write the percentage over 100, simplify, then convert to a mixed number.",,1½,,,"150% = 150/100. Simplify by dividing by the highest common factor, 50: 150 ÷ 50 = 3, 100 ÷ 50 = 2, giving 3/2 = 1½.",,
1148,174c,174,3,No,Convert 225% to an improper fraction in its simplest form.,'9/4,'225/100,2 and 1/4,"225% = 225/100. Simplify by dividing by the highest common factor, 25: 225 ÷ 25 = 9, 100 ÷ 25 = 4, giving 9/4.","Write the percentage over 100, then simplify to an improper fraction.",,,,2¼,,,
1149,174d,174,1,No,Convert 1 and 3/4 to a decimal.,1.75,1.34,0.75,Convert 3/4 to a decimal: 3/4 = 0.75. Add the whole number: 1 + 0.75 = 1.75.,"Convert the fraction part to a decimal first, then add the whole number.",Convert 1¾ to a decimal.,,,,,,
1150,174e,174,2,No,Convert 2 and 1/2 to a percentage.,250%,25%,2.50%,Convert 2 and 1/2 to a decimal: 2 and 1/2 = 2.5. Multiply by 100 to convert to a percentage: 2.5 x 100 = 250%.,"Convert to a decimal first, then multiply by 100.",Convert 2½ to a percentage.,,,,Convert 2½ to a decimal: 2½ = 2.5. Multiply by 100 to convert to a percentage: 2.5 x 100 = 250%.,,
1151,174e,174,3,No,Convert 11/4 to a percentage.,275%,175%,27.50%,Convert 11/4 to a decimal: 11 ÷ 4 = 2.75. Multiply by 100 to convert to a percentage: 2.75 x 100 = 275%.,"Divide the numerator by the denominator to get a decimal, then multiply by 100.",,,,,,,
1152,174f,174,2,No,Convert 2.75 to a mixed number in its simplest form.,2 and 3/4,2 and 75/100,2 and 7/5,"2.75 = 2 and 75/100. Simplify 75/100 by dividing by 25: 75 ÷ 25 = 3, 100 ÷ 25 = 4, giving 2 and 3/4.","Write the decimal part as a fraction over 100, then simplify.",,2¾,2{75/100},2{7/5},"2.75 = 2{75/100}. Simplify 75/100 by dividing by 25: 75 ÷ 25 = 3, 100 ÷ 25 = 4, giving 2¾.",,
1153,175a,175,1,No,Insert < or > between 0.6 and 55%.,0.6 > 55%,0.6 < 55%,0.6 = 55%,"Convert 0.6 to a percentage: 0.6 = 60%. Compare: 60% is greater than 55%, so 0.6 > 55%.",Convert both values to the same form before comparing.,,,,,,,
1154,175a,175,2,No,Insert < or > between 0.08 and 8.5%.,0.08 < 8.5%,0.08 > 8.5%,0.08 = 8.5%,"Convert 0.08 to a percentage: 0.08 = 8%. Compare: 8% is less than 8.5%, so 0.08 < 8.5%.",Convert both values to the same form before comparing.,,,,,,,
1155,175a,175,3,No,Insert < or > between 0.145 and 14.6%.,0.145 < 14.6%,0.145 > 14.6%,0.145 = 14.6%,"Convert 0.145 to a percentage: 0.145 = 14.5%. Compare: 14.5% is less than 14.6%, so 0.145 < 14.6%.","Convert to the same form, being careful with the exact values when they're close together.",,,,,,,
1156,175b,175,1,No,Insert < or > between 3/5 and 0.55.,3/5 > 0.55,3/5 < 0.55,3/5 = 0.55,"Convert 3/5 to a decimal: 3/5 = 0.6. Compare: 0.6 is greater than 0.55, so 3/5 > 0.55.",Convert the fraction to a decimal before comparing.,,,,,,,
1157,175b,175,2,No,Insert < or > between 5/8 and 0.6.,5/8 > 0.6,5/8 < 0.6,5/8 = 0.6,"Convert 5/8 to a decimal: 5/8 = 0.625. Compare: 0.625 is greater than 0.6, so 5/8 > 0.6.",Convert the fraction to a decimal before comparing.,,,,,,,
1158,175b,175,3,No,Insert < or > between 7/9 and 0.78.,7/9 < 0.78,7/9 > 0.78,7/9 = 0.78,"Convert 7/9 to a decimal: 7/9 = 0.777... Compare: 0.777... is less than 0.78, so 7/9 < 0.78.","Convert the fraction to a decimal, and be careful with recurring decimals when comparing to close values.",,,,,,,
1159,175c,175,1,No,Insert < or > between 2/5 and 45%.,2/5 < 45%,2/5 > 45%,2/5 = 45%,"Convert 2/5 to a percentage: 2/5 = 40%. Compare: 40% is less than 45%, so 2/5 < 45%.",Convert the fraction to a percentage before comparing.,,,,,,,
1160,175c,175,2,No,Insert < or > between 7/20 and 34%.,7/20 > 34%,7/20 < 34%,7/20 = 34%,"Convert 7/20 to a percentage: 7/20 = 35%. Compare: 35% is greater than 34%, so 7/20 > 34%.",Convert the fraction to a percentage before comparing.,,,,,,,
1161,175c,175,3,No,Insert < or > between 9/16 and 56.5%.,9/16 < 56.5%,9/16 > 56.5%,9/16 = 56.5%,"Convert 9/16 to a percentage: 9/16 = 56.25%. Compare: 56.25% is less than 56.5%, so 9/16 < 56.5%.","Convert to the same form, being careful with the exact values when they're close together.",,,,,,,
1162,175d,175,1,No,"Order 0.4, 3/10, 35% from smallest to largest.","3/10, 35%, 0.4","0.4, 35%, 3/10","35%, 3/10, 0.4","Convert all to percentages: 0.4 = 40%, 3/10 = 30%, 35% stays as 35%. Order from smallest: 30%, 35%, 40%, which is 3/10, 35%, 0.4.","Convert everything to the same form first, then order the values.",,,,,,,
1163,175d,175,2,No,"Order 3/8, 0.4, 37% from smallest to largest.","37%, 3/8, 0.4","0.4, 3/8, 37%","3/8, 37%, 0.4","Convert all to percentages: 3/8 = 37.5%, 0.4 = 40%, 37% stays as 37%. Order from smallest: 37%, 37.5%, 40%, which is 37%, 3/8, 0.4.","Convert everything to the same form first, paying close attention to values that are close together.",,,,,,,
1164,175d,175,3,No,"Order 5/8, 0.62, 63%, 3/5 from smallest to largest.","3/5, 0.62, 5/8, 63%","3/5, 5/8, 0.62, 63%","63%, 5/8, 0.62, 3/5","Convert all to percentages: 5/8 = 62.5%, 0.62 = 62%, 63% stays as 63%, 3/5 = 60%. Order from smallest: 60%, 62%, 62.5%, 63%, which is 3/5, 0.62, 5/8, 63%.","Convert everything to the same form first, then order carefully — some values will be very close together.",,,,,,,
1165,176a,176,1,No,"Given that 6 x 7 = 42, work out 60 x 7.",420,48,4200,"60 is 6 x 10, so scale the answer by the same factor: 42 x 10 = 420.","Work out how the first number has been scaled, then apply the same scaling to the known answer.",,,,,,,
1166,176b,176,2,No,"Given that 84 ÷ 4 = 21, work out 840 ÷ 40.",21,210,2.1,"Both 84 and 4 have been scaled by 10 (giving 840 and 40), so the answer stays the same: 840 ÷ 40 = 21.","Check whether both numbers have been scaled by the same factor — if so, the answer doesn't change.",,,,,,,
1167,176c,176,3,No,"Given that 8 x 9 = 72, work out 720 ÷ 90.",8,90,80,"From 8 x 9 = 72, we know 72 ÷ 9 = 8. Since 720 is 72 x 10 and 90 is 9 x 10, both have been scaled by the same factor, so 720 ÷ 90 = 8.","Rewrite the multiplication fact as a division fact first, then check how the numbers have been scaled.",,,,,,,
1168,176d,176,1,No,3 pens cost £6. What do 12 pens cost?,£24,£18,£9,12 pens is 4 times as many as 3 pens (12 ÷ 3 = 4). Multiply the cost by 4: 6 x 4 = 24.,"Work out the scale factor between the two quantities, then apply it to the cost.",,,,,,,
1169,176e,176,2,Yes,5 metres of fabric costs £12. What does 8 metres cost?,£19.20,£15,£7,"8 metres is 1.6 times as much as 5 metres (8 ÷ 5 = 1.6). Multiply the cost by 1.6: 12 x 1.6 = 19.2, so £19.20.",The scale factor doesn't have to be a whole number — divide the new amount by the original amount first.,,,,,,,
1170,176e,176,3,Yes,7 identical books cost £45.50. What would 4 books cost?,£26,£18.20,£31.85,Find the cost of one book: 45.50 ÷ 7 = 6.50. Multiply by 4: 6.50 x 4 = 26.,"Find the cost of one item first, then scale up to the number you need.",,,,,,,
1171,176f,176,1,No,"y is directly proportional to x. When x = 2, y = 10. Find y when x = 5.",25,13,2,Find the constant of proportionality: 10 ÷ 2 = 5. Multiply by the new x value: 5 x 5 = 25.,"Find the constant of proportionality first (y ÷ x), then multiply by the new x value.",,,,,,,
1172,176f,176,2,No,"y is directly proportional to x. When x = 4, y = 12, find y when x = 9 and x when y = 30.","y = 27, x = 10","y = 21, x = 26","y = 36, x = 15",Find the constant of proportionality: 12 ÷ 4 = 3. When x = 9: y = 9 x 3 = 27. When y = 30: x = 30 ÷ 3 = 10.,"Find the constant of proportionality first, then use it to multiply for y or divide for x.",,,,,,,
1173,176f,176,3,No,"y is directly proportional to x. When x = 6, y = 15. Find y when x = 10.",25,19,37.5,Find the constant of proportionality: 15 ÷ 6 = 2.5. Multiply by the new x value: 10 x 2.5 = 25.,The constant of proportionality can be a decimal — find it by dividing y by x.,,,,,,,
1174,176g,176,1,No,Is y = 4x a proportional relationship? Explain your answer.,"Yes, because it's of the form y = kx with no added constant.","No, because x and y are different values.","Yes, because x and y both increase.","A relationship is proportional if it can be written as y = kx, with no constant added or subtracted. y = 4x fits this form, so it is proportional.","A proportional relationship has no added or subtracted constant — it always passes through (0, 0).",,,,,,,
1175,176g,176,2,No,Is y = 3x + 2 a proportional relationship? Explain your answer.,"No, because of the added constant, +2.","Yes, because it's a straight line.","No, because the coefficient of x is not 1.","A proportional relationship must be of the form y = kx with no added constant. y = 3x + 2 has an added constant of 2, so it is not proportional.","Check whether there's a number added or subtracted — a proportional relationship passes through (0, 0).",,,,,,,
1176,176g,176,3,No,"A table shows: x = 2, y = 9; x = 4, y = 18. Is this a proportional relationship?","Yes, because y ÷ x is the same value (4.5) for both pairs.","No, because the numbers are not whole numbers.","Yes, because y is always bigger than x.","Check if y ÷ x is constant: 9 ÷ 2 = 4.5, and 18 ÷ 4 = 4.5. Since both give the same value, the relationship is proportional.","Divide y by x for each pair of values — if you always get the same number, it's proportional.",,,,,,,
1177,176h,176,1,No,A recipe for 4 people needs 300g of flour. How much flour is needed for 10 people?,750g,600g,120g,Find the scale factor: 10 ÷ 4 = 2.5. Multiply the flour amount by 2.5: 300 x 2.5 = 750g.,"Find the scale factor between the two numbers of people, then apply it to the ingredient amount.",,,,,,,
1178,176i,176,2,No,Sugar:butter = 200:150. How much sugar is needed for 450g butter?,600g,300g,350g,Find the scale factor: 450 ÷ 150 = 3. Multiply the sugar amount by 3: 200 x 3 = 600g.,"Find the scale factor from the ingredient you know, then apply it to the ingredient you need.",,,,,,,
1179,176k,176,3,Yes,"A recipe for 8 cupcakes needs 240g flour, 160g sugar and 3 eggs. With 900g flour, 500g sugar and 12 eggs, what is the maximum number of cupcakes?",25,30,32,"Check each ingredient: flour allows 900 ÷ 240 x 8 = 30 cupcakes, sugar allows 500 ÷ 160 x 8 = 25 cupcakes, eggs allow 12 ÷ 3 x 8 = 32 cupcakes. The smallest number, from sugar, is the limit: 25 cupcakes.","Check how many cupcakes each ingredient would allow, then take the smallest of these — that's the limiting ingredient.",,,,,,,
1180,176m,176,1,Yes,A 500g bag of rice costs £2.50 and a 800g bag costs £3.60. Which is better value?,"The 800g bag, at 45p per 100g compared to 50p per 100g for the 500g bag.","The 500g bag, because it's cheaper overall.","The 800g bag, because it's bigger.",Find the cost per 100g: 500g bag: 250p ÷ 5 = 50p per 100g. 800g bag: 360p ÷ 8 = 45p per 100g. The 800g bag is better value.,"Find the price per 100g (or per unit) for each option, then compare.",,,,,,,
1181,176m,176,2,Yes,"A 6-pack costs £3.30 and a 10-pack £5.20. Which is better value, and by how much per drink?","The 10-pack, by 3p per drink.","The 6-pack, by 3p per drink.","The 10-pack, by 30p per drink.","Find the price per drink: 6-pack: 330p ÷ 6 = 55p. 10-pack: 520p ÷ 10 = 52p. The 10-pack is better value, by 55p - 52p = 3p per drink.","Find the price per item for each option, then find the difference between them.",,,,,,,
1182,176m,176,3,Yes,"Paint costs: 2L £14, 5L £32, 8L £54. Which is best value?","The 5 litre tin, at £6.40 per litre.","The 8 litre tin, because it's the biggest.","The 2 litre tin, because it's the cheapest overall.","Find the price per litre: 2L: £14 ÷ 2 = £7. 5L: £32 ÷ 5 = £6.40. 8L: £54 ÷ 8 = £6.75. The 5 litre tin has the lowest price per litre, so it's the best value.","Find the price per litre for all three options, then compare.",,,,,,,
1183,176n,176,1,No,It takes 4 workers 6 hours to complete a job. How long would it take 8 workers?,3 hours,12 hours,2 hours,"In inverse proportion, workers x time stays constant: 4 x 6 = 24. With 8 workers: 24 ÷ 8 = 3 hours.","In inverse proportion, one quantity increasing means the other decreases by the same factor — multiply the original pair together to find the constant.",,,,,,,
1184,176o,176,2,No,"x and y are in inverse proportion. When x = 3, y = 20. Find y when x = 12.",5,80,15,Find the constant: x x y = 3 x 20 = 60. When x = 12: y = 60 ÷ 12 = 5.,"In inverse proportion, x multiplied by y is always the same constant.",,,,,,,
1185,176o,176,3,No,"x and y are in inverse proportion. When x = 5, y = 8. Find x when y = 20.",2,32,12.5,Find the constant: x x y = 5 x 8 = 40. When y = 20: x = 40 ÷ 20 = 2.,"In inverse proportion, x multiplied by y is always the same constant — use it to find the missing value.",,,,,,,
1186,176p,176,1,No,"x = 2, 4, 6 and y = 24, 12, 8. Are x and y in direct or inverse proportion?","Inverse proportion, since x times y is constant (48) for every pair.","Direct proportion, since y decreases as x increases.","Neither, since y is not a whole number multiple of x.","Check x times y for each pair: 2 x 24 = 48, 4 x 12 = 48, 6 x 8 = 48. Since this is constant, x and y are in inverse proportion.",Try both y ÷ x and x × y for each pair — whichever stays constant tells you the type of proportion.,,,,,,,
1187,176p,176,2,No,"x = 3, 5, 8 and y = 15, 25, 40. Are x and y in direct or inverse proportion?","Direct proportion, since y divided by x is constant (5) for every pair.","Inverse proportion, since x times y also gives a pattern.","Neither, since the values are all different.","Check y divided by x for each pair: 15 ÷ 3 = 5, 25 ÷ 5 = 5, 40 ÷ 8 = 5. Since this is constant, x and y are in direct proportion.",Try both y ÷ x and x × y for each pair — whichever stays constant tells you the type of proportion.,,,,,,,
1188,176q,176,3,Yes,8 machines take 15 hours to make 600 items. How many hours would 5 machines take to make 750 items?,30 hours,18.75 hours,24 hours,"Find the total machine-hours for the first job: 8 x 15 = 120 machine-hours to make 600 items, so the rate is 600 ÷ 120 = 5 items per machine-hour. For 750 items: 750 ÷ 5 = 150 machine-hours needed. With 5 machines: 150 ÷ 5 = 30 hours.","Work out the rate of items per machine-hour first, then use it to find the machine-hours needed, then divide by the number of machines.",,,,,,,
1189,177a,177,1,Yes,The exchange rate is £1 = $1.30. Convert £50 to dollars.,$65 ,$51.30 ,$38.46 ,"Multiply the amount in pounds by the exchange rate: 50 x 1.30 = 65, so $65.",Multiply by the exchange rate to convert from pounds to dollars.,,,,,,,
1190,177b,177,2,Yes,The exchange rate is £1 = €1.15. Convert €69 to pounds.,£60,€ 79.35,£67.85,"Divide the amount in euros by the exchange rate: 69 ÷ 1.15 = 60, so £60.",Divide by the exchange rate to convert back to pounds.,,,,,,,
1191,177c,177,3,Yes,"£40 is equivalent to $52. What is the exchange rate, in dollars per pound?",£1 = $1.30,£1 = $0.77,£1 = $12,"Divide the dollar amount by the pound amount: 52 ÷ 40 = 1.3, so £1 = $1.30.",Divide the foreign currency amount by the pound amount to find the rate.,,,,,,,
1192,177d,177,1,Yes,"A jacket costs £45 in the UK and $67 in the US. At £1=$1.30, which is cheaper and by how much in pounds?","The UK jacket, by £6.54.","The US jacket, by £6.54.","The UK jacket, by £22.",Convert the US price to pounds: 67 ÷ 1.3 = 51.54. Compare: 51.54 - 45 = 6.54. The UK jacket is cheaper by £6.54.,Convert both prices into the same currency before comparing.,,,,,,,
1193,177e,177,2,Yes,£1 = $1.28. How many $20 notes can be received for £250?,16 notes,17 notes,12 notes,Convert to dollars: 250 x 1.28 = 320. Divide by the note value: 320 ÷ 20 = 16 notes exactly.,"Convert to the foreign currency first, then divide by the note value, rounding down if needed.",,,,,,,
1194,177f,177,3,Yes,"£1 = $1.30 and £1 = €1.15. Which is worth more, $50 or €50, and by how much in pounds?","€50 is worth more, by about £5.02.","$50 is worth more, by about £5.02.","€50 is worth more, by about £0.15.","Convert both to pounds: $50 ÷ 1.30 = £38.46. €50 ÷ 1.15 = £43.48. €50 is worth more, by 43.48 - 38.46 = £5.02.","Convert both amounts into pounds using their own exchange rate, then compare.",,,,,,,
1195,177g,177,1,Yes,"A meal costs €36 and a drink £4. At £1=€1.20, what is the total cost in pounds?",£34,£40,£27.20,Convert the meal price to pounds: 36 ÷ 1.2 = 30. Add the drink price: 30 + 4 = 34.,"Convert everything into the same currency first, then add.",,,,,,,
1196,177h,177,2,Yes,Petrol costs €1.50/litre. £1 = €1.20. How much in pounds to fill a 40-litre tank?,£50,€ 60,£72,Find the total cost in euros: 1.50 x 40 = 60. Convert to pounds: 60 ÷ 1.2 = 50.,"Find the total cost in the original currency first, then convert to pounds.",,,,,,,
1197,177j,177,3,Yes,A bank exchanges £1 for $1.25 and charges 4% commission on £300 before converting. How many dollars do you get?,$360 ,$375 ,$363 ,"Deduct the commission first: 4% of 300 = 12, so 300 - 12 = 288 is converted. Convert to dollars: 288 x 1.25 = 360.","Deduct the commission from the original amount before converting, not after.",,,,,,,
1198,180a,180,1,No,A rectangle 10m by 7m has a 4m by 3m notch cut from one corner. Find the perimeter.,34m,20m,48m,Removing a rectangular notch from a corner doesn't change the perimeter - it's the same as the original rectangle's perimeter: 2 x (10 + 7) = 34m.,A rectangular notch cut from a corner doesn't change the total perimeter of the original rectangle.,,,,,,,
1199,180a,180,2,No,A rectangle 15cm by 9cm has a 6cm by 4cm rectangle removed from one corner. Find the perimeter.,48cm,34cm,56cm,"Find the two missing sides: the right-hand side is 9 - 4 = 5cm, and the top of the remaining rectangle is 15 - 6 = 9cm. Add all six sides: 15 + 5 + 6 + 4 + 9 + 9 = 48cm.","Work out each missing side by subtracting the notch dimensions from the overall width and height, then add all six sides together.",,,,,,,
1200,180a,180,3,No,"A staircase-shaped path has 3 equal steps, is 12m long and 9m high. Find its perimeter.",42m,21m,33m,"For a staircase-shaped rectilinear boundary, the horizontal step edges add up to the overall width, and the vertical step edges add up to the overall height — so the total perimeter is the same as the bounding rectangle: 2 x (12 + 9) = 42m.","The horizontal and vertical step edges add up to the overall width and height, so the perimeter matches the bounding rectangle's perimeter.",,,,,,,
1201,180b,180,1,No,Two 6cm by 4cm rectangles are joined along their 4cm edges. Find the perimeter.,32cm,40cm,20cm,The combined shape is a rectangle 12cm by 4cm (two 6cm lengths placed end to end). Perimeter = 2 x (12 + 4) = 32cm.,"Work out the dimensions of the new, larger rectangle first, then find its perimeter.",,,,,,,
1202,180b,180,2,No,A plus-sign cross is made from 5 identical 3cm squares. Find its perimeter.,36cm,60cm,24cm,Each of the 4 outer squares has 3 sides exposed (one side is shared with the centre square). That's 4 x 3 = 12 exposed sides of length 3cm: 12 x 3 = 36cm.,Work out how many of each square's sides are actually on the outside of the whole shape — shared edges between squares don't count.,,,,,,,
1203,180b,180,3,No,A staircase of 4 equal offset blocks is 8cm wide and 8cm tall. Find its perimeter.,32cm,40cm,16cm,"For a staircase shape like this, the perimeter always equals twice the overall width plus height, since the step edges add up to exactly the bounding box: 2 x (8 + 8) = 32cm.",The horizontal and vertical step edges add up to the overall width and height of the bounding rectangle.,,,,,,,
1204,181a,181,1,No,An L-shaped room is a 6m by 4m rectangle joined to a 3m by 2m rectangle. Find its area.,30 m²,18 m²,36 m²,"Split the shape into two rectangles: 6 x 4 = 24m², and 3 x 2 = 6m². Add the two areas: 24 + 6 = 30m².","Split the composite shape into simple rectangles, find each area, then add them together.",,,,,,,
1205,181b,181,2,No,A 12m by 7m rectangle has a 5m by 3m section removed from one corner. Find the area.,69 m²,99 m²,45 m²,Find the area of the full rectangle: 12 x 7 = 84m². Subtract the removed section: 5 x 3 = 15m². Remaining area: 84 - 15 = 69m².,"Find the area of the whole rectangle first, then subtract the area of the missing section.",,,,,,,
1206,181b,181,3,No,"A shape is a 9m by 5m rectangle plus a 5m wide strip, reaching 12m total height. Find its area.",80 m²,45 m²,60 m²,The strip's height is the remaining height: 12 - 5 = 7m. Its area is 5 x 7 = 35m². Add to the first rectangle's area: 9 x 5 = 45m². Total: 45 + 35 = 80m².,"Work out any missing lengths first using the overall dimensions given, then find and add each rectangle's area.",,,,,,,
1207,181c,181,1,No,A shape's area is 56m²: an 8m by 5m rectangle plus a 4m wide rectangle. Find its height.,4m,14m,2m,Find the area of the first rectangle: 8 x 5 = 40m². Subtract from the total: 56 - 40 = 16m² for the second rectangle. Divide by its width: 16 ÷ 4 = 4m.,"Find the known rectangle's area first, subtract from the total, then divide by the given width.",,,,,,,
1208,181c,181,2,Yes,"A 15m by w field has a 4m by 3m corner removed, leaving 153m². Find w.",11m,10.2m,11.8m,Add back the removed section's area: 153 + 12 = 165m². Divide by the known side: 165 ÷ 15 = 11m.,Add the removed section's area back to the given area before dividing by the known side length.,,,,,,,
1209,181c,181,3,Yes,A square of side s plus an s by 6m rectangle have a total area of 91m². Find s.,7m,13m,6.5m,"Set up the equation: s² + 6s = 91, so s² + 6s - 91 = 0. This factorises to (s + 13)(s - 7) = 0, giving s = 7 (rejecting the negative solution).","Set up an equation for the total area in terms of s, then solve it — remember a length can't be negative.",,,,,,,
1210,181d,181,1,Yes,A floor is a 6m by 4m rectangle plus a 3m by 2m rectangle. Flooring costs £15/m². Find the cost.,£450,£360,£900,Find the total area: 24 + 6 = 30m². Multiply by the cost per m²: 30 x 15 = £450.,"Find the total area first, then multiply by the cost per square metre.",,,,,,,
1211,181d,181,2,Yes,A 10m by 8m patio has a 3m by 2m flower bed removed. Paving costs £22/m². Find the cost.,£1628,£1760,£132,Find the patio area: 80 - 6 = 74m². Multiply by the cost per m²: 74 x 22 = £1628.,"Find the area to be paved first (remembering to subtract any removed section), then multiply by the cost per square metre.",,,,,,,
1212,181d,181,3,Yes,"A floor (7m by 5m plus 4m by 3m) needs 1m² tiles, sold in boxes of 10. Boxes needed?",5 boxes,4 boxes,47 boxes,"Find the total area: 35 + 12 = 47m², which needs 47 tiles. Since tiles come in boxes of 10, divide: 47 ÷ 10 = 4.7, which rounds up to 5 boxes.","Find the total area needed, then round up to the next whole box, since you can't buy part of a box.",,,,,,,
1213,182a,182,1,No,"A rectangle 8cm by 5cm has a triangle (base 8cm, height 3cm) on top. Find the total area.",52 cm²,64 cm²,12 cm²,Find the rectangle's area: 8 x 5 = 40cm². Find the triangle's area: 0.5 x 8 x 3 = 12cm². Add: 40 + 12 = 52cm².,"Find the rectangle's area and the triangle's area separately, then add them together — remember to halve the triangle.",,,,,,,
1214,182b,182,2,No,"A 10cm by 6cm rectangle has a triangle on top, base 10cm, height 4cm. Find the total area.",80 cm²,72 cm²,100 cm²,Triangle area: 0.5 x 10 x 4 = 20cm². Rectangle area: 10 x 6 = 60cm². Total: 60 + 20 = 80cm².,"Work out which rectangle side the triangle's base matches, then find and add both areas.",,,,,,,
1215,182b,182,3,Yes,"A w by 5cm rectangle has a triangle on top, base w, height 6cm, total area 96cm². Find w.",12cm,19.2cm,8cm,"Set up the total area: 5w (rectangle) + 0.5 x w x 6 (triangle) = 5w + 3w = 8w. So 8w = 96, giving w = 12cm.","Write an expression for the total area in terms of w, combine like terms, then solve the equation.",,,,,,,
1216,182c,182,1,No,"A 12cm by 7cm rectangle plus a triangle (base 12, height 4) loses a 2cm square. Find the area.",104 cm²,108 cm²,100 cm²,Find the total composite area: 84 (rectangle) + 24 (triangle) = 108cm². Subtract the removed square: 2 x 2 = 4cm². Remaining area: 108 - 4 = 104cm².,"Find the full composite area first, then subtract the area of the removed part.",,,,,,,
1217,182d,182,2,Yes,"A 9cm by h rectangle plus a triangle (base 9cm, height 5cm) has area 108cm². Find h.",9.5cm,12cm,7cm,"Subtract the triangle's area: 0.5 x 9 x 5 = 22.5cm², so 108 - 22.5 = 85.5cm² for the rectangle. Divide by the width: 85.5 ÷ 9 = 9.5cm.","Find the triangle's area first, subtract it from the total, then divide by the known width.",,,,,,,
1218,182h,182,3,Yes,"A 14m by 6m garden plus a triangle (base 14, height 5) is split into 7m² plots at £45 each.",£765,£540,£5355,Find the total area: 84 (rectangle) + 35 (triangle) = 119m². Divide by the plot size: 119 ÷ 7 = 17 plots. Multiply by the cost per plot: 17 x 45 = £765.,"Find the total area, divide by the plot size to find the number of plots, then multiply by the cost per plot.",,,,,,,
1219,182i,182,1,No,"A house-shaped pentagon: 10cm by 6cm rectangle plus a roof, base 10cm, height 4cm. Area?",80 cm²,60 cm²,100 cm²,Find the rectangle's area: 10 x 6 = 60cm². Find the triangle's area: 0.5 x 10 x 4 = 20cm². Add: 60 + 20 = 80cm².,"Split the pentagon into a rectangle and a triangle, find each area, then add them together.",,,,,,,
1220,182j,182,2,Yes,"A hexagon: 8cm by 5cm rectangle plus a trapezium (sides 8cm, 5cm, height 3cm). Area?",59.5 cm²,40 cm²,79 cm²,Find the rectangle's area: 8 x 5 = 40cm². Find the trapezium's area: 0.5 x (8 + 5) x 3 = 19.5cm². Add: 40 + 19.5 = 59.5cm².,"Split the hexagon into a rectangle and a trapezium, find each area, then add them together.",,,,,,,
1221,182k,182,3,No,"A hexagon: 12cm by 6cm rectangle plus 2 end triangles, each base 4cm, height 6cm. Area?",96 cm²,84 cm²,120 cm²,Find the rectangle's area: 12 x 6 = 72cm². Find one triangle's area: 0.5 x 4 x 6 = 12cm². There are two identical triangles: 2 x 12 = 24cm². Add: 72 + 24 = 96cm².,"Find the rectangle's area and one triangle's area, then remember to double the triangle for both ends before adding.",,,,,,,
1222,183a,183,1,No,"A kite is 2 right-angled triangles joined on their long leg, legs 8cm and 5cm. Area?",40 cm²,20 cm²,80 cm²,Find the area of one right-angled triangle: 0.5 x 8 x 5 = 20cm². The kite is made of two identical triangles: 2 x 20 = 40cm².,"Find the area of one of the two right-angled triangles first, then double it.",,,,,,,
1223,183a,183,2,No,"A kite is 2 right-angled triangles joined on their long leg, legs 9cm and 4cm. Area?",36 cm²,18 cm²,72 cm²,One triangle's area: 0.5 x 9 x 4 = 18cm². Two triangles: 2 x 18 = 36cm².,"Find the area of one right-angled triangle first, then double it.",,,,,,,
1224,183a,183,3,Yes,A kite (2 right triangles) has area 60cm² and one leg 10cm. Find the other leg.,6cm,12cm,3cm,"Total area = 2 x (0.5 x 10 x b) = 10b. So 10b = 60, giving b = 6cm.","Write the total area as two right-angled triangles in terms of the unknown leg, then solve.",,,,,,,
1225,183b,183,1,No,A kite has diagonals 10cm and 6cm. Find its area.,30 cm²,60 cm²,16 cm²,Area of a kite = 0.5 x diagonal1 x diagonal2: 0.5 x 10 x 6 = 30cm².,"Multiply the two diagonals together, then halve the result.",,,,,,,
1226,183b,183,2,No,A kite has diagonals 7.5cm and 4cm. Find its area.,15 cm²,30 cm²,11.5 cm²,Area = 0.5 x 7.5 x 4 = 15cm².,"Multiply the two diagonals together, then halve the result.",,,,,,,
1227,183b,183,3,Yes,A kite has an area of 42cm². One diagonal is 12cm. Find the length of the other diagonal.,7cm,3.5cm,84cm,"Use the area formula: 0.5 x 12 x d = 42, so 6d = 42, giving d = 7cm.","Substitute the known diagonal and area into the kite area formula, then solve for the missing diagonal.",,,,,,,
1228,184a,184,1,No,A trapezium has parallel sides of 8cm and 12cm and a height of 5cm. Find its area.,50 cm²,100 cm²,30 cm²,Area = 0.5 x (sum of parallel sides) x height: 0.5 x (8 + 12) x 5 = 50cm².,"Add the two parallel sides, halve the total, then multiply by the height.",,,,,,,
1229,184a,184,2,Yes,A trapezium has parallel sides of 6.5cm and 9.5cm and a height of 4cm. Find its area.,32 cm²,64 cm²,19 cm²,Area = 0.5 x (6.5 + 9.5) x 4 = 0.5 x 16 x 4 = 32cm².,"Add the two parallel sides, halve the total, then multiply by the height.",,,,,,,
1230,184a,184,3,Yes,"A trapezium field has sides 45m, 65m, height 120m. Find its area in hectares (1ha=10000m²).",0.66 hectares,6600 hectares,0.066 hectares,Area = 0.5 x (45 + 65) x 120 = 0.5 x 110 x 120 = 6600m². Convert to hectares: 6600 ÷ 10000 = 0.66 hectares.,"Find the area in square metres first, then divide by 10000 to convert to hectares.",,,,,,,
1231,184b,184,1,Yes,"A trapezium has an area of 45cm², parallel sides of 6cm and x cm, and a height of 5cm. Find x.",12cm,18cm,3cm,"Use the formula: 0.5 x (6 + x) x 5 = 45. Simplify: 2.5 x (6 + x) = 45, so 6 + x = 18, giving x = 12cm.","Substitute the known values into the area formula, then solve the equation for x.",,,,,,,
1232,184b,184,3,Yes,"A trapezium (area 84cm², height 8cm) has one side twice the other. Find both sides.",7cm and 14cm,3.5cm and 7cm,5.25cm and 10.5cm,"Let the shorter side be a, so the longer side is 2a. Area: 0.5 x (a + 2a) x 8 = 84, so 12a = 84, giving a = 7cm. The two sides are 7cm and 14cm.","Write both parallel sides in terms of one unknown, substitute into the area formula, then solve.",,,,,,,
1233,184c,184,1,Yes,"A trapezium patio (sides 6m, 10m, height 4m) costs £28/m² to pave. Find the cost.",£896,£560,£1792,Find the area: 0.5 x (6 + 10) x 4 = 32m². Multiply by the cost per m²: 32 x 28 = £896.,"Find the trapezium's area first, then multiply by the cost per square metre.",,,,,,,
1234,184d,184,2,Yes,"A trapezium (sides 5cm, 9cm, height h) has the same area as a 7cm by 6cm rectangle. Find h.",6cm,3cm,8.4cm,"The rectangle's area is 7 x 6 = 42cm². Set the trapezium's area equal to this: 0.5 x (5 + 9) x h = 42, so 7h = 42, giving h = 6cm.","Find the other shape's area first, set it equal to the trapezium's area formula, then solve for the unknown.",,,,,,,
1235,184e,184,2,Yes,"A trapezium is an 8cm by 5cm rectangle plus a triangle (base 3cm, height 5cm). Area?",47.5 cm²,55 cm²,40 cm²,"Rectangle: 8 x 5 = 40cm². Triangle: 0.5 x 3 x 5 = 7.5cm². Add: 40 + 7.5 = 47.5cm² (matches parallel sides 8cm, 11cm, height 5cm: 0.5 x 19 x 5 = 47.5cm²).","Split the trapezium into a rectangle and a triangle, find each area, then add them — or use the trapezium formula directly.",,,,,,,
1236,184e,184,3,Yes,"A trapezium: 9cm by 6cm rectangle plus a triangle (same height), total area 63cm². Base?",3cm,1.5cm,6cm,"Triangle's area: 63 - 54 = 9cm² (subtracting the rectangle's area, 9 x 6 = 54). Use the triangle formula: 0.5 x base x 6 = 9, so 3 x base = 9, giving base = 3cm.","Subtract the rectangle's area from the total to find the triangle's area, then use the triangle area formula to find the base.",,,,,,,
1237,185a,185,1,Yes,"A triangle has perimeter 36cm. A rectangle, twice as long as wide, matches it. Find its area.",72 cm²,36 cm²,81 cm²,"Set up the rectangle's perimeter: 2(w + 2w) = 36, so 6w = 36, giving w = 6cm and length = 12cm. Area = 6 x 12 = 72cm².","Set up an equation for the rectangle's perimeter using its width and length relationship, then solve.",,,,,,,
1238,185b,185,3,Yes,"A rectangle (length 4x width) matches a triangle: base 12cm, height 6cm. Find the width.",3cm,9cm,12cm,"Triangle area: 0.5 x 12 x 6 = 36cm². Rectangle area: length x width = 4w x w = 4w². So 4w² = 36, w² = 9, giving w = 3cm.","Set the rectangle's area (in terms of w) equal to the triangle's area, then solve for w — remember to square root at the end.",,,,,,,
1239,185c,185,2,No,An 8cm by 5cm rectangle has the same area as a triangle with base 10cm. Find its height.,8cm,4cm,16cm,"Rectangle area: 8 x 5 = 40cm². Set equal to the triangle's area: 0.5 x 10 x h = 40, so 5h = 40, giving h = 8cm.","Find the rectangle's area first, set it equal to the triangle's area formula, then solve for the height.",,,,,,,
1240,185d,185,3,Yes,"A rectangle (10cm by w) has twice the area of a triangle: base 8cm, height 6cm. Find w.",4.8cm,2.4cm,9.6cm,"Triangle area: 0.5 x 8 x 6 = 24cm². Rectangle's area is double this: 2 x 24 = 48cm². So 10w = 48, giving w = 4.8cm.","Find the triangle's area first, apply the given relationship, then solve for w.",,,,,,,
1241,185e,185,1,Yes,"A 6cm by w rectangle matches a trapezium (sides 4cm, 8cm, height 9cm) in area. Find w.",9cm,18cm,8cm,"Find the trapezium's area: 0.5 x (4 + 8) x 9 = 54cm². Set equal to the rectangle's area: 6w = 54, giving w = 9cm.","Find the trapezium's area first, set it equal to the rectangle's area formula, then solve for the unknown side.",,,,,,,
1242,185f,185,2,Yes,"A triangle (base 10cm, height h) matches a trapezium (sides 5cm, 7cm, height 4cm) in area.",4.8cm,2.4cm,12cm,"Trapezium area: 0.5 x (5 + 7) x 4 = 24cm². Triangle: 0.5 x 10 x h = 24, so 5h = 24, giving h = 4.8cm.","Find the trapezium's area first, set it equal to the triangle's area formula, then solve for h.",,,,,,,
1243,186a,186,1,No,What unit would you use to measure the length of a football pitch?,Metres,Centimetres,Kilometres,"A football pitch is around 100m long, so metres is the most sensible unit — centimetres would be too small and kilometres too large.","Think about the actual size of the object, then pick the unit that gives a sensible, easy-to-use number.",,,,,,,
1244,186a,186,1,No,What unit would you use to measure the length of a football pitch?,Metres,Centimetres,Kilometres,"A football pitch is around 100m long, so metres is the most sensible unit — centimetres would be too small and kilometres too large.","Think about the actual size of the object, then pick the unit that gives a sensible, easy-to-use number.",,,,,,,
1245,186a,186,2,No,What unit would you use to measure the mass of an apple?,Grams,Kilograms,Tonnes,"An apple weighs around 100g, so grams is the sensible unit — kilograms and tonnes are both far too large.","Think about the actual size of the object, then pick the unit that gives a sensible, easy-to-use number.",,,,,,,
1246,186a,186,3,No,What unit would you use to measure the volume of water in a swimming pool?,Litres (or m³),Millilitres,Centilitres,"A swimming pool holds a very large volume of water, in the thousands of litres, so litres (or cubic metres) is the sensible unit — millilitres would give an enormous, impractical number.","Think about the actual scale of the quantity, then pick a unit that avoids an impractically large or small number.",,,,,,,
1247,186b,186,2,No,"Estimate the height of a standard front door, in metres.",About 2m,About 0.5m,About 5m,"A standard front door is a little taller than most adults, so about 2m is a sensible estimate.",Picture a typical door and compare it to your own height.,,,,,,,
1248,186b,186,1,No,"Estimate the height of a standard front door, in metres.",About 2m,About 0.5m,About 5m,"A standard front door is a little taller than most adults, so about 2m is a sensible estimate.",Picture a typical door and compare it to your own height.,,,,,,,
1249,186b,186,2,No,"Estimate the length of a standard classroom, in metres.",About 8m,About 2m,About 30m,"A typical classroom holds around 25-30 students in rows of desks, giving a length of around 8m.",Picture a classroom you know and think about how many steps it takes to walk across it.,,,,,,,
1250,186b,186,3,No,"Estimate the mass of a standard house brick, in kilograms.",About 2.5kg,About 0.1kg,About 25kg,A standard house brick is dense but small enough to lift with one hand — about 2.5kg is a sensible estimate.,"Think about how heavy the object would feel if you picked it up, then compare it to familiar objects of a known mass.",,,,,,,
1251,186c,186,3,No,Estimate how many minutes there are in a school day (roughly 6 hours).,About 360 minutes,About 60 minutes,About 3600 minutes,"There are 60 minutes in an hour, so 6 hours is 6 x 60 = 360 minutes.","Work out how many minutes are in one hour, then scale up to the number of hours given.",,,,,,,
1252,186c,186,1,No,Estimate how many minutes there are in a school day (roughly 6 hours).,About 360 minutes,About 60 minutes,About 3600 minutes,"There are 60 minutes in an hour, so 6 hours is 6 x 60 = 360 minutes.","Work out how many minutes are in one hour, then scale up to the number of hours given.",,,,,,,
1253,186c,186,2,No,Estimate how many times an average heart beats in one hour (about 70 bpm).,About 4200 beats,About 70 beats,About 700 beats,A heart beats about 70 times per minute. There are 60 minutes in an hour: 70 x 60 = 4200 beats.,"Work out the rate per minute first, then scale up to the number of minutes given.",,,,,,,
1254,186c,186,3,No,"Estimate how many books fill a 2m shelf, if each book is about 4cm wide.",About 50 books,About 0.5 books,About 800 books,Convert the shelf length to centimetres: 2m = 200cm. Divide by the width of one book: 200 ÷ 4 = 50 books.,Make sure both measurements are in the same units before dividing.,,,,,,,
1255,187a,187,1,No,"Round 4,300 to 1 significant figure.",4000,4300,400,The first significant figure is 4 (in the thousands place). Round to the nearest thousand: 4000.,"Find the first significant figure, then round the number to that place value.",,,,,,,
1256,187a,187,2,No,"Round 68,200 to 1 significant figure.",70000,68000,60000,"The first significant figure is 6 (ten-thousands). The next digit is 8, so round up: 70000.",Look at the digit immediately after the first significant figure to decide whether to round up or down.,,,,,,,
1257,187a,187,3,No,"Round 395,000 to 1 significant figure.",400000,390000,300000,"The first significant figure is 3. The next digit is 9, so round up, which carries over: 400000.",Watch out for cases where rounding up causes the leading digit itself to change.,,,,,,,
1258,187b,187,1,No,Round 0.0473 to 1 significant figure.,0.05,0.047,0.04,"The first significant figure is 4 (in the hundredths place). The next digit is 7, so round up: 0.05.",The first significant figure is the first non-zero digit — round from there.,,,,,,,
1259,187b,187,2,No,Round 0.00618 to 1 significant figure.,0.006,0.0062,0.007,"The first significant figure is 6. The next digit is 1, so round down: 0.006.",The first significant figure is the first non-zero digit — round from there.,,,,,,,
1260,187b,187,3,No,Round 0.09951 to 1 significant figure.,0.1,0.09,0.095,"The first significant figure is 9. The next digit is 9, so round up, which carries over: 0.1.",Watch out for cases where rounding up causes the leading digit itself to change.,,,,,,,
1261,187c,187,1,No,"Round 5,847 to 2 significant figures.",5800,5850,5900,"The first two significant figures are 5 and 8. The next digit is 4, so round down: 5800.","Count the first two significant figures, then look at the next digit to decide how to round.",,,,,,,
1262,187c,187,3,No,"Round 726,481 to 3 significant figures.",726000,727000,72600,"The first three significant figures are 7, 2 and 6. The next digit is 4, so round down: 726000.","Count the first three significant figures, then look at the next digit to decide how to round.",,,,,,,
1263,187d,187,2,No,Round 0.03456 to 2 significant figures.,0.035,0.034,0.0346,"The first two significant figures are 3 and 4. The next digit is 5, so round up: 0.035.","Count the first two significant figures, then look at the next digit to decide how to round.",,,,,,,
1264,188a,188,1,No,Estimate 38 x 21 by rounding each number to 1 significant figure.,800,798,60,"Round each number to 1 significant figure: 38 → 40, 21 → 20. Multiply: 40 x 20 = 800.","Round each number to 1 significant figure first, then do the calculation with the rounded values.",,,,,,,
1265,188a,188,3,No,Estimate (297 + 512) ÷ 39 by rounding each number to 1 significant figure.,20,809,200,"Round each number: 297 → 300, 512 → 500, 39 → 40. Work out: (300 + 500) ÷ 40 = 800 ÷ 40 = 20.","Round every number in the calculation first, then work through it step by step.",,,,,,,
1266,188b,188,2,No,Estimate 612 ÷ 0.48 by rounding each number to 1 significant figure.,1200,612,300,"Round each number: 612 → 600, 0.48 → 0.5. Divide: 600 ÷ 0.5 = 1200.","Round each number to 1 significant figure first, then divide the rounded values.",,,,,,,
1267,188c,188,1,No,About 32 people fit in a minibus. Estimate how many minibuses fit 187 people.,7 minibuses,6 minibuses,200 minibuses,"Round the numbers: 187 → 200, 32 → 30. Estimate: 200 ÷ 30 ≈ 6.7, which rounds up to 7 minibuses since you can't have part of a bus.","Round the numbers first, then remember to round up if you can't have a fraction of the thing you're counting.",,,,,,,
1268,188d,188,2,Yes,"A shop sells 48 items at £19 each, plus a £75 delivery fee. Estimate the total cost.",£1080,£1000,£580,"Round the numbers: 48 → 50, 19 → 20, 75 → 80. Estimate: 50 x 20 = 1000, then add the fee: 1000 + 80 = £1080.","Round every number first, do the multiplication, then remember to add any extra fixed cost.",,,,,,,
1269,188d,188,3,Yes,A tank holds 850 litres and fills at 38 litres/min. Estimate the time to fill it.,About 23 minutes,About 20 minutes,About 32000 minutes,"Round the numbers: 850 → 900, 38 → 40. Estimate: 900 ÷ 40 = 22.5, so about 23 minutes.","Round both numbers first, then divide to estimate the time.",,,,,,,
1270,188e,188,1,No,Estimate 63 x 78 by rounding each number to the nearest 10.,4800,4900,4914,"Round each number to the nearest 10: 63 → 60, 78 → 80. Multiply: 60 x 80 = 4800.",Round each number to the nearest 10 (not to 1 significant figure) for a closer estimate.,,,,,,,
1271,188f,188,2,No,"38 rounds up to 40, 52 rounds down to 50, then multiplied. Over or underestimate?","Overestimate, since 40 x 50 = 2000 is greater than the actual 38 x 52 = 1976.","Underestimate, since one number was rounded down.","Exactly correct, since the roundings cancel out.","Calculate both: 40 x 50 = 2000, and the actual value 38 x 52 = 1976. Since 2000 is bigger, the estimate is an overestimate.","When one number rounds up and the other rounds down, you can't assume they cancel out — check by comparing the actual calculation.",,,,,,,
1272,188f,188,3,Yes,"A recipe uses 0.45kg flour per cake, estimated as 0.5kg. For 20 cakes, over or under?","Overestimate, since 0.5kg per cake is more than the actual 0.45kg.","Underestimate, since 20 cakes is a large number.","Exactly correct, since 0.5 is close to 0.45.","0.5kg is more than the actual 0.45kg per cake, so multiplying by 20 will give a total that's also too high — an overestimate.",Check whether the rounded value used is bigger or smaller than the actual value — that tells you the direction of the error.,,,,,,,
1273,189a,189,1,No,A 7.3cm length is measured to 1dp. What is the maximum possible rounding error?,±0.05cm,±0.1cm,±0.5cm,"A value rounded to 1 decimal place could be up to half of 0.1 away from the true value in either direction: 0.1 ÷ 2 = 0.05, so the error is ±0.05cm.",The maximum rounding error is half of the smallest place value the number was rounded to.,,,,,,,
1274,189a,189,2,No,A 250g mass is given to 2 significant figures. What is the maximum rounding error?,±5g,±0.5g,±50g,"250 to 2 significant figures is rounded to the nearest 10, so the error is half of 10: 10 ÷ 2 = 5, giving ±5g.","Work out which place value the number has been rounded to, then halve it to find the maximum error.",,,,,,,
1275,189a,189,3,Yes,Two 6.0cm lengths (1dp) are added. What is the maximum possible error in the total?,±0.1cm,±0.05cm,±0.2cm,"Each length has a maximum error of ±0.05cm. When two measurements are added, their maximum errors add together: 0.05 + 0.05 = 0.1, giving ±0.1cm.","When two rounded values are added, their maximum possible errors add together too.",,,,,,,
1276,189b,189,1,Yes,"√51 is rounded to 7.1, then x3. Compare to using the more accurate 7.1414.","Rounded: 21.3, accurate: 21.42 (to 2dp)",Both give exactly 21.3,"Rounded: 21.4, accurate: 21.3","Using the rounded value: 7.1 x 3 = 21.3. Using the more accurate value: 7.1414 x 3 = 21.4242, which rounds to 21.42. The two results differ because of the early rounding.","Work out the calculation both ways — once using the rounded value, once using a more accurate value — and compare.",,,,,,,
1277,189b,189,2,Yes,"π is rounded to 3.14 for C = 2πr, r=10cm. Compare to using 3.14159.","Rounded: 62.8cm, accurate: 62.83cm (to 2dp)","Both give exactly the same answer, 62.8cm","Rounded: 62.83cm, accurate: 62.8cm","Using the rounded π: 2 x 3.14 x 10 = 62.8cm. Using the more accurate π: 2 x 3.14159 x 10 = 62.8318cm, which rounds to 62.83cm. Early rounding causes a small difference in the final answer.","Work out the calculation both ways — once using the rounded value, once using the more accurate value — and compare the results.",,,,,,,
1278,189b,189,3,Yes,4.5 (rounded from 4.47) is used in 4.5 x 4.5 x 4.5. Compare to using 4.47 throughout.,"Rounded: 91.125, accurate: 89.31 (to 2dp) — a bigger gap than a single multiplication","Both give exactly 91.125, since the difference is too small to matter","Rounded: 89.31, accurate: 91.125",Using the rounded value: 4.5 x 4.5 x 4.5 = 91.125. Using the more accurate value: 4.47 x 4.47 x 4.47 = 89.31 (to 2dp). Repeating the rounded value in several steps makes the error larger than it would be in a single calculation.,Rounding errors get bigger the more times a rounded value is reused in a calculation — try working it out both ways to see the gap.,,,,,,,
1279,190a,190,1,No,"In the expression 3x + 5, what is x called?",A variable,A constant,A coefficient,"x can take different values, so it is called a variable. The 3 in front of it is the coefficient, and 5 is the constant.",A variable is a letter that can represent different values; a constant is a fixed number.,,,,,,,
1280,190a,190,2,No,Is 4a + 7 an expression or an equation? Explain.,"An expression, because it has no equals sign.","An equation, because it contains letters.","A formula, because it can be calculated.","An equation must contain an equals sign showing two things are equal. 4a + 7 has no equals sign, so it is an expression.",Check whether there's an equals sign — that's what distinguishes an equation from an expression.,,,,,,,
1281,190a,190,3,No,Is 2x + 3 = 11 an expression or an equation? Explain.,"An equation, because it has an equals sign and can be solved for x.","An expression, because it contains a variable.","A formula, because it involves x.","This statement has an equals sign and a specific value of x that makes it true, so it is an equation that can be solved.","An equation states that two expressions are equal, usually with one unknown value to find.",,,,,,,
1282,190a,190,4,No,Is A = πr² a formula or an equation? Explain.,"A formula, because it's a general rule used to calculate A for any r.","An equation, because it has an equals sign.","An expression, because it contains letters.","A = πr² is a general rule connecting the area of a circle to its radius — a formula, used to calculate A for any given r, rather than an equation to solve for one specific value.","A formula expresses a general relationship used to calculate one quantity from others, rather than being solved for a single unknown.",,,,,,,
1283,190a,190,5,No,"In 5x² - 3x + 2, how many terms are there?",3 terms,2 terms,5 terms,"A term is a single number, variable, or product of numbers and variables, separated by + or - signs: 5x², -3x, and 2. That's 3 terms.",Terms are separated by + or - signs — count how many parts the expression splits into.,,,,,,,
1284,190a,190,6,No,"In 3xy + 2x - 7, what is the coefficient of the term xy?",3,xy,2,"The coefficient is the number multiplying the variable part. In the term 3xy, the coefficient is 3.",The coefficient is the number in front of the variables in a term.,,,,,,,
1285,191a,191,1,No,Multiply 4x by 3.,12x,7x,12,Multiply the coefficients: 4 x 3 = 12. Keep the variable: 12x.,"Multiply the number in front of x by the given integer, and keep the variable the same.",,,,,,,
1286,191a,191,1,No,Multiply 6x by 5.,30x,11x,30,Multiply the coefficients: 6 x 5 = 30. Keep the variable: 30x.,"Multiply the number in front of x by the given integer, and keep the variable the same.",,,,,,,
1287,191b,191,2,No,Multiply x by x.,x^2,2x,x,"When multiplying the same variable, add the powers: x^1 x x^1 = x^(1+1) = x^2.",Multiplying two of the same variable adds their powers together — it's not the same as adding the terms.,,,,,,,
1288,191b,191,3,No,Multiply 5x by x.,5x^2,5x,6x,"Multiply the coefficients: 5 x 1 = 5. Multiply the variables, adding the powers: x x x = x^2. Result: 5x^2.","Multiply the coefficients together, then multiply the variables by adding their powers.",,,,,,,
1289,191b,191,2,No,Multiply 3x by x.,3x^2,3x,4x,"Multiply the coefficients: 3 x 1 = 3. Multiply the variables, adding the powers: x x x = x^2. Result: 3x^2.","Multiply the coefficients together, then multiply the variables by adding their powers.",,,,,,,
1290,191c,191,1,No,Multiply 3xy by 4.,12xy,7xy,12x,Multiply the coefficients: 3 x 4 = 12. Keep both variables: 12xy.,Multiply the numbers together and keep all the variables unchanged.,,,,,,,
1291,191c,191,1,No,Multiply 5ab by 3.,15ab,8ab,15a,Multiply the coefficients: 5 x 3 = 15. Keep both variables: 15ab.,Multiply the numbers together and keep all the variables unchanged.,,,,,,,
1292,191d,191,2,No,Multiply 2x by 3y.,6xy,5xy,6x²y²,Multiply the coefficients: 2 x 3 = 6. Multiply the variables: x x y = xy. Result: 6xy.,"Multiply the coefficients together, then write the variables side by side.",,,,,,,
1293,191d,191,3,No,Multiply 2ab by 3c.,6abc,5abc,6a²b²c,Multiply the coefficients: 2 x 3 = 6. Combine all the variables: a x b x c = abc. Result: 6abc.,"Multiply the coefficients together, then write all the variables side by side.",,,,,,,
1294,191d,191,2,No,Multiply 4x by 5y.,20xy,9xy,20x^2y^2,Multiply the coefficients: 4 x 5 = 20. Multiply the variables: x x y = xy. Result: 20xy.,"Multiply the coefficients together, then write the variables side by side.",,,,,,,
1295,191e,191,1,No,Multiply 3x by 2x.,6x^2,5x^2,6x,"Multiply the coefficients: 3 x 2 = 6. Multiply the variables, adding the powers: x x x = x^2. Result: 6x^2.","Multiply the coefficients together, then multiply the variables by adding their powers.",,,,,,,
1296,191e,191,1,No,Multiply 5x by 4x.,20x^2,9x^2,20x,"Multiply the coefficients: 5 x 4 = 20. Multiply the variables, adding the powers: x x x = x^2. Result: 20x^2.","Multiply the coefficients together, then multiply the variables by adding their powers.",,,,,,,
1297,191f,191,2,No,Multiply -4x by 3x.,-12x^2,12x^2,-7x^2,Multiply the coefficients: -4 x 3 = -12. Multiply the variables: x x x = x^2. Result: -12x^2.,"Remember that a negative times a positive gives a negative — multiply the coefficients as normal, keeping track of the sign.",,,,,,,
1298,191f,191,3,No,Multiply -2x by -5x.,10x^2,-10x^2,-7x^2,Multiply the coefficients: -2 x -5 = 10 (a negative times a negative gives a positive). Multiply the variables: x x x = x^2. Result: 10x^2.,"A negative times a negative gives a positive — multiply the coefficients as normal, keeping track of the sign.",,,,,,,
1299,191f,191,2,No,Multiply -3x by 6x.,-18x^2,18x^2,3x^2,Multiply the coefficients: -3 x 6 = -18. Multiply the variables: x x x = x^2. Result: -18x^2.,"Remember that a negative times a positive gives a negative — multiply the coefficients as normal, keeping track of the sign.",,,,,,,
1300,192a,192,1,No,Divide 12x by 4.,3x,8x,3,Divide the coefficient: 12 ÷ 4 = 3. Keep the variable: 3x.,"Divide the number in front of x by the given integer, and keep the variable the same.",,,,,,,
1301,192a,192,1,No,Divide 18x by 6.,3x,12x,3,Divide the coefficient: 18 ÷ 6 = 3. Keep the variable: 3x.,"Divide the number in front of x by the given integer, and keep the variable the same.",,,,,,,
1302,192b,192,2,No,Divide 15x^2 by 5.,3x^2,10x^2,3x,Divide the coefficient: 15 ÷ 5 = 3. Keep the variable and its power: 3x^2.,"Divide the coefficient by the given integer, and keep the variable (and its power) unchanged.",,,,,,,
1303,192b,192,3,No,Divide 20xy by 4.,5xy,16xy,5x,Divide the coefficient: 20 ÷ 4 = 5. Keep both variables: 5xy.,"Divide the coefficient by the given integer, and keep all the variables unchanged.",,,,,,,
1304,192b,192,2,No,Divide 24x^2 by 8.,3x^2,16x^2,3x,Divide the coefficient: 24 ÷ 8 = 3. Keep the variable and its power: 3x^2.,"Divide the coefficient by the given integer, and keep the variable (and its power) unchanged.",,,,,,,
1305,192c,192,1,No,Divide 6x^2 by x.,6x,6x^2,6,"Divide the coefficients: 6 ÷ 1 = 6. Divide the variables, subtracting the powers: x^2 ÷ x = x^(2-1) = x. Result: 6x.","When dividing powers of the same variable, subtract the powers.",,,,,,,
1306,192c,192,1,No,Divide 10x^2 by x.,10x,10x^2,10,"Divide the coefficients: 10 ÷ 1 = 10. Divide the variables, subtracting the powers: x^2 ÷ x = x. Result: 10x.","When dividing powers of the same variable, subtract the powers.",,,,,,,
1307,192d,192,2,No,Divide 12x^2 by 4x.,3x,8x,3x^2,"Divide the coefficients: 12 ÷ 4 = 3. Divide the variables, subtracting the powers: x^2 ÷ x = x. Result: 3x.","Divide the coefficients, then subtract the powers of the variable.",,,,,,,
1308,192d,192,3,No,Divide 18x^2y by 6x.,3xy,12xy,3x^2y,"Divide the coefficients: 18 ÷ 6 = 3. Divide the x terms, subtracting powers: x^2 ÷ x = x. The y stays as it is. Result: 3xy.","Divide the coefficients, subtract the powers of any matching variable, and leave other variables unchanged.",,,,,,,
1309,192d,192,2,No,Divide 20x^2 by 5x.,4x,15x,4x^2,"Divide the coefficients: 20 ÷ 5 = 4. Divide the variables, subtracting the powers: x^2 ÷ x = x. Result: 4x.","Divide the coefficients, then subtract the powers of the variable.",,,,,,,
1310,192e,192,1,No,Divide -18x^2 by 6x.,-3x,3x,-12x,"Divide the coefficients: -18 ÷ 6 = -3. Divide the variables, subtracting the powers: x^2 ÷ x = x. Result: -3x.","Divide the coefficients as normal, keeping track of the negative sign.",,,,,,,
1311,192e,192,2,No,Divide -24x^2 by -8x.,3x,-3x,-16x,Divide the coefficients: -24 ÷ -8 = 3 (a negative divided by a negative gives a positive). Divide the variables: x^2 ÷ x = x. Result: 3x.,"A negative divided by a negative gives a positive — divide the coefficients as normal, keeping track of the sign.",,,,,,,
1312,192e,192,1,No,Divide -30x^2 by 5x.,-6x,6x,-25x,"Divide the coefficients: -30 ÷ 5 = -6. Divide the variables, subtracting the powers: x^2 ÷ x = x. Result: -6x.","Divide the coefficients as normal, keeping track of the negative sign.",,,,,,,
1313,192f,192,3,No,Work out (4x × 3x) ÷ 6x.,2x,6x^2,2x^2,Multiply first: 4x × 3x = 12x^2. Then divide: 12x^2 ÷ 6x = 2x.,"Work out the multiplication first, then divide the result by the final term.",,,,,,,
1314,192f,192,3,No,Work out (6x × 2x) ÷ 4x.,3x,8x^2,3x^2,Multiply first: 6x × 2x = 12x^2. Then divide: 12x^2 ÷ 4x = 3x.,"Work out the multiplication first, then divide the result by the final term.",,,,,,,
1315,193a,193,1,No,Simplify 3x + 5x.,8x,8x^2,15x,"Add the coefficients, since both terms have the same variable: 3 + 5 = 8. Result: 8x.","When terms have exactly the same variable, just add or subtract their coefficients.",,,,,,,
1316,193a,193,1,No,Simplify 4x + 6x.,10x,10x^2,24x,"Add the coefficients, since both terms have the same variable: 4 + 6 = 10. Result: 10x.","When terms have exactly the same variable, just add or subtract their coefficients.",,,,,,,
1317,193b,193,2,No,Simplify 7x - 2x + 4x.,9x,5x,13x,"Combine the coefficients, keeping track of the signs: 7 - 2 + 4 = 9. Result: 9x.","Work through the coefficients in order, keeping track of each sign as you go.",,,,,,,
1318,193b,193,3,No,Simplify 6x - 3x + 7.,3x + 7,10x,3x,"Combine the x terms: 6 - 3 = 3, giving 3x. The constant 7 has no matching term, so it stays separate: 3x + 7.",Only combine terms that have exactly the same variable — a constant on its own can't be combined with an x term.,,,,,,,
1319,193b,193,2,No,Simplify 9x - 3x + 5x.,11x,6x,17x,"Combine the coefficients, keeping track of the signs: 9 - 3 + 5 = 11. Result: 11x.","Work through the coefficients in order, keeping track of each sign as you go.",,,,,,,
1320,193b,193,3,No,Simplify 8x - 5x + 3.,3x + 3,6x,3x,"Combine the x terms: 8 - 5 = 3, giving 3x. The constant 3 has no matching term, so it stays separate: 3x + 3.",Only combine terms that have exactly the same variable — a constant on its own can't be combined with an x term.,,,,,,,
1321,193c,193,1,No,Simplify 3x + 2y + 4x.,7x + 2y,9xy,5x + 4y,Combine the x terms: 3x + 4x = 7x. The y term has nothing to combine with: 2y stays as it is. Result: 7x + 2y.,Only combine terms with exactly the same variable — x terms and y terms stay separate.,,,,,,,
1322,193c,193,1,No,Simplify 5x + 3y + 2x.,7x + 3y,10xy,8x + 2y,Combine the x terms: 5x + 2x = 7x. The y term has nothing to combine with: 3y stays as it is. Result: 7x + 3y.,Only combine terms with exactly the same variable — x terms and y terms stay separate.,,,,,,,
1323,193d,193,2,No,Simplify 5a - 3b - 2a + 6b.,3a + 3b,3a - 3b,6a + 9b,Combine the a terms: 5a - 2a = 3a. Combine the b terms: -3b + 6b = 3b. Result: 3a + 3b.,"Group the matching terms together first, keeping track of each sign, then combine each group separately.",,,,,,,
1324,193d,193,3,No,Simplify 4x + 3y - 2x + z - y.,2x + 2y + z,2x + 2y - z,4x + 4y + z,"Combine the x terms: 4x - 2x = 2x. Combine the y terms: 3y - y = 2y. The z term has nothing to combine with, so it stays: z. Result: 2x + 2y + z.","Group each variable's terms separately, keeping track of signs, then combine.",,,,,,,
1325,193d,193,2,No,Simplify 6a - 2b - 3a + 5b.,3a + 3b,3a - 3b,9a + 7b,Combine the a terms: 6a - 3a = 3a. Combine the b terms: -2b + 5b = 3b. Result: 3a + 3b.,"Group the matching terms together first, keeping track of each sign, then combine each group separately.",,,,,,,
1326,193d,193,3,No,Simplify 5x + 2y - 3x + w - 2y.,2x + w,2x + 2y + w,8x + w,Combine the x terms: 5x - 3x = 2x. Combine the y terms: 2y - 2y = 0 (they cancel out). The w term stays: w. Result: 2x + w.,"Group each variable's terms separately, keeping track of signs — some terms may cancel out completely.",,,,,,,
1327,193e,193,1,No,Simplify 5x^2 + 3x^2.,8x^2,8x^4,15x^2,"Both terms have x^2, so add the coefficients: 5 + 3 = 8. Result: 8x^2.",Terms with the same power of the same variable can be combined — just add or subtract their coefficients.,,,,,,,
1328,193e,193,2,No,Simplify 4x^2 + 3x - x^2 + 2x.,3x^2 + 5x,7x^3,8x^2,Combine the x^2 terms: 4x^2 - x^2 = 3x^2. Combine the x terms: 3x + 2x = 5x. Result: 3x^2 + 5x.,Only combine terms with exactly the same power of the variable — x^2 and x are different terms.,,,,,,,
1329,193e,193,1,No,Simplify 6x^2 + 2x^2.,8x^2,8x^4,12x^2,"Both terms have x^2, so add the coefficients: 6 + 2 = 8. Result: 8x^2.",Terms with the same power of the same variable can be combined — just add or subtract their coefficients.,,,,,,,
1330,193e,193,2,No,Simplify 5x^2 + 4x - 2x^2 + x.,3x^2 + 5x,8x^3,10x^2,Combine the x^2 terms: 5x^2 - 2x^2 = 3x^2. Combine the x terms: 4x + x = 5x. Result: 3x^2 + 5x.,Only combine terms with exactly the same power of the variable — x^2 and x are different terms.,,,,,,,
1331,193f,193,3,No,Simplify 5x^2y + 3xy^2 - 2x^2y + xy^2.,3x^2y + 4xy^2,6x^3y^3,7x^2y + 2xy^2,Combine the x^2y terms: 5x^2y - 2x^2y = 3x^2y. Combine the xy^2 terms: 3xy^2 + xy^2 = 4xy^2. Result: 3x^2y + 4xy^2.,x^2y and xy^2 are different terms (the powers are on different variables) — only combine terms that match exactly.,,,,,,,
1332,193f,193,3,No,Simplify 4x^2y + 2xy^2 - x^2y + 3xy^2.,3x^2y + 5xy^2,8x^3y^3,5x^2y + xy^2,Combine the x^2y terms: 4x^2y - x^2y = 3x^2y. Combine the xy^2 terms: 2xy^2 + 3xy^2 = 5xy^2. Result: 3x^2y + 5xy^2.,x^2y and xy^2 are different terms (the powers are on different variables) — only combine terms that match exactly.,,,,,,,
1333,194a,194,1,No,Simplify x^3 × x^2.,x^5,x^6,x^1,"When multiplying powers of the same base, add the indices: x^3 × x^2 = x^(3+2) = x^5.","When multiplying powers with the same base, add the indices.",,,,,,,
1334,194a,194,1,No,Simplify x^4 × x^3.,x^7,x^12,x^1,"When multiplying powers of the same base, add the indices: x^4 × x^3 = x^(4+3) = x^7.","When multiplying powers with the same base, add the indices.",,,,,,,
1335,194b,194,2,No,Simplify 3^x × 3^2.,3^(x+2),3^(2x),9^(x+2),"When multiplying powers of the same base, add the indices: 3^x × 3^2 = 3^(x+2).",The base stays the same — only add the indices together.,,,,,,,
1336,194b,194,2,No,Simplify 5^x × 5^3.,5^(x+3),5^(3x),25^(x+3),"When multiplying powers of the same base, add the indices: 5^x × 5^3 = 5^(x+3).",The base stays the same — only add the indices together.,,,,,,,
1337,194c,194,3,No,Simplify x^7 ÷ x^3.,x^4,x^10,x^2.33,"When dividing powers of the same base, subtract the indices: x^7 ÷ x^3 = x^(7-3) = x^4.","When dividing powers with the same base, subtract the indices.",,,,,,,
1338,194c,194,3,No,Simplify x^9 ÷ x^4.,x^5,x^13,x^2.25,"When dividing powers of the same base, subtract the indices: x^9 ÷ x^4 = x^(9-4) = x^5.","When dividing powers with the same base, subtract the indices.",,,,,,,
1339,194d,194,1,No,Simplify 2x^3 × 3x^2.,6x^5,5x^5,6x^6,Multiply the coefficients: 2 × 3 = 6. Add the indices: x^3 × x^2 = x^5. Result: 6x^5.,"Multiply the coefficients, then add the indices of the matching variable.",,,,,,,
1340,194d,194,1,No,Simplify 4x^2 × 2x^3.,8x^5,6x^5,8x^6,Multiply the coefficients: 4 × 2 = 8. Add the indices: x^2 × x^3 = x^5. Result: 8x^5.,"Multiply the coefficients, then add the indices of the matching variable.",,,,,,,
1341,194e,194,2,No,Simplify 12x^7 ÷ 4x^3.,3x^4,8x^4,3x^2.33,Divide the coefficients: 12 ÷ 4 = 3. Subtract the indices: x^7 ÷ x^3 = x^4. Result: 3x^4.,"Divide the coefficients, then subtract the indices of the matching variable.",,,,,,,
1342,194e,194,2,No,Simplify 15x^8 ÷ 3x^2.,5x^6,12x^6,5x^4,Divide the coefficients: 15 ÷ 3 = 5. Subtract the indices: x^8 ÷ x^2 = x^6. Result: 5x^6.,"Divide the coefficients, then subtract the indices of the matching variable.",,,,,,,
1343,194f,194,3,No,Simplify x^0 × (x^2)^3.,x^6,x^5,x^9,Any term to the power of 0 equals 1: x^0 = 1. Raising a power to a power multiplies the indices: (x^2)^3 = x^6. Multiply: 1 × x^6 = x^6.,"Remember that anything to the power of 0 is 1, and raising a power to a power means multiplying the indices.",,,,,,,
1344,194f,194,3,No,Simplify x^0 × (x^3)^2.,x^6,x^5,x^12,Any term to the power of 0 equals 1: x^0 = 1. Raising a power to a power multiplies the indices: (x^3)^2 = x^6. Multiply: 1 × x^6 = x^6.,"Remember that anything to the power of 0 is 1, and raising a power to a power means multiplying the indices.",,,,,,,
1345,194h,194,1,No,Simplify (x^2 × x^5) ÷ x^3.,x^4,x^10,x^0,Multiply first: x^2 × x^5 = x^7. Then divide: x^7 ÷ x^3 = x^4.,"Work through the calculation step by step, applying the multiplying rule first, then the dividing rule.",,,,,,,
1346,194h,194,1,No,Simplify (x^3 × x^4) ÷ x^2.,x^5,x^9,x^1,Multiply first: x^3 × x^4 = x^7. Then divide: x^7 ÷ x^2 = x^5.,"Work through the calculation step by step, applying the multiplying rule first, then the dividing rule.",,,,,,,
1347,194i,194,3,No,Simplify x^(1/2) × x^(1/2).,x,x^(1/4),x^(1/2),"When multiplying powers of the same base, add the indices: 1/2 + 1/2 = 1. Result: x^1 = x.",Add the fractional indices together just like you would with whole-number indices.,Simplify x^{1/2} × x^{1/2}.,,,x^{1/2},,,
1348,194i,194,3,No,Simplify x^(1/3) × x^(1/3) × x^(1/3).,x,x^(1/9),x^(1/3),"When multiplying powers of the same base, add the indices: 1/3 + 1/3 + 1/3 = 1. Result: x^1 = x.",Add the fractional indices together just like you would with whole-number indices.,Simplify x^{1/3} × x^{1/3} × x^{1/3}.,,,x^{1/3},,,
1349,194j,194,2,No,Simplify (3x^2)^3.,27x^6,9x^6,27x^5,Cube the coefficient: 3^3 = 27. Multiply the index by 3: x^2 becomes x^(2×3) = x^6. Result: 27x^6.,"Raise the coefficient to the given power, and multiply the index by the same power.",,,,,,,
1350,194j,194,2,No,Simplify (2x^3)^2.,4x^6,2x^6,4x^5,Square the coefficient: 2^2 = 4. Multiply the index by 2: x^3 becomes x^(3×2) = x^6. Result: 4x^6.,"Raise the coefficient to the given power, and multiply the index by the same power.",,,,,,,
1351,194l,194,1,No,Simplify (x^2y^3) × (x^4y).,x^6y^4,x^8y^3,x^6y^3,Add the indices for each variable separately: x terms: 2 + 4 = 6. y terms: 3 + 1 = 4. Result: x^6y^4.,"Combine the indices of each variable separately — x with x, and y with y.",,,,,,,
1352,194l,194,1,No,Simplify (x^3y^2) × (x^2y^4).,x^5y^6,x^6y^8,x^5y^4,Add the indices for each variable separately: x terms: 3 + 2 = 5. y terms: 2 + 4 = 6. Result: x^5y^6.,"Combine the indices of each variable separately — x with x, and y with y.",,,,,,,
1353,194m,194,2,No,Write x^(2/3) as a root using index laws.,The cube root of x squared,The cube root of x,The square root of x squared,"The denominator of the fractional index becomes the root, and the numerator stays as a power inside: x^(2/3) becomes the cube root of x squared.","The denominator of a fractional index tells you which root to take, and the numerator tells you the power to raise to first.",Write x^{2/3} as a root using index laws.,,∛(x),√(x²),"The denominator of the fractional index becomes the root, and the numerator stays as a power inside: x^{2/3} = ∛(x²).",,
1354,194m,194,2,No,Write x^(1/3) as a root using index laws.,The cube root of x,The cube root of x squared,The square root of x,The denominator of the fractional index becomes the root: x^(1/3) becomes the cube root of x.,The denominator of a fractional index tells you which root to take.,Write x^{1/3} as a root using index laws.,∛x,∛(x²),√x,The denominator of the fractional index becomes the root: x^{1/3} = ∛x.,,
1355,194n,194,3,No,"If x^n = x^5 × x^3, find n.",n = 8,n = 15,n = 2,"When multiplying powers of the same base, add the indices: 5 + 3 = 8. So n = 8.",Use the index law for multiplying powers with the same base to combine the two indices.,,,,,,,
1356,194n,194,3,No,"If x^n = x^6 × x^4, find n.",n = 10,n = 24,n = 2,"When multiplying powers of the same base, add the indices: 6 + 4 = 10. So n = 10.",Use the index law for multiplying powers with the same base to combine the two indices.,,,,,,,
1357,195a,195,1,No,A function machine: input → ×3 → -5 → output. Find the output for input -2.,-11,-1,1,Multiply the input by 3: -2 × 3 = -6. Subtract 5: -6 - 5 = -11.,"Work through the machine step by step, applying each operation to the value from the previous step.",,,,,,,
1358,195a,195,2,No,A function machine: input → ×4 → +7 → output. The output is -9. Find the input.,-4,-0.5,4,Reverse the machine: undo +7 first: -9 - 7 = -16. Undo ×4 by dividing: -16 ÷ 4 = -4.,"Work backwards through the machine, reversing each operation in the opposite order.",,,,,,,
1359,195a,195,3,No,A function machine: input → -3 → ×5 → output. The output is -40. Find the input.,-5,-8,-11,Reverse the machine: undo ×5 first by dividing: -40 ÷ 5 = -8. Undo -3 by adding: -8 + 3 = -5.,"Work backwards through the machine, reversing each operation in the opposite order to how they were applied.",,,,,,,
1360,195b,195,1,No,A function machine: input → ×2 → +1 → output. Find the output for input 3.5.,8,7.5,10.5,Multiply the input by 2: 3.5 × 2 = 7. Add 1: 7 + 1 = 8.,"Work through the machine step by step, applying each operation to the value from the previous step.",,,,,,,
1361,195b,195,2,No,A function machine: input → ÷2 → -1.5 → output. The output is 3. Find the input.,9,4.5,0.75,Reverse the machine: undo -1.5 first by adding: 3 + 1.5 = 4.5. Undo ÷2 by multiplying: 4.5 × 2 = 9.,"Work backwards through the machine, reversing each operation in the opposite order.",,,,,,,
1362,195b,195,3,No,A function machine: input → ×0.5 → +2.5 → output. Find the output for input 7.,6,3.5,16.5,Multiply the input by 0.5: 7 × 0.5 = 3.5. Add 2.5: 3.5 + 2.5 = 6.,"Work through the machine step by step, applying each operation to the value from the previous step.",,,,,,,
1363,195c,195,1,No,A function machine: input → ×4 → -1 → output. Find the output for input 1/4.,0,1,-1,Multiply the input by 4: 1/4 × 4 = 1. Subtract 1: 1 - 1 = 0.,"Work through the machine step by step, applying each operation to the value from the previous step.",,,,,,,
1364,195c,195,2,No,A function machine: input → ×2 → +1/2 → output. The output is 5/2. Find the input.,1,2,3,Reverse the machine: undo +1/2 first: 5/2 - 1/2 = 2. Undo ×2 by dividing: 2 ÷ 2 = 1.,"Work backwards through the machine, reversing each operation in the opposite order.",,,,,,,
1365,195c,195,3,No,A function machine: input → ×1/2 → +3 → output. Find the output for input 6.,6,3,4.5,Multiply the input by 1/2: 6 × 1/2 = 3. Add 3: 3 + 3 = 6.,"Work through the machine step by step, applying each operation to the value from the previous step.",,,,,,,
1366,195d,195,1,No,A function machine: input x → ×3 → +2 → output. Write an expression for the output.,3x + 2,3x + 2x,3(x + 2),"Apply each operation to x in order: multiply by 3 gives 3x, then add 2: 3x + 2.","Apply each operation to x in order, writing the result as an algebraic expression.",,,,,,,
1367,195d,195,2,No,A function machine: input x → -4 → ×2 → output. Write an expression for the output.,2x - 8,2x - 4,x - 8,"Apply each operation to x in order: subtract 4 gives x - 4, then multiply by 2: 2(x - 4) = 2x - 8.",Apply each operation to x in order — remember to multiply everything inside the brackets when the multiplication comes second.,,,,,,,
1368,195d,195,3,No,A function machine: input x → ×5 → -3 → ÷2 → output. Write an expression for the output.,(5x - 3) ÷ 2,5x - 3 ÷ 2,5x/2 - 3,"Apply each operation to x in order: multiply by 5 gives 5x, subtract 3 gives 5x - 3, then divide the whole expression by 2: (5x - 3) ÷ 2.","Apply each operation to x in order, dividing the entire expression built up so far when division comes last.",,,,,,,
1369,195e,195,1,No,A function machine: input x → [?] → output 2x. What is the missing operation?,×2,2,÷2,"The output 2x is x multiplied by 2, so the missing operation is ×2.",Compare the input x to the output expression to see what single operation connects them.,,,,,,,
1370,195e,195,2,No,A function machine: input x → ×3 → [?] → output 3x + 7. What is the missing operation?,7,×7,-7,"After ×3, the expression is 3x. To reach 3x + 7, the missing operation must be +7.","Work out what the expression looks like after the known operation, then compare it to the final output.",,,,,,,
1371,195e,195,3,No,"A function machine: input x → [?] → [?] → output 4x - 6, using multiply then subtract.","×4, then -6","×4, then -2","-6, then ×4","The x term has a coefficient of 4, so the first operation is ×4, giving 4x. To reach 4x - 6, the second operation is -6.","Look at the coefficient of x for the first operation, then work out what needs to happen next to reach the final expression.",,,,,,,
1372,196a,196,1,No,Find the value of 2x² when x = 3.,18,36,12,Square x first: 3² = 9. Multiply by 2: 2 × 9 = 18.,Follow the order of operations — apply the power to x before multiplying by the coefficient.,,,,,,,
1373,196a,196,2,No,"Find the value of the square root of x, plus 5, when x = 16.",9,21,8,Find the square root of 16: √16 = 4. Add 5: 4 + 5 = 9.,"Work out the root first, then complete the rest of the calculation.",,,,,,,
1374,196a,196,3,No,Find the value of 3(x + 4) when x = 5.,27,19,35,Work out the bracket first: 5 + 4 = 9. Multiply by 3: 3 × 9 = 27.,"Always work out the value inside the brackets first, before multiplying.",,,,,,,
1375,196a,196,4,No,Find the value of x³ - 2 when x = 4.,62,10,8,Cube x first: 4³ = 64. Subtract 2: 64 - 2 = 62.,"Apply the power to x first, following the order of operations, before doing any addition or subtraction.",,,,,,,
1376,196a,196,5,No,"Find the value of (the square root of x, plus 2)² when x = 9.",25,13,5,Find the root first: √9 = 3. Add 2: 3 + 2 = 5. Square the result: 5² = 25.,"Work through the brackets first — root, then add — before applying the final power.",,,,,,,
1377,196b,196,1,No,Find the value of 2a + 3b when a = 4 and b = 5.,23,17,9,"Substitute the values: 2 × 4 = 8, and 3 × 5 = 15. Add: 8 + 15 = 23.","Substitute each variable's value into its term separately, then add the results.",,,,,,,
1378,196b,196,2,No,Find the value of a² + b when a = 3 and b = 7.,16,100,13,Square a: 3² = 9. Add b: 9 + 7 = 16.,"Apply the power to the correct variable first, before combining with the other variable.",,,,,,,
1379,196b,196,3,No,Find the value of 4(a - b) when a = 9 and b = 5.,16,31,-16,Work out the bracket first: 9 - 5 = 4. Multiply by 4: 4 × 4 = 16.,"Always work out the value inside the brackets first, using the correct order for the subtraction.",,,,,,,
1380,196b,196,4,No,Find the value of the square root of (a + b) when a = 20 and b = 5.,5,25,9,Add inside the root first: 20 + 5 = 25. Take the square root: √25 = 5.,"Work out the value inside the root first, then take the square root of the result.",,,,,,,
1381,196b,196,5,No,Find the value of (a - b)² + a when a = 8 and b = 5.,17,11,64,Work out the bracket first: 8 - 5 = 3. Square it: 3² = 9. Add a: 9 + 8 = 17.,"Work out the bracket first, then apply the power, before adding the final term.",,,,,,,
1382,196c,196,1,No,"Using v = u + at, find v when u = 5, a = 2 and t = 3.",11,21,13,Multiply a by t: 2 × 3 = 6. Add u: 5 + 6 = 11.,Follow the order of operations in the formula — multiply before adding.,,,,,,,
1383,196c,196,2,No,"Using A = 1/2 bh, find A when b = 8 and h = 5.",20,40,6.5,Multiply b by h: 8 × 5 = 40. Halve the result: 40 ÷ 2 = 20.,"Multiply the two given values first, then apply the 1/2 (or divide by 2) at the end.",,,,,,,
1384,196c,196,3,No,"Using P = 2(l + w), find P when l = 6 and w = 4.",20,16,48,Work out the bracket first: 6 + 4 = 10. Multiply by 2: 2 × 10 = 20.,"Always work out the value inside the brackets first, before multiplying.",,,,,,,
1385,196c,196,4,No,"Using s = ut + 1/2 at², find s when u = 0, a = 4 and t = 3.",18,36,6,"Since u = 0, the first term is 0. Square t: 3² = 9. Multiply by a: 4 × 9 = 36. Halve: 36 ÷ 2 = 18. Total: 0 + 18 = 18.","Work out each term separately, remembering to square t before multiplying, then add the terms together.",,,,,,,
1386,196c,196,5,No,"Using c = the square root of (a² + b²), find c when a = 3 and b = 4.",5,7,25,"Square both values: 3² = 9, 4² = 16. Add: 9 + 16 = 25. Take the square root: √25 = 5.","Square each value first, add the results, then take the square root of the total.",,,,,,,
1387,197a,197,1,No,Find the value of 2x + 3 when x = 1.5.,6,4.5,9,Multiply x by 2: 2 × 1.5 = 3. Add 3: 3 + 3 = 6.,"Substitute the value in for x first, then follow the order of operations.",,,,,,,
1388,197b,197,2,No,Find the value of x² + 1 when x = 0.4.,1.16,1.8,2.6,Square x: 0.4² = 0.16. Add 1: 0.16 + 1 = 1.16.,"Work out the power first, being careful with the decimal multiplication, then complete the rest of the calculation.",,,,,,,
1389,197b,197,3,No,Find the value of 5(x - 0.2) when x = 1.2.,5,5.8,-5,Work out the bracket first: 1.2 - 0.2 = 1. Multiply by 5: 5 × 1 = 5.,"Always work out the value inside the brackets first, before multiplying.",,,,,,,
1390,197c,197,1,No,Find the value of 6/x when x = 0.5.,12,3,0.083,Divide 6 by x: 6 ÷ 0.5 = 12.,Dividing by a decimal less than 1 makes the answer bigger than the original number.,,,,,,,
1391,197d,197,2,No,Find the value of ab when a = 0.3 and b = 0.4.,0.12,0.7,1.2,Multiply the two decimals: 0.3 × 0.4 = 0.12.,"Multiply the decimals as if they were whole numbers first, then place the decimal point using the total number of decimal places.",,,,,,,
1392,197d,197,3,No,Find the value of a/b when a = 4.8 and b = 1.2.,4,5.76,0.25,Divide a by b: 4.8 ÷ 1.2 = 4.,"Divide the first value by the second, in the order given by the expression.",,,,,,,
1393,197e,197,1,No,Find the value of 3x + 4 when x = -2.,-2,10,-10,Multiply x by 3: 3 × -2 = -6. Add 4: -6 + 4 = -2.,"Substitute the negative value carefully, keeping the negative sign throughout the calculation.",,,,,,,
1394,197f,197,2,No,Find the value of x² - 3 when x = -4.,13,-19,-13,"Square x, remembering that a negative squared is positive: (-4)² = 16. Subtract 3: 16 - 3 = 13.","A negative number squared always gives a positive result — square first, then apply the rest of the calculation.",,,,,,,
1395,197f,197,3,No,Find the value of 3(x + 5) when x = -8.,-9,-19,39,Work out the bracket first: -8 + 5 = -3. Multiply by 3: 3 × -3 = -9.,"Always work out the value inside the brackets first, keeping track of the negative sign.",,,,,,,
1396,197g,197,1,No,Find the value of 20/x when x = -4.,-5,-80,5,Divide 20 by x: 20 ÷ -4 = -5.,A positive number divided by a negative number gives a negative result.,,,,,,,
1397,197g,197,2,No,Find the value of 12/x + 5 when x = -3.,1,9,-9,Divide 12 by x: 12 ÷ -3 = -4. Add 5: -4 + 5 = 1.,"Work out the division first, keeping track of the negative sign, then complete the rest of the calculation.",,,,,,,
1398,197h,197,3,No,"Using F = 9/5 C + 32, find F when C = -10.",14°F,-18°F,22°F,Multiply C by 9/5: 9/5 × -10 = -18. Add 32: -18 + 32 = 14°F.,"Multiply the Celsius value by 9/5 first, then add 32.",,,,,,,
1399,197i,197,1,No,Find the value of 4x + 1 when x = 1/2.,3,5.5,2,Multiply x by 4: 4 × 1/2 = 2. Add 1: 2 + 1 = 3.,"Multiply the coefficient by the fraction first, then complete the rest of the calculation.",,,,,,,
1400,197j,197,2,No,Find the value of x² when x = 2/3.,'4/9,'2/3,'4/3,"Square the numerator and denominator separately: 2² = 4, 3² = 9, giving 4/9.",Square both the numerator and the denominator of the fraction.,,,,,,,
1401,197k,197,3,No,Find the value of 3/x when x = 1/4.,12,'3/4,'1/12,Dividing by a fraction means multiplying by its reciprocal: 3 ÷ 1/4 = 3 × 4 = 12.,Dividing by a fraction is the same as multiplying by its reciprocal (flip the fraction and multiply).,,,,,,,
1402,198a,198,1,No,Tom has n sweets. He eats 3. Write an expression for how many he has left.,n - 3,3 - n,3n,"Tom starts with n and eats 3, so subtract 3 from n: n - 3.",Think about which quantity is being taken away from which.,,,,,,,
1403,198a,198,2,No,A pack contains p pencils. Write an expression for pencils in 5 packs.,5p,p + 5,p ÷ 5,"Each pack has p pencils, and there are 5 packs, so multiply: 5p.",Think about repeated groups of the same size — that's multiplication.,,,,,,,
1404,198b,198,3,No,The cost C of n tickets at £4 each. Write a formula for C.,C = 4n,C = n + 4,C = 4 ÷ n,"Each ticket costs £4, and there are n tickets, so C = 4 × n = 4n.",Multiply the cost of one item by the number of items to get the total cost.,,,,,,,
1405,198c,198,1,No,"A taxi charges £3 plus £2 per mile, m. Write an expression for the total cost.",3 + 2m,3m + 2,5m,"The fixed charge is 3, and 2 is charged for each mile, so the cost is 3 + 2m.","Identify the fixed part and the part that changes with the variable, then combine them.",,,,,,,
1406,198c,198,2,No,A shop has 50 items. It sells x per day for 3 days. Write an expression left.,50 - 3x,50 - x,3x - 50,"Over 3 days, 3x items are sold. Subtract this from the starting amount: 50 - 3x.","Work out the total sold over all the days first, then subtract that from the starting amount.",,,,,,,
1407,198d,198,3,No,"Adult tickets cost £a, child tickets cost £c. Cost of 2 adults and 3 children?",2a + 3c,5(a + c),2a - 3c,"2 adults cost 2a, and 3 children cost 3c. Add these together: 2a + 3c.","Write an expression for each group separately, then add them together.",,,,,,,
1408,198e,198,1,No,"To find y, double x and then add 5. Write a formula for y.",y = 2x + 5,y = 2(x + 5),y = 5x + 2,"Doubling x gives 2x. Adding 5 gives 2x + 5, so y = 2x + 5.",Translate the words into operations in the order they're described.,,,,,,,
1409,198e,198,2,No,"To find y, subtract 4 from x, then divide by 3. Write a formula for y.",y = (x - 4) ÷ 3,y = x/3 - 4,y = 4 - x/3,"Subtracting 4 from x gives x - 4. Dividing this by 3 gives (x - 4) ÷ 3, so y = (x - 4) ÷ 3.","Work through the operations in the order described, applying the division to the whole result of the subtraction.",,,,,,,
1410,198e,198,3,No,"To find z, multiply x by 3 and subtract y. Write a formula for z.",z = 3x - y,z = 3(x - y),z = x - 3y,"Multiplying x by 3 gives 3x. Subtracting y gives 3x - y, so z = 3x - y.","Translate the words into operations in the order they're described, being careful which variable each operation applies to.",,,,,,,
1411,198f,198,1,No,A rectangle has length l and width w. Write a formula for its perimeter P.,P = 2l + 2w,P = lw,P = l + w,"A rectangle has two lengths and two widths, so P = 2l + 2w (or 2(l + w)).",A rectangle has two of each side length — remember to count both pairs.,,,,,,,
1412,198f,198,2,No,An isosceles triangle has equal sides a and base b. Write a formula for P.,P = 2a + b,P = a + b,P = ab,"There are two sides of length a and one side of length b, so P = 2a + b.","Count how many sides of each length the shape has, then add them all together.",,,,,,,
1413,198g,198,3,No,A triangle has base b and height h. Write a formula for its area A.,A = 1/2 bh,A = bh,A = 2bh,The area of a triangle is half the base times the height: A = 1/2 bh.,Remember the area of a triangle is always half of base times height.,,,,,,,
1414,198h,198,1,No,A rectangle l by w has a square of side s removed. Write a formula for A.,A = lw - s²,A = lw - s,A = lw + s²,The full rectangle has area lw. The removed square has area s². Subtract: A = lw - s².,"Find the area of the full shape first, then subtract the area of the part that's removed.",,,,,,,
1415,198h,198,2,No,"A rectangle w by h has a triangle base w, height t on top. Formula for total A.",A = wh + 1/2 wt,A = wh + wt,A = w(h + t),The rectangle's area is wh. The triangle's area is 1/2 wt. Add them: A = wh + 1/2 wt.,"Find the area of each part separately, remembering to halve the triangle's area, then add them together.",,,,,,,
1416,198i,198,3,No,A rectangle has width w and perimeter P. Find l in terms of P and w.,l = (P - 2w) ÷ 2,l = P - 2w,l = P/2 - 2w,"Perimeter: P = 2l + 2w. Rearranging: 2l = P - 2w, so l = (P - 2w) ÷ 2.",Start from the perimeter formula and rearrange it to make l the subject.,,,,,,,
1417,199a,199,1,No,Solve x + 7 = 12.,x = 5,x = 19,x = -5,Subtract 7 from both sides: x = 12 - 7 = 5.,Do the opposite operation to both sides to isolate x.,,,,,,,
1418,199a,199,2,No,Solve x - 4 = 9.,x = 13,x = 5,x = -13,Add 4 to both sides: x = 9 + 4 = 13.,Do the opposite operation to both sides to isolate x.,,,,,,,
1419,199b,199,3,No,Solve 6x = 42.,x = 7,x = 252,x = 36,Divide both sides by 6: x = 42 ÷ 6 = 7.,Do the opposite operation to both sides to isolate x.,,,,,,,
1420,199c,199,1,No,Solve 3x + 4 = 19.,x = 5,x = 23/3,x = 7.67,Subtract 4 from both sides: 3x = 15. Divide by 3: x = 5.,"Undo the addition first, then undo the multiplication.",,,,,,,
1421,199d,199,2,No,Solve 5 + 2x = 17.,x = 6,x = 11,x = 8.5,Subtract 5 from both sides: 2x = 12. Divide by 2: x = 6.,"Undo the addition first, then undo the multiplication.",,,,,,,
1422,199d,199,3,No,Solve 20 = 3x + 2.,x = 6,x = 22/3,x = 7.33,Subtract 2 from both sides: 18 = 3x. Divide by 3: x = 6.,It doesn't matter which side x is on — rearrange the same way to isolate it.,,,,,,,
1423,199e,199,1,No,Solve x/4 + 3 = 8.,x = 20,x = 44,x = 1.25,Subtract 3 from both sides: x/4 = 5. Multiply by 4: x = 20.,"Undo the addition first, then undo the division by multiplying.",,,,,,,
1424,199e,199,2,No,Solve (1/3)x + 5 = 9.,x = 12,x = 27,x = 4/3,Subtract 5 from both sides: (1/3)x = 4. Multiply by 3: x = 12.,"Undo the addition first, then undo the fraction by multiplying by the denominator.",,,,,,,
1425,199f,199,1,No,Solve 4x + 15 = 3.,x = -3,x = 4.5,x = 3,Subtract 15 from both sides: 4x = -12. Divide by 4: x = -3.,Subtracting can give a negative result on the way to finding x — keep track of the sign.,,,,,,,
1426,199f,199,2,No,Solve 6x + 20 = 2.,x = -3,x = 3.67,x = 3,Subtract 20 from both sides: 6x = -18. Divide by 6: x = -3.,Subtracting can give a negative result on the way to finding x — keep track of the sign.,,,,,,,
1427,199g,199,3,No,Solve x/5 + 8 = 6.,x = -10,x = -2,x = 10,Subtract 8 from both sides: x/5 = -2. Multiply by 5: x = -10.,"Undo the addition first, then undo the division — the result can be negative.",,,,,,,
1428,199h,199,3,No,Solve 4x + 3 = 10.,x = 1.75,x = 3.25,x = 2.33,Subtract 3 from both sides: 4x = 7. Divide by 4: x = 1.75.,The solution doesn't have to be a whole number — divide carefully at the last step.,,,,,,,
1429,199i,199,1,No,Solve 2x + 3x + 4 = 19.,x = 3,x = 2.4,x = 15/2,"Combine the x terms first: 2x + 3x = 5x, so 5x + 4 = 19. Subtract 4: 5x = 15. Divide by 5: x = 3.","Simplify the equation by combining like terms first, before solving as normal.",,,,,,,
1430,199j,199,2,No,Solve 10 - x = 4.,x = 6,x = 14,x = -6,Subtract 10 from both sides: -x = -6. Multiply both sides by -1: x = 6.,"Since x is being subtracted, rearrange carefully — multiplying both sides by -1 can help.",,,,,,,
1431,199k,199,3,No,Solve 15 - 2x = 5.,x = 5,x = -5,x = 10,Subtract 15 from both sides: -2x = -10. Divide both sides by -2: x = 5.,Rearrange carefully when x has a negative coefficient — dividing two negatives gives a positive result.,,,,,,,
1432,200a,200,1,No,Solve x² = 49.,x = ±7,x = 7,x = 24.5,Take the square root of both sides: x = ±√49 = ±7.,Remember that a squared equation has two solutions — a positive and a negative root.,,,,,,,
1433,200b,200,2,No,Solve x³ = 27.,x = 3,x = 9,x = 24,Take the cube root of both sides: x = ∛27 = 3.,Undo a cube by taking the cube root of both sides.,,,,,,,
1434,200c,200,3,No,Solve x^4 = 16.,x = ±2,x = 4,x = 2,Take the fourth root of both sides: x = ±16^(1/4) = ±2.,"For an even power, remember there are two solutions — a positive and a negative root.",,,,,,,
1435,200d,200,1,No,Solve the square root of x = 6.,x = 36,x = 12,x = 3,Square both sides: x = 6² = 36.,Undo a square root by squaring both sides.,,,,,,,
1436,200e,200,2,No,Solve the cube root of x = 4.,x = 64,x = 12,x = 16,Cube both sides: x = 4³ = 64.,Undo a cube root by cubing both sides.,,,,,,,
1437,200f,200,3,No,The fourth root of x is 3. Find x.,x = 81,x = 12,x = 27,Raise both sides to the power of 4: x = 3^4 = 81.,Undo an nth root by raising both sides to the power of n.,,,,,,,
1438,200g,200,1,No,Solve 2x² = 50.,x = ±5,x = ±25,x = 5,Divide both sides by 2: x² = 25. Take the square root: x = ±√25 = ±5.,"Isolate the power term first, then take the appropriate root.",,,,,,,
1439,200h,200,2,No,Solve the square root of x + 3 = 8.,x = 25,x = 121,x = 64,Subtract 3 from both sides: √x = 5. Square both sides: x = 25.,"Isolate the root term first, then square both sides to undo it.",,,,,,,
1440,200i,200,3,No,Solve the square root of (x² + 7) = 4.,x = ±3,x = ±9,x = 3,Square both sides: x² + 7 = 16. Subtract 7: x² = 9. Take the square root: x = ±√9 = ±3.,"Undo the outer root first by squaring, then solve the resulting equation step by step.",,,,,,,
1441,201a,201,1,No,Make x the subject of y = x + 7.,x = y - 7,x = y + 7,x = 7 - y,"Subtract 7 from both sides: y - 7 = x, so x = y - 7.",Do the opposite operation to both sides to isolate x.,,,,,,,
1442,201a,201,2,No,Make x the subject of y = 5x.,x = y ÷ 5,x = 5y,x = y - 5,"Divide both sides by 5: y ÷ 5 = x, so x = y ÷ 5.",Do the opposite operation to both sides to isolate x.,,,,,,,
1443,201b,201,3,No,Make x the subject of y = 3x + 4.,x = (y - 4) ÷ 3,x = y/3 - 4,x = (y + 4) ÷ 3,Subtract 4 from both sides: y - 4 = 3x. Divide by 3: x = (y - 4) ÷ 3.,"Undo the addition first, then undo the multiplication, dividing the whole expression.",,,,,,,
1444,201c,201,1,No,Make x the subject of y = 4xz.,x = y ÷ (4z),x = 4yz,x = y/4 - z,"Divide both sides by 4z: y ÷ 4z = x, so x = y ÷ (4z).",Divide both sides by everything that's multiplying x.,,,,,,,
1445,201d,201,2,No,Make x the subject of y = a/x.,x = a ÷ y,x = ay,x = y ÷ a,Multiply both sides by x: xy = a. Divide by y: x = a ÷ y.,"Multiply both sides by x first to clear the fraction, then rearrange.",,,,,,,
1446,201e,201,3,No,Make x the subject of y = 10 - 2x.,x = (10 - y) ÷ 2,x = (y - 10) ÷ 2,x = (10 + y) ÷ 2,Subtract 10 from both sides: y - 10 = -2x. Divide by -2: x = (10 - y) ÷ 2.,Rearrange carefully when x has a negative coefficient — the signs will flip.,,,,,,,
1447,201f,201,1,No,Make x the subject of y = x² + 3.,x = √(y - 3),x = √y - 3,x = (y - 3)²,Subtract 3 from both sides: y - 3 = x². Take the square root: x = √(y - 3).,"Isolate the squared term first, then take the square root of both sides.",,,,,,,
1448,201g,201,2,No,Make x the subject of y = x³ - 5.,x = ∛(y + 5),x = ∛y - 5,x = (y + 5)³,Add 5 to both sides: y + 5 = x³. Take the cube root: x = ∛(y + 5).,"Isolate the cubed term first, then take the cube root of both sides.",,,,,,,
1449,201h,201,3,No,"Make x the subject of y = the square root of x, minus 2.",x = (y + 2)²,x = y² + 2,x = √(y + 2),Add 2 to both sides: y + 2 = √x. Square both sides: x = (y + 2)².,"Isolate the root term first, then square both sides to undo it.",,,,,,,
1450,202a,202,1,No,"Which sequence is this: 1, 4, 9, 16, 25...?",Square numbers,Triangular numbers,Cube numbers,"Each term is a whole number multiplied by itself: 1², 2², 3², 4², 5² — these are square numbers.",Check whether each term is the result of multiplying a whole number by itself.,,,,,,,
1451,202a,202,2,No,"Which sequence is this: 1, 3, 6, 10, 15...?",Triangular numbers,Square numbers,Fibonacci sequence,"Each term is the sum of consecutive whole numbers (1, 1+2, 1+2+3...) — these are triangular numbers, which can be arranged into triangle patterns.",Think about sequences that can be arranged into a triangular pattern of dots.,,,,,,,
1452,202a,202,3,No,"Which sequence is this: 1, 1, 2, 3, 5, 8...?",Fibonacci sequence,Cube numbers,Triangular numbers,"Each term is the sum of the two previous terms (1+1=2, 1+2=3, 2+3=5...) — this is the Fibonacci sequence.",Check whether each term is formed by adding together the two terms before it.,,,,,,,
1453,202a,202,1,No,"Which sequence is this: 1, 8, 27, 64, 125...?",Cube numbers,Square numbers,Triangular numbers,"Each term is a whole number multiplied by itself twice: 1³, 2³, 3³, 4³, 5³ — these are cube numbers.",Check whether each term is the result of multiplying a whole number by itself three times.,,,,,,,
1454,202a,202,2,No,"Which sequence is this: 2, 3, 5, 8, 13, 21...?",A Fibonacci-type sequence,Triangular numbers,Square numbers,"Each term is the sum of the two previous terms (2+3=5, 3+5=8...), just like the Fibonacci sequence but with different starting values.",Check whether each term is formed by adding together the two terms before it.,,,,,,,
1455,202a,202,3,No,"Which sequence is this: 4, 9, 16, 25, 36...?",Square numbers,Cube numbers,Triangular numbers,"Each term is a whole number multiplied by itself: 2², 3², 4², 5², 6² — these are square numbers.",Check whether each term is the result of multiplying a whole number by itself.,,,,,,,
1456,202b,202,1,No,"Is 3, 7, 11, 15, 19... arithmetic, quadratic or geometric?",Arithmetic,Geometric,Quadratic,"The difference between consecutive terms is always 4 (a constant difference), so this is an arithmetic sequence.","Check the difference between consecutive terms — if it's always the same, the sequence is arithmetic.",,,,,,,
1457,202b,202,2,No,"Is 2, 6, 18, 54, 162... arithmetic, quadratic or geometric?",Geometric,Arithmetic,Quadratic,"Each term is multiplied by 3 to get the next (a constant ratio), so this is a geometric sequence.",Check whether each term is found by multiplying the previous term by the same number each time.,,,,,,,
1458,202b,202,3,No,"Is 2, 5, 10, 17, 26... arithmetic, quadratic or geometric?",Quadratic,Arithmetic,Geometric,"The first differences are 3, 5, 7, 9 — not constant, but these differences increase by a constant 2 each time (a constant second difference), so this is a quadratic sequence.","If the first differences aren't constant, check whether the second differences are — that signals a quadratic sequence.",,,,,,,
1459,202b,202,1,No,"Is 100, 90, 80, 70, 60... arithmetic, quadratic or geometric?",Arithmetic,Geometric,Quadratic,"The difference between consecutive terms is always -10 (a constant difference), so this is an arithmetic sequence.","Check the difference between consecutive terms — if it's always the same, the sequence is arithmetic.",,,,,,,
1460,202b,202,2,No,"Is 5, 10, 20, 40, 80... arithmetic, quadratic or geometric?",Geometric,Arithmetic,Quadratic,"Each term is multiplied by 2 to get the next (a constant ratio), so this is a geometric sequence.",Check whether each term is found by multiplying the previous term by the same number each time.,,,,,,,
1461,202b,202,3,No,"Is 1, 3, 7, 13, 21... arithmetic, quadratic or geometric?",Quadratic,Arithmetic,Geometric,"The first differences are 2, 4, 6, 8 — not constant, but they increase by a constant 2 each time (a constant second difference), so this is a quadratic sequence.","If the first differences aren't constant, check whether the second differences are — that signals a quadratic sequence.",,,,,,,
1462,203a,203,1,No,"Describe the term-to-term rule for the sequence 5, 9, 13, 17...",Add 4 each time,Multiply by 4 each time,Add 5 each time,"Each term is 4 more than the one before (9-5=4, 13-9=4...), so the rule is add 4 each time.",Find the difference between consecutive terms — that's the term-to-term rule.,,,,,,,
1463,203a,203,2,No,"Describe the term-to-term rule for the sequence 40, 34, 28, 22...",Subtract 6 each time,Add 6 each time,Divide by 6 each time,"Each term is 6 less than the one before (34-40=-6...), so the rule is subtract 6 each time.",Find the difference between consecutive terms — a negative difference means subtracting.,,,,,,,
1464,203a,203,3,No,"Describe the term-to-term rule for the sequence 3, 6, 12, 24...",Multiply by 2 each time,Add 3 each time,Add 6 each time,"Each term is double the one before (6÷3=2, 12÷6=2...), so the rule is multiply by 2 each time.","Check whether each term is a constant multiple of the previous one, rather than a constant difference.",,,,,,,
1465,203d,203,1,No,"A pattern starts with 4 squares, +3 each step. Squares in step 5?",16,19,15,From step 1 to step 5 is 4 extra steps of +3: 4 + (3 × 4) = 16.,"Work out how many steps come after the first one, then multiply that by the amount added each time.",,,,,,,
1466,203d,203,2,No,"A pattern starts with 7 tiles, +5 each step. Tiles in step 8?",42,47,40,From step 1 to step 8 is 7 extra steps of +5: 7 + (5 × 7) = 42.,"Work out how many steps come after the first one, then multiply that by the amount added each time.",,,,,,,
1467,203e,203,1,No,"An arithmetic sequence has first term 6, common difference 5. First 4 terms?","6, 11, 16, 21","6, 30, 150, 750","5, 10, 15, 20","Start at 6 and add 5 each time: 6, 6+5=11, 11+5=16, 16+5=21.","Start with the first term, then keep adding the common difference to generate each new term.",,,,,,,
1468,203f,203,1,No,"A quadratic sequence starts 2, 5, second difference 2. First 4 terms?","2, 5, 10, 17","2, 5, 8, 11","2, 5, 9, 14","The first difference starts at 3 (5-2) and increases by 2 each time: 3, 5, 7. Terms: 2, 5, 5+5=10, 10+7=17.","Work out the first difference between the given terms, then keep increasing it by the common second difference.",,,,,,,
1469,203g,203,1,No,"A geometric sequence has first term 4, common ratio 3. First 4 terms?","4, 12, 36, 108","4, 7, 10, 13","3, 12, 48, 192","Start at 4 and multiply by 3 each time: 4, 4×3=12, 12×3=36, 36×3=108.","Start with the first term, then keep multiplying by the common ratio to generate each new term.",,,,,,,
1470,203h,203,3,No,"A sequence starts at 3. Each term doubles the last, then +1. First 4 terms?","3, 7, 15, 31","3, 6, 12, 24","3, 7, 14, 28","Start with 3. Double and add 1: 3×2+1=7. Repeat: 7×2+1=15. Repeat: 15×2+1=31. Terms: 3, 7, 15, 31.","Apply both operations, in order, to each term to generate the next one.",,,,,,,
1471,203i,203,2,No,"Find the next term in the sequence 12, 19, 26, 33...",40,39,66,The common difference is 7 (19-12=7). Add 7 to the last term: 33 + 7 = 40.,"Find the common difference first, then add it to the last given term.",,,,,,,
1472,203j,203,2,No,"Find the next term in the sequence 1, 4, 9, 16...",25,20,21,"The differences between terms are 3, 5, 7 — increasing by 2 each time. The next difference is 9: 16 + 9 = 25.","Look at how the differences between terms are changing, then apply the next difference in that pattern.",,,,,,,
1473,203l,203,2,No,"Find the next term in the sequence 2, 10, 50, 250...",1250,255,500,The common ratio is 5 (10÷2=5). Multiply the last term by 5: 250 × 5 = 1250.,"Find the common ratio first, then multiply the last given term by it.",,,,,,,
1474,203m,203,3,No,"An arithmetic sequence starts 4, 9, 14, 19... Find the 10th term.",49,54,45,The common difference is 5. The 10th term is 9 steps after the first: 4 + (5 × 9) = 49.,"Work out how many steps come after the first term, then multiply that by the common difference and add the first term.",,,,,,,
1475,203n,203,3,No,"A quadratic sequence starts 3, 6, 11, 18. Find the 7th term.",51,45,41,"Continue the pattern of differences (3, 5, 7, 9, 11, 13...), adding each to the previous term: 3, 6, 11, 18, 27, 38, 51. The 7th term is 51.","Continue the sequence step by step, increasing the difference by the common second difference each time.",,,,,,,
1476,203o,203,3,No,"A geometric sequence starts 3, 6, 12, 24... Find the 8th term.",384,48,192,The common ratio is 2. The 8th term is 7 multiplications after the first: 3 × 2^7 = 3 × 128 = 384.,Work out how many times you need to multiply by the common ratio to reach the term you want.,,,,,,,
1477,203p,203,1,No,"An arithmetic sequence is 5, __, __, 20. Find the two missing terms.","10, 15","8, 14","12, 16","The total increase from 5 to 20 is 15, spread over 3 steps: 15 ÷ 3 = 5 (the common difference). Terms: 5, 10, 15, 20.",Work out the total change and divide it by the number of steps to find the common difference.,,,,,,,
1478,203r,203,2,No,"In an arithmetic sequence, the 3rd term is 11, the 7th term is 31. Find d.",5,20,4,There are 4 steps between the 3rd and 7th terms. The total change is 31 - 11 = 20. Divide: 20 ÷ 4 = 5.,"Count how many steps separate the two given terms, then divide the total change by that number.",,,,,,,
1479,203t,203,3,No,"A Fibonacci-style sequence starts 2, 5. Find the next 3 terms.","7, 12, 19","7, 9, 11","10, 15, 25","Add the two previous terms each time: 2+5=7, 5+7=12, 7+12=19.",Each new term is the sum of the two terms immediately before it.,,,,,,,
1480,204a,204,1,No,The nth term of a sequence is 3n + 2. Find the 6th term.,20,18,21,Substitute n = 6: 3 × 6 + 2 = 18 + 2 = 20.,"Substitute the term number in for n, then work through the expression.",,,,,,,
1481,204a,204,3,No,The nth term of a sequence is 4n - 7. Find the 15th term.,53,60,68,Substitute n = 15: 4 × 15 - 7 = 60 - 7 = 53.,"Substitute the term number in for n, then work through the expression carefully.",,,,,,,
1482,204a,204,1,No,The nth term of a sequence is 7n - 4. Find the first 4 terms.,"3, 10, 17, 24","7, 14, 21, 28","-4, 3, 10, 17","Substitute n = 1, 2, 3, 4: 7(1)-4=3, 7(2)-4=10, 7(3)-4=17, 7(4)-4=24.","Substitute n = 1, 2, 3, 4 in turn to generate each term.",,,,,,,
1483,204b,204,2,No,The nth term of a sequence is 5n - 3. Find the first 4 terms.,"2, 7, 12, 17","5, 10, 15, 20","-3, 2, 7, 12","Substitute n = 1, 2, 3, 4: 5(1)-3=2, 5(2)-3=7, 5(3)-3=12, 5(4)-3=17.","Substitute n = 1, 2, 3, 4 in turn to generate each term.",,,,,,,
1484,204c,204,1,No,The nth term of a sequence is n^2 + 3. Find the first 4 terms.,"4, 7, 12, 19","1, 4, 9, 16","4, 8, 14, 22","Substitute n = 1, 2, 3, 4: 1²+3=4, 2²+3=7, 3²+3=12, 4²+3=19.","Square the term number first, then add 3.",,,,,,,
1485,204c,204,2,No,The nth term of a sequence is 2n^2 - 1. Find the 6th term.,71,35,11,Square n: 6² = 36. Double: 2 × 36 = 72. Subtract 1: 72 - 1 = 71.,"Apply the power to n first, then multiply, then complete the rest of the calculation.",,,,,,,
1486,204d,204,3,No,The nth term of a sequence is 3 x 2^n. Find the first 4 terms.,"6, 12, 24, 48","2, 4, 8, 16","5, 7, 9, 11","Substitute n = 1, 2, 3, 4: 3×2^1=6, 3×2^2=12, 3×2^3=24, 3×2^4=48.","Work out the power of 2 first, then multiply by 3.",,,,,,,
1487,204d,204,2,No,The nth term of a sequence is 4 x 3^n. Find the first 4 terms.,"12, 36, 108, 324","3, 9, 27, 81","7, 10, 13, 16","Substitute n = 1, 2, 3, 4: 4×3^1=12, 4×3^2=36, 4×3^3=108, 4×3^4=324.","Work out the power of 3 first, then multiply by 4.",,,,,,,
1488,204e,204,1,No,The nth term of a sequence is (n + 1)^2. Find the first 4 terms.,"4, 9, 16, 25","2, 5, 10, 17","1, 4, 9, 16","Substitute n = 1, 2, 3, 4: (1+1)²=4, (2+1)²=9, (3+1)²=16, (4+1)²=25.","Work out the value inside the brackets first, before applying the power.",,,,,,,
1489,204e,204,2,No,The nth term of a sequence is n^3 - 4. Find the 3rd term.,23,5,31,Cube n: 3³ = 27. Subtract 4: 27 - 4 = 23.,"Apply the power to n first, following the order of operations, before the final step.",,,,,,,
1490,204e,204,3,No,The nth term of a sequence is (2n - 1)^2. Find the first 4 terms.,"1, 9, 25, 49","1, 3, 5, 7","1, 16, 49, 100","Substitute n = 1, 2, 3, 4: (2(1)-1)²=1, (2(2)-1)²=9, (2(3)-1)²=25, (2(4)-1)²=49.","Work out the value inside the brackets first, before applying the power.",,,,,,,
1491,204f,204,3,No,The nth term of a sequence is n/(n+1). Find the first 4 terms.,"1/2, 2/3, 3/4, 4/5","1, 1, 1, 1","2, 3/2, 4/3, 5/4","Substitute n = 1, 2, 3, 4: 1/2, 2/3, 3/4, 4/5 — the denominator is always one more than the numerator.","Substitute the term number for n in both the numerator and denominator, being careful with the +1.",,,,,,,
1492,205a,205,1,No,"Compare 7, 12, 17, 22... to 5, 10, 15, 20 (5n) to find its nth term.",5n + 2,5n - 2,5n + 5,"Each term is 2 more than the matching multiple of 5 (7 is 2 more than 5, 12 is 2 more than 10...), so the nth term is 5n + 2.","Compare each term to the matching multiple in the reference sequence, and find the constant adjustment.",,,,,,,
1493,205a,205,1,No,"Compare 11, 16, 21, 26... to 5, 10, 15, 20 (5n) to find its nth term.",5n + 6,5n - 6,5n + 5,"Each term is 6 more than the matching multiple of 5 (11 is 6 more than 5, 16 is 6 more than 10...), so the nth term is 5n + 6.","Compare each term to the matching multiple in the reference sequence, and find the constant adjustment.",,,,,,,
1494,205b,205,2,No,"Find the nth term of the sequence 4, 9, 14, 19...",5n - 1,5n + 1,5n + 4,"The common difference is 5, so start with 5n. Compare to the first term: 5(1)=5, but the first term is 4, which is 1 less: 5n - 1.","Find the common difference first, then compare 'difference × n' to the first term to find the adjustment.",,,,,,,
1495,205b,205,2,No,"Find the nth term of the sequence 5, 8, 11, 14...",3n + 2,3n - 2,3n + 5,"The common difference is 3, so start with 3n. Compare to the first term: 3(1)=3, but the first term is 5, which is 2 more: 3n + 2.","Find the common difference first, then compare 'difference × n' to the first term to find the adjustment.",,,,,,,
1496,205c,205,3,No,"Find the nth term of the sequence 30, 25, 20, 15...",35 - 5n,5n - 35,-5n + 30,"The common difference is -5, so start with -5n. Compare to the first term: -5(1)=-5, but the first term is 30, which is 35 more: 35 - 5n.","Find the common difference first (it will be negative for a descending sequence), then find the adjustment needed.",,,,,,,
1497,205d,205,1,No,"A pattern has 3, 7, 11, 15 squares in steps 1-4. Find the nth term.",4n - 1,4n + 1,4n + 3,"The common difference is 4, so start with 4n. Compare to the first term: 4(1)=4, but the first term is 3, which is 1 less: 4n - 1.","Find the common difference first, then compare 'difference × n' to the first term to find the adjustment.",,,,,,,
1498,205e,205,2,No,"Find the nth term of the sequence 1/2, 1, 3/2, 2...",n/2,2n,n/2 + 1/2,"The common difference is 1/2, and the first term matches 1/2 × 1 exactly, so no adjustment is needed: nth term = n/2.","Find the common difference, then check whether 'difference × n' already matches the first term before adding any adjustment.",,,,,,,
1499,205e,205,3,No,"Find the nth term of the sequence 3/4, 5/4, 7/4, 9/4...",n/2 + 1/4,n/2 - 1/4,n/2 + 3/4,"The common difference is 1/2, so start with n/2. Compare to the first term: 1/2(1)=1/2, but the first term is 3/4, which is 1/4 more: n/2 + 1/4.","Find the common difference first, then compare 'difference × n' to the first term to find the fractional adjustment.",,,,,,,
1500,205f,205,3,No,nth term is 5n - 2. Find an expression for the (n+3)th term.,5n + 13,5n + 1,5n - 2 + 3,Substitute (n+3) in place of n: 5(n+3) - 2 = 5n + 15 - 2 = 5n + 13.,"Replace n with the new expression everywhere it appears in the formula, then simplify.",,,,,,,
1501,205g,205,1,No,nth term is 3n + 2. Find the nth term of a sequence always 5 more.,3n + 7,3n + 2,8n + 2,Add 5 to the constant term of the original formula: 3n + 2 + 5 = 3n + 7.,Only the constant part of the formula needs to change if every term shifts by the same fixed amount.,,,,,,,
1502,205g,205,3,No,nth term is 2n + 5. Find the nth term of a sequence always 3 less.,2n + 2,2n + 5,#VALUE!,Subtract 3 from the constant term of the original formula: 2n + 5 - 3 = 2n + 2.,Only the constant part of the formula needs to change if every term shifts by the same fixed amount.,,,,,,,
1503,205h,205,2,No,"2nd term is 9, 5th term is 21. Find the nth term formula.",4n + 1,4n + 5,4n - 3,"There are 3 steps between the 2nd and 5th terms, and the total change is 21 - 9 = 12, so the common difference is 12 ÷ 3 = 4. The 1st term is 9 - 4 = 5. The nth term is 4n + 1.","Find the common difference from the gap between the given terms, then work backwards to find the first term.",,,,,,,
1504,206a,206,1,No,"Is 47 a term in 4, 8, 12, 16... (multiples of 4)? Use odd/even reasoning.","No, because every term is even (a multiple of 4), but 47 is odd.","Yes, because 47 is close to a multiple of 4.","No, because 47 is too large.","Every term in this sequence is a multiple of 4, so every term must be even. Since 47 is odd, it cannot be a term.",Check a simple property like odd/even first — it can rule out a number without any further calculation.,,,,,,,
1505,206a,206,1,No,"Is 53 a term in 6, 12, 18, 24... (multiples of 6)? Use odd/even reasoning.","No, because every term is even (a multiple of 6), but 53 is odd.","Yes, because 53 is close to a multiple of 6.","No, because 53 is too large.","Every term in this sequence is a multiple of 6, so every term must be even. Since 53 is odd, it cannot be a term.",Check a simple property like odd/even first — it can rule out a number without any further calculation.,,,,,,,
1506,206b,206,2,No,"Is 32 a term in 4, 9, 14, 19, 24, 29, 34...? Explain by continuing it.","No, because the sequence goes ...29, 34, and 32 falls between two consecutive terms.","Yes, because 32 is close to 34.","Yes, because 32 is even.","Continuing the sequence: 4, 9, 14, 19, 24, 29, 34... The terms jump from 29 to 34, skipping 32, so 32 is not a term.","List out the terms of the sequence until you pass the number in question, and check if it appears exactly.",,,,,,,
1507,206b,206,2,No,"Is 42 a term in 3, 9, 15, 21, 27, 33, 39...? Explain by continuing it.","No, because the sequence goes ...39, 45, and 42 falls between two consecutive terms.","Yes, because 42 is close to 39.","Yes, because 42 is even.","Continuing the sequence: 3, 9, 15, 21, 27, 33, 39, 45... The terms jump from 39 to 45, skipping 42, so 42 is not a term.","List out the terms of the sequence until you pass the number in question, and check if it appears exactly.",,,,,,,
1508,206b,206,2,No,"Is 50 a term in 2, 7, 12, 17, 22, 27, 32, 37, 42, 47...? Explain by continuing it.","No, because the sequence goes ...47, 52, and 50 falls between two consecutive terms.","Yes, because 50 is close to 47.","Yes, because 50 is a round number.","Continuing the sequence: ...42, 47, 52... The terms jump from 47 to 52, skipping 50, so 50 is not a term.","List out the terms of the sequence until you pass the number in question, and check if it appears exactly.",,,,,,,
1509,206c,206,3,No,Is 100 a term in the sequence with nth term 3n + 1? Use algebra to check.,"Yes, because 3n + 1 = 100 gives n = 33, which is a whole number.","No, because 100 is not a multiple of 3.","Yes, because 100 is close to a multiple of 3.","Set 3n + 1 = 100. Subtract 1: 3n = 99. Divide by 3: n = 33, which is a whole number, so 100 is a term (the 33rd term).","Set the nth term formula equal to the number, and solve for n — if n is a whole number, it's a valid term.",,,,,,,
1510,206c,206,3,No,Is 62 a term in the sequence with nth term 4n + 2? Use algebra to check.,"Yes, because 4n + 2 = 62 gives n = 15, which is a whole number.","No, because 62 is not a multiple of 4.","Yes, because 62 is close to a multiple of 4.","Set 4n + 2 = 62. Subtract 2: 4n = 60. Divide by 4: n = 15, a whole number, so 62 is a term (the 15th term).","Set the nth term formula equal to the number, and solve for n — if n is a whole number, it's a valid term.",,,,,,,
1511,206c,206,3,No,Is 50 a term in the sequence with nth term 6n - 4? Use algebra to check.,"Yes, because 6n - 4 = 50 gives n = 9, which is a whole number.","No, because 50 is not a multiple of 6.","Yes, because 50 is close to a multiple of 6.","Set 6n - 4 = 50. Add 4: 6n = 54. Divide by 6: n = 9, a whole number, so 50 is a term (the 9th term).","Set the nth term formula equal to the number, and solve for n — if n is a whole number, it's a valid term.",,,,,,,
1512,206d,206,1,No,Find the term number of 47 in the sequence with nth term 6n - 1.,n = 8 (the 8th term),n = 7,n = 46,Set 6n - 1 = 47. Add 1: 6n = 48. Divide by 6: n = 8.,"Set the nth term formula equal to the given value, then solve for n.",,,,,,,
1513,206d,206,1,No,Find the term number of 62 in the sequence with nth term 5n + 2.,n = 12 (the 12th term),n = 13,n = 60,Set 5n + 2 = 62. Subtract 2: 5n = 60. Divide by 5: n = 12.,"Set the nth term formula equal to the given value, then solve for n.",,,,,,,
1514,206e,206,2,No,Which term of the sequence with nth term 7n + 2 is closest to 95?,"The 13th term (93), since it's closer to 95 than the 14th term (100).","The 14th term (100), since it's the next term after 95.","The 13th term (91), since 91 is close to 95.","Solve 7n + 2 = 95 to get n ≈ 13.29. Check nearby terms: the 13th term is 7(13)+2=93, and the 14th term is 7(14)+2=100. Since 93 is closer to 95 (a difference of 2, versus 5), the 13th term is closest.","Set the nth term formula equal to the target number, then check the terms on either side to see which is actually closer.",,,,,,,
1515,206e,206,2,No,Which term of the sequence with nth term 4n + 3 is closest to 50?,"The 12th term (51), since it's closer to 50 than the 11th term (47).","The 11th term (47), since it's the term before 50.","The 12th term (55), since 55 is close to 50.","Solve 4n + 3 = 50 to get n ≈ 11.75. Check nearby terms: the 11th term is 4(11)+3=47, and the 12th term is 4(12)+3=51. Since 51 is closer to 50 (a difference of 1, versus 3), the 12th term is closest.","Set the nth term formula equal to the target number, then check the terms on either side to see which is actually closer.",,,,,,,
1516,207a,207,1,No,"Find the mode of: 4, 7, 4, 9, 4, 2, 7.",4,7,33,"4 appears three times, more than any other value, so the mode is 4.",The mode is the value that appears most often — count how many times each value appears.,,,,,,,
1517,207b,207,2,No,"Find the median of: 3, 8, 5, 1, 9, 6, 4.",5,8,6,"Sort the data: 1, 3, 4, 5, 6, 8, 9. The middle value (4th of 7) is 5.","Sort the data in order first, then find the middle value.",,,,,,,
1518,207c,207,3,No,"Find the range of: 12, 5, 19, 8, 3, 15.",16,22,19,The highest value is 19 and the lowest is 3. Range = 19 - 3 = 16.,Subtract the smallest value from the largest value.,,,,,,,
1519,207d,207,1,No,"A table shows: 2 people scored 5, 3 scored 6, 1 scored 8. Find the mode.",6,8,5,"6 was scored by 3 people, more than any other score, so the mode is 6.",Look at the frequency column and find the score with the highest frequency.,,,,,,,
1520,207d,207,2,No,"A table shows: 1 scored 3, 4 scored 5, 2 scored 7. Find the median score.",5,7,5.5,"List all 7 scores in order: 3, 5, 5, 5, 5, 7, 7. The middle value (4th of 7) is 5.","Write out every individual value in order (using the frequencies), then find the middle one.",,,,,,,
1521,207e,207,3,No,"A table shows: 3 scored 2, 5 scored 6, 2 scored 9. Find the range.",7,11,9,The highest score is 9 and the lowest is 2. Range = 9 - 2 = 7.,Subtract the smallest value from the largest value shown in the table.,,,,,,,
1522,207f,207,1,No,A shoe shop wants the most common size sold. Which average should it use?,Mode,Mean,Median,"The shop needs to know which size is bought most often, which is exactly what the mode tells you.",Think about which average directly answers 'what happens most often?',,,,,,,
1523,207f,207,2,No,"An estate agent wants typical house prices, but one mansion is pricey. Which average?",Median,Mean,Mode,"The mean would be pulled up by the one very expensive mansion, giving a misleading typical price. The median isn't affected by extreme values, so it's the better choice.",Think about which average is least affected by one unusually large or small value.,,,,,,,
1524,207gh,207,3,No,"Class A: median 65, range 10. Class B: median 65, range 30. Compare them.","Both classes have the same typical score (median 65), but Class A's scores are more consistent (smaller range), while Class B's are more spread out.","Class B performed better, since it has a bigger range.","Class A performed better, since it has the same median.","The medians are equal, so both classes have the same typical score. Class A's smaller range (10) shows its scores are more tightly clustered, while Class B's larger range (30) shows more variation.","Compare the medians to judge typical performance, and the ranges to judge consistency.",,,,,,,
1525,207i,207,1,No,"Data 3, 5, 7, 9 has 40 added. How are the median and mean affected?","The mean increases a lot (from 6 to 12.8), while the median increases only slightly (from 6 to 7).",Both the median and mean increase by the same amount.,"Neither the median nor the mean changes, since it's just one extra value.","The original mean is (3+5+7+9)÷4=6, and the new mean is (3+5+7+9+40)÷5=12.8 — a large increase. The original median is (5+7)÷2=6, and the new median (sorted 3,5,7,9,40) is 7 — only a small increase.",The mean is much more sensitive to a single extreme value than the median is.,,,,,,,
1526,207j,207,2,No,"Data 2, 4, 4, 6, 8 has mode 4. Which value changed to make the new mode 6?","One of the 4s changed to a 6, giving 2, 4, 6, 6, 8 (mode 6).","The 8 changed to a 4, giving three 4s.","The 2 changed to a 6, giving two 6s but only one 4.","To make 6 the new mode, there need to be more 6s than any other value. Changing one of the 4s to a 6 gives 2, 4, 6, 6, 8, where 6 now appears twice — more than any other value.",Think about which value needs to appear more often than any other for the mode to change.,,,,,,,
1527,207k,207,1,No,"Find the range of the data: x, x+3, x+7, x+2, x+5 (in terms of x).",7,x + 7,2x + 7,The largest term is x+7 and the smallest is x. Range = (x+7) - x = 7.,Subtract the smallest expression from the largest — the x terms should cancel out.,,,,,,,
1528,207k,207,2,No,"Find the median of the data: x, x+2, x+4, x+6, x+8 (in terms of x).",x + 4,x + 8,x,The data is already in order. The middle value (3rd of 5 terms) is x+4.,"Make sure the data is in order first, then pick out the middle term.",,,,,,,
1529,207l,207,3,No,"Find 4 integers with mean 6, median 6, range 4, and no repeated value.","4, 5, 7, 8","4, 6, 6, 8","5, 5, 7, 7","Try sorted values a<b<c<d. For range 4, let a=4 and d=8. For median 6, b+c must equal 12: try b=5, c=7. Check: mean=(4+5+7+8)÷4=6, median=(5+7)÷2=6, range=8-4=4, all distinct.","Start with the range to fix the smallest and largest values, then use the median condition to find the middle two, checking the mean at the end.",,,,,,,
1530,207m,207,3,No,"Find the outlier in the data: 21, 23, 22, 24, 3, 25.",3,25,21,"Most values cluster around 21-25, but 3 is far below all the others, making it the outlier.",Look for a value that's noticeably different from the rest of the cluster.,,,,,,,
1531,208a,208,1,No,"Five numbers have a mean of 8. Four are 5, 9, 10, 7. Find the fifth number.",9,8,31,The total for 5 numbers with mean 8 is 5 × 8 = 40. The four known numbers sum to 5+9+10+7=31. The fifth number is 40 - 31 = 9.,"Find the total sum needed for the mean, subtract the known values, to find the missing one.",,,,,,,
1532,208a,208,2,No,"Six numbers have a mean of 12. Five are 10, 15, 8, 14, 11. Find the sixth.",14,12,58,The total for 6 numbers with mean 12 is 6 × 12 = 72. The five known numbers sum to 10+15+8+14+11=58. The sixth number is 72 - 58 = 14.,"Find the total sum needed for the mean, subtract the known values, to find the missing one.",,,,,,,
1533,208b,208,1,No,"Four numbers have mean 6. A fifth is added, new mean is 7. Find the fifth number.",11,7,5,The original total is 4 × 6 = 24. The new total needed for 5 numbers with mean 7 is 5 × 7 = 35. The added number is 35 - 24 = 11.,"Work out the total before and after, then find the difference to identify the added value.",,,,,,,
1534,208b,208,2,No,"Six numbers have mean 9. A seventh is added, new mean is 10. Find the seventh.",16,10,6,The original total is 6 × 9 = 54. The new total needed for 7 numbers with mean 10 is 7 × 10 = 70. The added number is 70 - 54 = 16.,"Work out the total before and after, then find the difference to identify the added value.",,,,,,,
1535,208c,208,1,No,"Five numbers have a mean of 10. One number, 20, is removed. Find the new mean.",7.5,10,6,"The original total is 5 × 10 = 50. Removing 20 leaves 50 - 20 = 30, shared between 4 numbers: 30 ÷ 4 = 7.5.","Find the original total, subtract the removed value, then divide by the new number of values.",,,,,,,
1536,208c,208,2,No,"Four numbers have a mean of 15. A new number, 5, is added. Find the new mean.",13,15,16.25,"The original total is 4 × 15 = 60. Adding 5 gives 60 + 5 = 65, shared between 5 numbers: 65 ÷ 5 = 13.","Find the original total, add the new value, then divide by the new number of values.",,,,,,,
1537,208d,208,1,No,"Group A: 4 numbers, mean 6. Group B: 6 numbers, mean 10. Combined mean?",8.4,8,16,"Group A's total: 4×6=24. Group B's total: 6×10=60. Combined total: 24+60=84, over 10 numbers: 84÷10=8.4.","Find the total for each group separately, add them together, then divide by the combined number of values.",,,,,,,
1538,208d,208,2,No,"Group A: 5 numbers, mean 12. Group B: 3 numbers, mean 20. Combined mean?",15,16,12,"Group A's total: 5×12=60. Group B's total: 3×20=60. Combined total: 60+60=120, over 8 numbers: 120÷8=15.","Find the total for each group separately, add them together, then divide by the combined number of values.",,,,,,,
1539,208e,208,1,No,10 numbers have mean 8. 6 (Group A) have mean 6. Find the mean of the other 4.,11,8,6,"The combined total is 10×8=80. Group A's total is 6×6=36. Group B's total is 80-36=44, over 4 numbers: 44÷4=11.","Find the combined total and Group A's total, subtract to find Group B's total, then divide by Group B's count.",,,,,,,
1540,209a,209,1,Yes,Find the circumference of a circle with radius 7cm. Use π ≈ 3.14.,43.96 cm,21.98 cm,153.86 cm,Circumference = 2πr = 2 × 3.14 × 7 = 43.96cm.,"Use C = 2πr, doubling the radius before multiplying by π.",,,,,,,
1541,209b,209,2,Yes,Find the circumference of a circle with diameter 12cm. Use π ≈ 3.14.,37.68 cm,18.84 cm,113.04 cm,Circumference = πd = 3.14 × 12 = 37.68cm.,Use C = πd directly when you're given the diameter — no need to double anything first.,,,,,,,
1542,209c,209,3,No,Find the exact circumference of a circle with radius 9cm.,18π cm,9π cm,81π cm,Circumference = 2πr = 2π × 9 = 18π cm. Leave the answer in terms of π for an exact value.,Keep π in the answer rather than using a decimal approximation — just simplify the multiplication.,,,,,,,
1543,209d,209,1,Yes,A circle has a circumference of 62.8cm. Find its diameter. Use π ≈ 3.14.,20 cm,10 cm,197.19 cm,Diameter = C ÷ π = 62.8 ÷ 3.14 = 20cm.,Rearrange the circumference formula to divide by π instead of multiplying.,,,,,,,
1544,209d,209,2,Yes,A circle has a circumference of 37.68cm. Find its radius. Use π ≈ 3.14.,6 cm,12 cm,118.32 cm,Diameter = C ÷ π = 37.68 ÷ 3.14 = 12cm. Radius = diameter ÷ 2 = 6cm.,"Find the diameter first by dividing by π, then halve it to get the radius.",,,,,,,
1545,209e,209,3,Yes,A circular pool has radius 5m. Fencing costs £12/m. Find the fencing cost.,£376.80,£188.40,£1884,Circumference = 2π × 5 = 31.4m. Cost = 31.4 × 12 = £376.80.,"Find the circumference first, then multiply by the cost per metre.",,,,,,,
1546,209f,209,1,Yes,A circle is inscribed in a square of area 64cm². Find its circumference.,25.12 cm,50.24 cm,200.96 cm,"The square's side is √64 = 8cm, which equals the circle's diameter (since the circle touches all four sides). Circumference = π × 8 = 25.12cm.",The diameter of an inscribed circle equals the side length of the square it's inscribed in.,,,,,,,
1547,209f,209,2,Yes,A circle is inscribed in a square with perimeter 36cm. Find its circumference.,28.26 cm,113.04 cm,14.13 cm,"The square's side is 36 ÷ 4 = 9cm, which equals the circle's diameter. Circumference = π × 9 = 28.26cm.",Find one side length of the square first — that's the circle's diameter.,,,,,,,
1548,209g,209,3,Yes,A wheel has diameter 70cm. Revolutions to travel 220m? Use π ≈ 3.14.,100 revolutions,22000 revolutions,101 revolutions,"Circumference = π × 70 = 219.8cm = 2.198m. Divide the distance by this: 220 ÷ 2.198 ≈ 100.09, which rounds down to 100 complete revolutions.","Find the circumference in the same units as the distance, then divide — round down since a revolution isn't complete until the wheel has gone all the way round.",,,,,,,
1549,210a,210,1,Yes,Find the area of a circle with radius 6cm. Use π ≈ 3.14.,113.04 cm²,37.68 cm²,56.52 cm²,Area = πr² = 3.14 × 6² = 3.14 × 36 = 113.04cm².,"Square the radius first, then multiply by π.",,,,,,,
1550,210b,210,2,Yes,Find the area of a circle with diameter 10cm. Use π ≈ 3.14.,78.5 cm²,314 cm²,31.4 cm²,Radius = diameter ÷ 2 = 5cm. Area = πr² = 3.14 × 5² = 3.14 × 25 = 78.5cm².,"Halve the diameter to find the radius first, then use the area formula.",,,,,,,
1551,210c,210,3,No,Find the exact area of a circle with radius 4cm.,16π cm²,8π cm²,4π cm²,Area = πr² = π × 4² = 16π cm². Leave the answer in terms of π for an exact value.,"Square the radius, then keep π in the answer rather than using a decimal approximation.",,,,,,,
1552,210d,210,1,Yes,A circle has an area of 78.5cm². Find its radius. Use π ≈ 3.14.,5 cm,25 cm,12.5 cm,Divide by π: 78.5 ÷ 3.14 = 25. Take the square root: √25 = 5cm.,"Divide the area by π first, then take the square root of the result.",,,,,,,
1553,210e,210,2,Yes,A circle has a circumference of 25.12cm. Find its area. Use π ≈ 3.14.,50.24 cm²,25.12 cm²,200.96 cm²,Find the radius: 25.12 ÷ (2 × 3.14) = 4cm. Area = πr² = 3.14 × 4² = 50.24cm².,"Find the radius from the circumference first, then use it in the area formula.",,,,,,,
1554,210f,210,3,Yes,A circle has an area of 200.96cm². Find its circumference. Use π ≈ 3.14.,50.24 cm,200.96 cm,25.12 cm,"Find the radius: 200.96 ÷ 3.14 = 64, so r = √64 = 8cm. Circumference = 2π × 8 = 50.24cm.","Find the radius from the area first, then use it in the circumference formula.",,,,,,,
1555,210g,210,1,Yes,A circle radius 7cm has the same area as a rectangle 11cm wide. Find length.,14 cm,11 cm,22 cm,Circle's area: 3.14 × 7² = 153.86cm². Divide by the rectangle's width: 153.86 ÷ 11 ≈ 14cm.,"Find the circle's area first, then divide by the rectangle's known side to find the other side.",,,,,,,
1556,210g,210,3,Yes,A rectangle 20cm by 15.7cm has the same area as a circle. Find its radius.,10 cm,100 cm,50 cm,Rectangle's area: 20 × 15.7 = 314cm². Divide by π: 314 ÷ 3.14 = 100. Take the square root: √100 = 10cm.,"Find the rectangle's area first, divide by π, then take the square root to find the radius.",,,,,,,
1557,210h,210,2,Yes,A circle radius 5cm has the same area as a triangle base 10cm. Find height.,15.7 cm,7.85 cm,78.5 cm,"Circle's area: 3.14 × 5² = 78.5cm². Set equal to the triangle's area: 0.5 × 10 × h = 78.5, so 5h = 78.5, giving h = 15.7cm.","Find the circle's area first, set it equal to the triangle's area formula, then solve for the height.",,,,,,,
1558,211a,211,1,Yes,Find the area of a semicircle with radius 8cm. Use π ≈ 3.14.,100.48 cm²,200.96 cm²,50.24 cm²,Full circle area: 3.14 × 8² = 200.96cm². Halve for a semicircle: 200.96 ÷ 2 = 100.48cm².,"Find the full circle's area first, then take the appropriate fraction.",,,,,,,
1559,211a,211,3,Yes,Find the area of a quarter circle with radius 10cm. Use π ≈ 3.14.,78.5 cm²,314 cm²,157 cm²,Full circle area: 3.14 × 10² = 314cm². Take a quarter: 314 ÷ 4 = 78.5cm².,"Find the full circle's area first, then take the appropriate fraction.",,,,,,,
1560,211b,211,2,Yes,Find the perimeter of a semicircle with radius 6cm. Use π ≈ 3.14.,30.84 cm,18.84 cm,37.68 cm,The curved part is half the circumference: π × 6 = 18.84cm. Add the straight edge (the diameter): 18.84 + 12 = 30.84cm.,The perimeter of a semicircle includes both the curved arc and the straight diameter edge.,,,,,,,
1561,211c,211,1,No,Find the exact area of a semicircle with radius 5cm.,12.5π cm²,25π cm²,6.25π cm²,Full circle area: π × 5² = 25π cm². Halve for a semicircle: 25π ÷ 2 = 12.5π cm².,"Find the full circle's exact area first, then take the appropriate fraction, keeping π in the answer.",,,,,,,
1562,211c,211,3,No,Find the exact area of a quarter circle with radius 6cm.,9π cm²,36π cm²,18π cm²,Full circle area: π × 6² = 36π cm². Take a quarter: 36π ÷ 4 = 9π cm².,"Find the full circle's exact area first, then take the appropriate fraction, keeping π in the answer.",,,,,,,
1563,211d,211,2,No,Find the exact perimeter of a semicircle with radius 9cm.,9π + 18 cm,9π cm,18π + 18 cm,The curved part is half the circumference: π × 9 = 9π cm. Add the straight edge: 9π + 18cm.,"Keep the curved part in terms of π, then add the straight diameter edge as a separate exact value.",,,,,,,
1564,211e,211,1,Yes,A semicircular table has radius 60cm. Varnish costs £0.05/cm². Find cost.,£282.60,£565.20,£56.52,Full circle area: 3.14 × 60² = 11304cm². Halve: 11304 ÷ 2 = 5652cm². Cost: 5652 × 0.05 = £282.60.,"Find the area of the fraction of the circle first, then multiply by the cost per cm².",,,,,,,
1565,211f,211,2,Yes,A semicircle radius r has the same area as a full circle radius 4cm. Find r.,r ≈ 5.66 cm,r = 8 cm,r = 4 cm,"The full circle's area is 3.14 × 4² = 50.24cm². Set the semicircle's area equal to this: 0.5 × 3.14 × r² = 50.24, so r² = 32, giving r ≈ 5.66cm.","Set up the semicircle's area formula equal to the given area, then solve for r.",,,,,,,
1566,211g,211,3,Yes,A semicircle radius 4cm sits in an 8cm by 4cm rectangle. Find the shaded area.,6.88 cm²,25.12 cm²,32 cm²,Rectangle's area: 8 × 4 = 32cm². Semicircle's area: 0.5 × 3.14 × 4² = 25.12cm². Shaded area: 32 - 25.12 = 6.88cm².,"Find the rectangle's area and the semicircle's area separately, then subtract.",,,,,,,
1567,212a,212,1,Yes,A running track has 100m straights and semicircular ends radius 30m. Perimeter?,388.4 m,200 m,288.4 m,Straight sides: 2 × 100 = 200m. The two semicircular ends together make one full circle: 2π × 30 = 188.4m. Total: 200 + 188.4 = 388.4m.,The two semicircular ends together form one full circle — add their combined circumference to the two straight sides.,,,,,,,
1568,212a,212,2,Yes,A running track has 84m straights and semicircular ends radius 21m. Perimeter?,299.88 m,168 m,65.94 m,Straight sides: 2 × 84 = 168m. The two semicircular ends together make one full circle: 2π × 21 = 131.88m. Total: 168 + 131.88 = 299.88m.,The two semicircular ends together form one full circle — add their combined circumference to the two straight sides.,,,,,,,
1569,212a,212,3,Yes,"A track's perimeter is 450m, semicircular ends radius 25m. Find each straight.",146.5 m,293 m,225 m,"Curved part: 2π × 25 = 157m. Remaining for the straights: 450 - 157 = 293m, shared between 2 sides: 293 ÷ 2 = 146.5m.","Subtract the curved part from the total perimeter first, then divide the remainder by 2.",,,,,,,
1570,212b,212,1,Yes,A rectangle 10cm by 6cm has a semicircle radius 3cm on one short end. Perimeter?,35.42 cm,41.42 cm,29.84 cm,Two long sides: 10+10=20cm. One remaining short side: 6cm. The curved edge (half the circumference of a circle with radius 3): π × 3 = 9.42cm. Total: 20 + 6 + 9.42 = 35.42cm.,One short side of the rectangle is replaced by the curved semicircle edge — don't count it twice.,,,,,,,
1571,212b,212,2,Yes,A rectangle 12cm by 5cm has a semicircle radius 5cm on one short end. Perimeter?,44.7 cm,49.7 cm,39.4 cm,Two long sides: 12+12=24cm. One remaining short side: 5cm. The curved edge: π × 5 = 15.7cm. Total: 24 + 5 + 15.7 = 44.7cm.,One short side of the rectangle is replaced by the curved semicircle edge — don't count it twice.,,,,,,,
1572,212b,212,3,Yes,A 6cm square has a quarter circle radius 6cm cut from a corner. Perimeter?,21.42 cm,24 cm,30.84 cm,Two full sides remain: 6+6=12cm. The corner is replaced by a quarter-circle arc: (1/4) × 2π × 6 = 9.42cm. Total: 12 + 9.42 = 21.42cm.,The two sides meeting at the cut corner are replaced by the curved arc — work out what fraction of the full circumference that arc represents.,,,,,,,
1573,213a,213,1,Yes,"A ring has outer radius 10cm, inner radius 6cm. Find its area. Use π ≈ 3.14.",200.96 cm²,314 cm²,50.24 cm²,Outer circle area: 3.14 × 10² = 314cm². Inner circle area: 3.14 × 6² = 113.04cm². Ring area: 314 - 113.04 = 200.96cm².,"Find the area of the outer circle and the inner circle separately, then subtract.",,,,,,,
1574,213a,213,3,Yes,A ring has outer radius 10cm and area 175.84cm². Find the inner radius.,r ≈ 6.63 cm,r = 44 cm,r = 12.5 cm,Outer circle area: 3.14 × 10² = 314cm². Inner circle area: 314 - 175.84 = 138.16cm². Inner radius: √(138.16 ÷ 3.14) = √44 ≈ 6.63cm.,"Find the outer circle's area first, subtract the ring's area to find the inner circle's area, then find its radius.",,,,,,,
1575,213b,213,2,Yes,"A half-ring has outer radius 8cm, inner radius 5cm. Find its area.",61.23 cm²,122.46 cm²,200.96 cm²,Outer circle area: 3.14 × 8² = 200.96cm². Inner circle area: 3.14 × 5² = 78.5cm². Full ring area: 200.96 - 78.5 = 122.46cm². Halve: 122.46 ÷ 2 = 61.23cm².,"Find the full ring's area first, then take the appropriate fraction.",,,,,,,
1576,213c,213,1,Yes,A circle radius 5cm is inscribed in a 10cm square. Find the shaded area.,21.5 cm²,78.5 cm²,100 cm²,Square's area: 10 × 10 = 100cm². Circle's area: 3.14 × 5² = 78.5cm². Shaded area: 100 - 78.5 = 21.5cm².,"Find the square's area and the circle's area separately, then subtract.",,,,,,,
1577,213d,213,2,Yes,A 20cm by 10cm rectangle has 2 circles radius 5cm. Find the shaded area.,43 cm²,157 cm²,121.5 cm²,Rectangle's area: 20 × 10 = 200cm². Each circle's area: 3.14 × 5² = 78.5cm². Two circles: 157cm². Shaded area: 200 - 157 = 43cm².,"Find the rectangle's area and the combined area of all the circles, then subtract.",,,,,,,
1578,213e,213,3,No,A 16cm by 8cm rectangle has 2 circles radius 4cm. Find the exact shaded area.,128 - 32π cm²,32π cm²,128 - 16π cm²,Rectangle's area: 16 × 8 = 128cm². Each circle's area: π × 4² = 16π cm². Two circles: 32π cm². Shaded area: 128 - 32π cm².,"Find the rectangle's area and the combined exact area of the circles, then subtract, keeping π in the answer.",,,,,,,
1579,213f,213,1,Yes,A quarter circle radius 8cm has a semicircle radius 4cm cut out. Remaining area?,25.12 cm²,50.24 cm²,75.36 cm²,Quarter circle area: 0.25 × 3.14 × 8² = 50.24cm². Semicircle area: 0.5 × 3.14 × 4² = 25.12cm². Remaining area: 50.24 - 25.12 = 25.12cm².,"Find the quarter circle's area and the semicircle's area separately, then subtract.",,,,,,,
1580,213g,213,2,Yes,A rectangle 10cm by 6cm joins a semicircle radius 3cm. Find the total area.,74.13 cm²,60 cm²,88.26 cm²,Rectangle's area: 10 × 6 = 60cm². Semicircle's area: 0.5 × 3.14 × 3² = 14.13cm². Total: 60 + 14.13 = 74.13cm².,"Find the area of each part separately, then add them together.",,,,,,,
1581,213hi,213,3,Yes,A quarter circle radius 10cm minus a triangle (legs 10cm). Turf costs £3/cm².,£85.50,£235.50,£150,Quarter circle area: 0.25 × 3.14 × 10² = 78.5cm². Triangle area: 0.5 × 10 × 10 = 50cm². Segment area: 78.5 - 50 = 28.5cm². Cost: 28.5 × 3 = £85.50.,"Find the segment's area first (quarter circle minus the triangle), then multiply by the cost per cm².",,,,,,,
1582,214a,214,1,No,Write 9 out of 20 as a percentage.,45%,20%,29%,9/20 = 0.45 = 45%.,Divide then multiply by 100.,,,,,,,
1583,214a,214,1,No,Express 3 out of 10 as a percentage.,30%,3%,13%,3/10 = 0.3 = 30%.,Tenths convert directly to percentages.,,,,,,,
1584,214a,214,2,No,What percentage is 18 out of 40?,45%,18%,22%,18/40 = 0.45 = 45%.,"Divide first, then convert to a percentage.",,,,,,,
1585,214a,214,2,No,Write 12 out of 75 as a percentage.,16%,12%,6.25%,12/75 = 0.16 = 16%.,Simplify the fraction first if it helps.,,,,,,,
1586,214a,214,3,Yes,Write 34 out of 85 as a percentage.,40%,34%,2.50%,34÷85 = 0.4 = 40%.,Use a calculator to divide first.,,,,,,,
1587,214a,214,3,Yes,Express 57 out of 76 as a percentage.,75%,57%,1.33%,57÷76 = 0.75 = 75%.,Divide the numbers using a calculator.,,,,,,,
1588,214b,214,1,No,25% of 80 is what percentage of 200?,10%,25%,40%,25% of 80 = 20. 20 out of 200 = 10%.,"Find the value first, then compare to the new total.",,,,,,,
1589,214b,214,2,No,30% of 60 is what percentage of 45?,40%,30%,18%,30% of 60 = 18. 18 out of 45 = 40%.,"Calculate the value, then express it as a percentage of the second amount.",,,,,,,
1590,214b,214,2,No,15% of 120 is what percentage of 90?,20%,15%,18%,15% of 120 = 18. 18 out of 90 = 20%.,"Work out the value, then divide by the second amount.",,,,,,,
1591,214b,214,3,Yes,12% of 150 is what percentage of 45?,40%,12%,33.30%,12% of 150 = 18. 18 out of 45 = 40%.,"Find the actual value, then compare to the other amount.",,,,,,,
1592,214b,214,3,Yes,8% of 250 is what percentage of 40?,50%,8%,20%,8% of 250 = 20. 20 out of 40 = 50%.,"Calculate the value, then express as a percentage of 40.",,,,,,,
1593,214b,214,1,No,20% of 50 equals what percentage of 100?,10%,20%,40%,20% of 50 = 10. 10 out of 100 = 10%.,Work out the actual value first.,,,,,,,
1594,215a,215,1,Yes,A price rises from £40 to £50. Find the percentage change.,25% increase,20% increase,10% increase,Change = 10. 10/40 x 100 = 25%. It is an increase.,Divide the change by the original value.,,,,,,,
1595,215a,215,2,Yes,A price falls from £80 to £68. Find the percentage change.,15% decrease,12% decrease,17.6% decrease,Change = 12. 12/80 x 100 = 15%. It is a decrease.,Divide the change by the original amount.,,,,,,,
1596,215a,215,3,Yes,A value changes from 45 to 58.5. Find the percentage change.,30% increase,23.1% increase,13.5% increase,Change = 13.5. 13.5/45 x 100 = 30%. It is an increase.,"Find the change, then divide by the original value.",,,,,,,
1597,215b,215,1,No,A plant grows from 20cm to 25cm. Find the percentage increase.,25%,20%,5%,Change = 5. 5/20 x 100 = 25%.,Divide the change by the starting height.,,,,,,,
1598,215b,215,2,No,A journey time falls from 90 to 72 minutes. Find the percentage decrease.,20%,18%,25%,Change = 18. 18/90 x 100 = 20%.,Divide the change by the original time.,,,,,,,
1599,215b,215,3,Yes,A population rises from 250 to 310. Find the percentage increase.,24%,19.40%,60%,Change = 60. 60/250 x 100 = 24%.,"Find the change, then divide by the starting population.",,,,,,,
1600,215c,215,1,No,An item bought for £20 is sold for £25. Find the percentage profit.,25%,20%,5%,Profit = 5. 5/20 x 100 = 25%.,Divide the profit by the cost price.,,,,,,,
1601,215c,215,2,No,An item bought for £60 is sold for £51. Find the percentage loss.,15%,9%,17.60%,Loss = 9. 9/60 x 100 = 15%.,Divide the loss by the cost price.,,,,,,,
1602,215c,215,3,Yes,An item bought for £85 is sold for £102. Find the percentage profit.,20%,17%,16.70%,Profit = 17. 17/85 x 100 = 20%.,"Find the profit, then divide by the cost price.",,,,,,,
1603,215d,215,1,No,5 items cost £4 each and sell for £5 each. Find the percentage profit.,25%,20%,5%,"Cost = £20, revenue = £25, profit = £5. 5/20 x 100 = 25%.",Compare total cost to total revenue.,,,,,,,
1604,215d,215,2,No,"10 items cost £3 each, sold for a total of £36. Find the percentage profit.",20%,16.70%,6%,"Cost = £30, revenue = £36, profit = £6. 6/30 x 100 = 20%.","Find the total cost first, then the profit.",,,,,,,
1605,215d,215,3,Yes,Items costing £150 in total are sold for £180. Find the percentage profit.,20%,16.70%,30%,Profit = 30. 30/150 x 100 = 20%.,Divide the profit by the total cost.,,,,,,,
1606,216a,216,1,No,A length is measured as 20cm but is actually 18cm. Find the percentage error.,11.10%,10%,2%,Error = 2. 2/18 x 100 = 11.1% (1dp).,Divide the error by the true value.,,,,,,,
1607,216a,216,1,No,A mass is measured as 45g but is actually 50g. Find the percentage error.,10%,11.10%,5%,Error = 5. 5/50 x 100 = 10%.,"Divide the error by the true value, not the measured one.",,,,,,,
1608,216a,216,2,Yes,A recipe needs 200g of flour but 215g is used. Find the percentage error.,7.50%,6.98%,15%,Error = 15. 15/200 x 100 = 7.5%.,Use the true (intended) value as the denominator.,,,,,,,
1609,216a,216,2,Yes,A journey should take 40 minutes but takes 46 minutes. Find the percentage error.,15%,13%,6%,Error = 6. 6/40 x 100 = 15%.,"Divide by the true value, then multiply by 100.",,,,,,,
1610,216a,216,3,Yes,A quantity of 65 litres is measured as 71.5 litres. Find the percentage error.,10%,9.10%,6.50%,Error = 6.5. 6.5/65 x 100 = 10%.,"Find the error, then divide by the true value.",,,,,,,
1611,216a,216,3,Yes,A length of 3.2m is recorded as 2.88m. Find the percentage error.,10%,11.10%,0.32%,Error = 0.32. 0.32/3.2 x 100 = 10%.,Divide the error by the true length.,,,,,,,
1612,216b,216,1,No,A true value is 40 and the measured value is 44. Find the relative error.,0.1,10,4,Error = 4. 4/40 = 0.1.,Divide the error by the true value; don't convert to a percentage.,,,,,,,
1613,216b,216,1,No,A true value is 25 and the measured value is 23. Find the relative error.,0.08,8,2,Error = 2. 2/25 = 0.08.,"Keep the answer as a decimal, not a percentage.",,,,,,,
1614,216b,216,2,Yes,A true value is 120 and the measured value is 138. Find the relative error.,0.15,15,18,Error = 18. 18/120 = 0.15.,Divide the error by the true value.,,,,,,,
1615,216b,216,2,Yes,A true value is 64 and the measured value is 60.8. Find the relative error.,0.05,5,3.2,Error = 3.2. 3.2/64 = 0.05.,"Divide the error by the true value, not the estimate.",,,,,,,
1616,216b,216,3,Yes,A true value is 84 and the measured value is 92.4. Find the relative error.,0.1,10,8.4,Error = 8.4. 8.4/84 = 0.1.,Give the answer as a decimal.,,,,,,,
1617,216b,216,3,Yes,A true value is 175 and the measured value is 161. Find the relative error.,0.08,8,14,Error = 14. 14/175 = 0.08.,Divide the error by the true value.,,,,,,,
1618,217a,217,1,No,Calculate 110% of 40 by chunking.,44,40,4,"100% = 40, 10% = 4, so 110% = 40+4 = 44.","Find 100% and 10%, then add them.",,,,,,,
1619,217a,217,1,No,Calculate 120% of 30 by chunking.,36,30,6,"100% = 30, 20% = 6, so 120% = 30+6 = 36.","Find 100% and 20%, then add them.",,,,,,,
1620,217a,217,1,No,Calculate 105% of 60 by chunking.,63,60,3,"100% = 60, 5% = 3, so 105% = 60+3 = 63.","Find 100% and 5%, then add them.",,,,,,,
1621,217a,217,1,No,Calculate 150% of 20 by chunking.,30,20,10,"100% = 20, 50% = 10, so 150% = 20+10 = 30.","Find 100% and 50%, then add them.",,,,,,,
1622,217a,217,2,No,Calculate 115% of 80 by chunking.,92,80,12,"100% = 80, 10% = 8, 5% = 4, so 115% = 80+8+4 = 92.","Break 115% into 100%, 10% and 5%.",,,,,,,
1623,217a,217,2,No,Calculate 130% of 45 by chunking.,58.5,45,13.5,"100% = 45, 10% = 4.5, so 130% = 45+3×4.5 = 58.5.","Find 100% and 10%, then scale up the 10%.",,,,,,,
1624,217a,217,2,No,Calculate 175% of 40 by chunking.,70,40,30,"100% = 40, 50% = 20, 25% = 10, so 175% = 40+20+10 = 70.","Combine 100%, 50% and 25%.",,,,,,,
1625,217a,217,2,No,Calculate 140% of 65 by chunking.,91,65,26,"100% = 65, 10% = 6.5, so 140% = 65+4×6.5 = 91.",Find 10% and scale it by 4.,,,,,,,
1626,217a,217,3,No,Calculate 112% of 250 by chunking.,280,250,30,"100% = 250, 10% = 25, 1% = 2.5, so 112% = 250+25+2×2.5 = 280.","Break 112% into 100%, 10% and 1% chunks.",,,,,,,
1627,217a,217,3,No,Calculate 135% of 84 by chunking.,113.4,84,29.4,"100% = 84, 10% = 8.4, 5% = 4.2, so 135% = 84+3×8.4+4.2 = 113.4.","Use 100%, 10% and 5% chunks.",,,,,,,
1628,217a,217,3,No,Calculate 108% of 350 by chunking.,378,350,28,"100% = 350, 1% = 3.5, so 108% = 350+8×3.5 = 378.",Find 1% and multiply it by 8.,,,,,,,
1629,217a,217,3,No,Calculate 165% of 120 by chunking.,198,120,78,"100% = 120, 50% = 60, 10% = 12, 5% = 6, so 165% = 120+60+12+6 = 198.","Combine 100%, 50%, 10% and 5%.",,,,,,,
1630,218a,218,1,No,Rewrite 25% of 60 as a fraction calculation.,1/4 x 60,1/2 x 60,1/5 x 60,"25% = 1/4, so 25% of 60 = 1/4 x 60.",Convert the percentage to its simplest fraction.,,¼ × 60,½ × 60,⅕ × 60,,,
1631,218a,218,1,No,Rewrite 50% of 84 as a fraction calculation.,1/2 x 84,1/4 x 84,2 x 84,"50% = 1/2, so 50% of 84 = 1/2 x 84.",Write the percentage as a simple fraction first.,,½ × 84,¼ × 84,,,,
1632,218a,218,2,No,Rewrite 35% of 60 as a fraction calculation.,7/20 x 60,3/20 x 60,1/3 x 60,"35% = 7/20, so 35% of 60 = 7/20 x 60.",Simplify the percentage to a fraction over 20.,,{7/20}×60,{3/20}×60,⅓ × 60,,,
1633,218a,218,2,No,Rewrite 15% of 140 as a fraction calculation.,3/20 x 140,1/20 x 140,3/10 x 140,"15% = 3/20, so 15% of 140 = 3/20 x 140.",Simplify the fraction before writing the calculation.,,{3/20}×140,{1/20}×140,{3/10}×140,,,
1634,218b,218,1,No,Calculate 25% of 60 using an equivalent fraction.,15,20,4,"25% = 1/4, so 1/4 of 60 = 15.","Convert to a fraction, then divide.",,,,,,,
1635,218b,218,1,No,Calculate 75% of 40 using an equivalent fraction.,30,35,10,"75% = 3/4, so 3/4 of 40 = 30.",Convert to a fraction first.,,,,,,,
1636,218b,218,2,No,Calculate 35% of 60 using an equivalent fraction.,21,20,35,"35% = 7/20, so 7/20 of 60 = 21.",Write the percentage as a fraction in its simplest form.,,,,,"25% = ¼, so ¼ of 60 = 15.",,
1637,218b,218,3,No,Calculate 45% of 220 using an equivalent fraction.,99,90,9.9,"45% = 9/20, so 9/20 of 220 = 99.",Simplify the fraction before multiplying.,,,,,"75% = ¾, so ¾ of 40 = 30.",,
1638,218c,218,1,No,Calculate 125% of 40 using an equivalent fraction.,50,45,5,"125% = 5/4, so 5/4 of 40 = 50.",Write the percentage as an improper fraction.,,,,,"35% = {7/20}, so {7/20} of 60 = 21.",,
1639,218c,218,2,No,Calculate 150% of 36 using an equivalent fraction.,54,45,18,"150% = 3/2, so 3/2 of 36 = 54.",Convert to a fraction greater than 1.,,,,,"45% = {9/20}, so {9/20} of 220 = 99.",,
1640,218c,218,3,Yes,Calculate 175% of 84 using an equivalent fraction.,147,140,63,"175% = 7/4, so 7/4 of 84 = 147.",Simplify 175% to a fraction first.,,,,,"125% = {5/4}, so {5/4} of 40 = 50.",,
1641,218c,218,3,Yes,Calculate 115% of 220 using an equivalent fraction.,253,242,33,"115% = 23/20, so 23/20 of 220 = 253.",Write 115% as a fraction over 20.,,,,,"150% = {3/2}, so {3/2} of 36 = 54.",,
1642,219a,219,1,No,Write the decimal multiplier for 40%.,0.4,4,40,40% = 40/100 = 0.4.,Divide the percentage by 100.,,,,,"175% = {7/4}, so {7/4} of 84 = 147.",,
1643,219a,219,2,No,Write the decimal multiplier for 8%.,0.08,0.8,8,8% = 8/100 = 0.08.,Remember to include leading zeros where needed.,,,,,"115% = {23/20}, so {23/20} of 220 = 253.",,
1644,219a,219,3,No,Write the decimal multiplier for 137%.,1.37,0.137,13.7,137% = 137/100 = 1.37.,A percentage over 100% gives a multiplier greater than 1.,,,,,,,
1645,219b,219,1,No,Calculate 30% of 50 using a decimal multiplier.,15,30,1.5,"30% = 0.3, so 0.3 x 50 = 15.",Convert to a decimal first.,,,,,,,
1646,219b,219,2,No,Calculate 65% of 140 using a decimal multiplier.,91,84,9.1,"65% = 0.65, so 0.65 x 140 = 91.",Multiply by the decimal form of the percentage.,,,,,,,
1647,219b,219,3,Yes,Calculate 42% of 275 using a decimal multiplier.,115.5,110,11.55,"42% = 0.42, so 0.42 x 275 = 115.5.",Use a calculator to multiply by the decimal.,,,,,,,
1648,219c,219,1,No,Calculate 120% of 40 using a decimal multiplier.,48,40,4.8,"120% = 1.2, so 1.2 x 40 = 48.",The multiplier will be greater than 1.,,,,,,,
1649,219c,219,2,No,Calculate 145% of 60 using a decimal multiplier.,87,60,8.7,"145% = 1.45, so 1.45 x 60 = 87.",Convert to a decimal greater than 1.,,,,,,,
1650,219c,219,3,Yes,Calculate 168% of 250 using a decimal multiplier.,420,400,42,"168% = 1.68, so 1.68 x 250 = 420.",Use a calculator to multiply by 1.68.,,,,,,,
1651,219d,219,1,No,Calculate 12.5% of 80 using a decimal multiplier.,10,12.5,1,"12.5% = 0.125, so 0.125 x 80 = 10.",Write 12.5% as 0.125.,,,,,,,
1652,219d,219,2,No,Calculate 7.5% of 200 using a decimal multiplier.,15,7.5,1.5,"7.5% = 0.075, so 0.075 x 200 = 15.",Watch the extra decimal place for a decimal percentage.,,,,,,,
1653,219d,219,3,Yes,Calculate 4.5% of 620 using a decimal multiplier.,27.9,2.79,27,"4.5% = 0.045, so 0.045 x 620 = 27.9.",Convert the decimal percentage carefully before multiplying.,,,,,,,
1654,219e,219,1,No,Find the simple interest on £200 at 5% per year for 1 year.,'£10,'£20,'£5,"5% of £200 = £10, so the interest is £10.",Find 5% of the amount for one year.,,,,,,,
1655,219e,219,2,No,Find the simple interest on £600 at 4% per year for 3 years.,'£72,'£24,'£96,4% of £600 = £24 per year. 3 years: 24 x 3 = £72.,"Work out one year's interest, then multiply by the number of years.",,,,,,,
1656,219e,219,3,Yes,Find the simple interest on £950 at 3.5% per year for 4 years.,'£133,'£33.25,'£166.25,3.5% of £950 = £33.25 per year. 4 years: 33.25 x 4 = £133.,"Find one year's interest, then scale up.",,,,,,,
1657,219f,219,1,No,£100 grows to £115 after 1 year of simple interest. Find the rate.,15%,'£15,1.15%,Interest = £15. 15/100 x 100 = 15%.,"Find the interest earned, then compare to the starting amount.",,,,,,,
1658,219f,219,2,No,£400 grows to £460 after 3 years of simple interest. Find the annual rate.,5%,15%,60%,Interest = £60 over 3 years = £20/year. 20/400 x 100 = 5%.,Find the interest per year before finding the rate.,,,,,,,
1659,219f,219,3,Yes,£850 grows to £986 after 4 years of simple interest. Find the annual rate.,4%,16%,34%,Interest = £136 over 4 years = £34/year. 34/850 x 100 = 4%.,Divide the total interest by the number of years first.,,,,,,,
1660,219g,219,1,No,£100 earns £5 simple interest per year at 5%. How long to earn £25?,'5 years,'25 years,'1 year,25 ÷ 5 = 5 years.,Divide the total interest needed by the interest per year.,,,,,,,
1661,219g,219,2,No,£400 earns £16 simple interest per year. How long to earn £80?,'5 years,'16 years,'4 years,80 ÷ 16 = 5 years.,Divide the target interest by the yearly interest.,,,,,,,
1662,219g,219,3,Yes,£600 at 3% simple interest per year. How long to earn £108?,'6 years,'3 years,'18 years,3% of £600 = £18 per year. 108 ÷ 18 = 6 years.,"Find the yearly interest first, then divide.",,,,,,,
1663,219h,219,1,No,A shirt costs £20. VAT of 20% is added. Find the total price.,'£24,'£22,'£4,20% of £20 = £4. Total = 20+4 = £24.,"Find the VAT, then add it on.",,,,,,,
1664,219h,219,2,No,A meal costs £45. A 12% service charge is added. Find the total.,'£50.40,'£45.12,'£5.40,12% of £45 = £5.40. Total = 45+5.40 = £50.40.,"Calculate the charge, then add it to the original amount.",,,,,,,
1665,219h,219,3,Yes,"A laptop costs £480 plus 20% VAT, then a £30 discount. Find the final price.",'£546,'£576,'£96,20% of £480 = £96. 480+96 = £576. 576-30 = £546.,"Add VAT first, then subtract the discount.",,,,,,,
1666,219i,219,1,No,Find 50% of 20% of £80.,'£8,'£16,'£40,20% of £80 = £16. 50% of £16 = £8.,"Work out the first percentage, then take a percentage of that.",,,,,,,
1667,219i,219,2,No,Find 25% of 40% of 200.,20,80,50,40% of 200 = 80. 25% of 80 = 20.,Apply the percentages one after the other.,,,,,,,
1668,219i,219,3,Yes,Find 10% of 30% of £450.,'£13.50,'£135,'£45,30% of 450 = 135. 10% of 135 = 13.5.,"Calculate the outer percentage first, then the inner one.",,,,,,,
1669,220a,220,1,No,Increase 40 by 10% using chunking.,44,4,36,10% of 40 = 4. 40+4 = 44.,"Find 10%, then add it on.",,,,,,,
1670,220a,220,2,No,Decrease 80 by 15% using chunking.,68,12,92,"10% of 80 = 8, 5% = 4. 15% = 12. 80-12 = 68.","Find 10% and 5%, combine, then subtract.",,,,,,,
1671,220a,220,3,No,Increase 65 by 35% using chunking.,87.75,22.75,42.75,10% of 65 = 6.5. 35% = 3×6.5+3.25 = 22.75. 65+22.75 = 87.75.,Build 35% from 10% and 5% chunks.,,,,,,,
1672,220a,220,2,No,Decrease 120 by 25% using chunking.,90,30,150,25% of 120 = 30. 120-30 = 90.,"Find a quarter, then subtract it.",,,,,,,
1673,220b,220,1,No,"A £30 item is reduced by 20%, then £2 is added for delivery. Find the total.",'£26,'£24,'£28,20% of 30 = 6. 30-6 = 24. 24+2 = 26.,"Apply the percentage change first, then add the extra amount.",,,,,,,
1674,220b,220,1,No,"A £25 book is discounted by 20%, then £3 postage is added. Find the total.",'£23,'£20,'£28,20% of 25 = 5. 25-5 = 20. 20+3 = 23.,Apply the discount before adding postage.,,,,,,,
1675,220b,220,2,No,"A £50 bill is increased by 10%, then split between 5 people. Find each share.",'£11,'£10,'£55,10% of 50 = 5. 50+5 = 55. 55÷5 = 11.,"Find the new total first, then divide.",,,,,,,
1676,220b,220,3,No,"A £80 item is reduced by 25%, then increased by £15. Find the final price.",'£75,'£60,'£95,25% of 80 = 20. 80-20 = 60. 60+15 = 75.,"Apply the discount, then add the extra amount.",,,,,,,
1677,220c,220,1,No,"Shop A: £20 item, 10% off. Shop B: same item for £17. Which is cheaper?",'Shop B,'Shop A,'Same price,"10% off £20 = £2 off, so £18. £18 > £17, so Shop B is cheaper.",Work out the discounted price at Shop A first.,,,,,,,
1678,220c,220,1,No,"Shop A: £15 item, 20% off. Shop B: same item for £12.50. Which is cheaper?",'Shop A,'Shop B,'Same price,"20% off £15 = £3, so £12. £12 < £12.50, so Shop A is cheaper.","Work out Shop A's discounted price, then compare to Shop B.",,,,,,,
1679,220c,220,2,No,"Deal A: £40, 20% off. Deal B: £35, 5% off. Which is cheaper?",'Deal A,'Deal B,'Same price,"20% of 40 = 8, so £32. 5% of 35 = 1.75, so £33.25. Deal A is cheaper.","Find the final price for each deal, then compare.",,,,,,,
1680,220c,220,3,No,"Store A: £60, 15% off. Store B: £55, 5% off. Which gives better value?",'Store A,'Store B,'Same price,"15% of 60 = 9, so £51. 5% of 55 = 2.75, so £52.25. Store A is cheaper.",Calculate both final prices and compare.,,,,,,,
1681,221a,221,1,No,Find the decimal multiplier for a 20% increase.,1.2,0.2,0.8,100%+20% = 120% = 1.2.,Add the percentage to 100% first.,,,,,,,
1682,221a,221,2,No,Find the decimal multiplier for a 35% decrease.,0.65,0.35,1.35,100%-35% = 65% = 0.65.,Subtract the percentage from 100% first.,,,,,,,
1683,221a,221,3,No,Find the decimal multiplier for a 7.5% decrease.,0.925,0.075,1.075,100%-7.5% = 92.5% = 0.925.,Watch the extra decimal place in 7.5%.,,,,,,,
1684,221b,221,1,Yes,Increase 60 by 15% using a decimal multiplier.,69,9,51,1.15 x 60 = 69.,Multiply by the decimal multiplier for an increase.,,,,,,,
1685,221b,221,2,Yes,Decrease 240 by 35% using a decimal multiplier.,156,84,324,0.65 x 240 = 156.,Multiply by the decimal multiplier for a decrease.,,,,,,,
1686,221b,221,3,Yes,Increase 84.50 by 12% using a decimal multiplier.,94.64,10.14,96.5,1.12 x 84.50 = 94.64.,Use the correct multiplier greater than 1.,,,,,,,
1687,221c,221,1,Yes,"A £40 item increases by 10%, then increases by another £5. Find the total.",'£49,'£44,'£45,1.1 x 40 = 44. 44+5 = 49.,"Apply the percentage first, then add the extra.",,,,,,,
1688,221c,221,2,Yes,"A wage of £1200 rises by 4%, then £50 tax is deducted. Find the new wage.",'£1198,'£1248,'£1150,1.04 x 1200 = 1248. 1248-50 = 1198.,"Increase by the percentage first, then subtract the deduction.",,,,,,,
1689,221c,221,3,Yes,"A £350 bill decreases by 15%, then increases by 8%. Find the final amount.",'£321.30,'£297.50,'£378,0.85 x 350 = 297.50. 1.08 x 297.50 = 321.30.,Apply each percentage change one after the other.,,,,,,,
1690,221d,221,1,Yes,"Shop A: £45, 12% off. Shop B: £41. Which is cheaper?",'Shop A,'Shop B,'Same price,"0.88 x 45 = £39.60, which is cheaper than £41. Shop A is cheaper.","Apply the discount to Shop A, then compare with Shop B's price.",,,,,,,
1691,221d,221,2,Yes,"Deal A: £120, 18% off. Deal B: £105, 5% off. Which is better value?",'Deal A,'Deal B,'Same price,0.82 x 120 = £98.40. 0.95 x 105 = £99.75. Deal A is cheaper.,"Find the final price for each deal, then compare.",,,,,,,
1692,221d,221,3,Yes,"Store A: £68, 22% off. Store B: £58, 8% off. Which gives better value?",'Store A,'Store B,'Same price,0.78 x 68 = £53.04. 0.92 x 58 = £53.36. Store A is cheaper.,"Calculate both discounted prices, then compare.",,,,,,,
1693,222a,222,1,No,30% of a number is 12. Find the number.,40,36,4,1% = 12÷30 = 0.4. 100% = 40.,"Find 1% first, then scale to 100%.",,,,,,,
1694,222a,222,2,No,15% of a number is 18. Find the number.,120,135,2.7,1% = 18÷15 = 1.2. 100% = 120.,"Divide by the percentage to find 1%, then multiply by 100.",,,,,,,
1695,222a,222,2,No,40% of a number is 26. Find the number.,65,60,10.4,1% = 26÷40 = 0.65. 100% = 65.,Find what 1% is worth first.,,,,,,,
1696,222a,222,3,No,8% of a number is 8.4. Find the number.,105,100,67.2,1% = 8.4÷8 = 1.05. 100% = 105.,"Divide by 8 to find 1%, then multiply by 100.",,,,,,,
1697,222b,222,1,No,A price increased by 10% is now £55. Find the original price using chunking.,'£50,'£49.50,'£45,"110% = £55, so 10% = £5, 100% = £50.","Work out what 10% of the original is worth, then find 100%.",,,,,,,
1698,222b,222,1,No,A number increased by 8% is now 108. Find the original number using chunking.,100,99.36,116.64,"108% = 108, so 1% = 1, 100% = 100.",Find 1% first since 108 splits nicely by 108.,,,,,,,
1699,222b,222,2,No,A number increased by 20% is now 96. Find the original number using chunking.,80,76.8,115.2,"120% = 96, so 10% = 8, 100% = 80.",Divide 120% into equal 10% chunks first.,,,,,,,
1700,222b,222,3,No,A value increased by 15% is now £69. Find the original value using chunking.,'£60,'£58.65,'£58,"115% = £69, so 5% = £3, 100% = £60.","Find a convenient chunk (like 5%) first, then scale to 100%.",,,,,,,
1701,222c,222,1,No,A price decreased by 10% is now £45. Find the original price using chunking.,'£50,'£49.50,'£40.50,"90% = £45, so 10% = £5, 100% = £50.","Find 10%, then scale up to 100%.",,,,,,,
1702,222c,222,1,No,A price decreased by 20% is now £96. Find the original price using chunking.,'£120,'£115.20,'£76.80,"80% = £96, so 20% = £24, 100% = £120.","Find 20%, then scale up to 100%.",,,,,,,
1703,222c,222,2,No,A number decreased by 25% is now 60. Find the original number using chunking.,80,75,45,"75% = 60, so 25% = 20, 100% = 80.",Divide 75% into quarters to find 25%.,,,,,,,
1704,222c,222,3,No,A value decreased by 15% is now £68. Find the original value using chunking.,'£80,'£78.20,'£69.80,"85% = £68, so 5% = £4, 100% = £80.","Find a convenient percentage chunk, then scale to 100%.",,,,,,,
1705,223a,223,1,No,25% of a number is 30. Find the number using a decimal multiplier.,120,112.5,7.5,"0.25 x n = 30, so n = 30÷0.25 = 120.",Divide by the decimal multiplier.,,,,,,,
1706,223a,223,2,Yes,12% of a number is 30. Find the number using a decimal multiplier.,250,216,3.6,"0.12 x n = 30, so n = 30÷0.12 = 250.",Divide the value by the decimal form of the percentage.,,,,,,,
1707,223a,223,3,Yes,3.5% of a number is 21. Find the number using a decimal multiplier.,600,73.5,60,"0.035 x n = 21, so n = 21÷0.035 = 600.","Divide by the decimal multiplier, watching the decimal places.",,,,,,,
1708,223b,223,1,Yes,A price increased by 20% is now £96. Find the original price using a decimal multiplier.,'£80,'£76.80,'£115.20,"1.2 x p = 96, so p = 96÷1.2 = 80.",Divide by the multiplier for a 20% increase.,,,,,,,
1709,223b,223,2,Yes,A number increased by 35% is now 108. Find the original number using a decimal multiplier.,80,70.2,145.8,"1.35 x n = 108, so n = 108÷1.35 = 80.","Divide by the decimal multiplier, not multiply.",,,,,,,
1710,223b,223,3,Yes,A value increased by 8.5% is now £97.65. Find the original value using a decimal multiplier.,'£90,'£89.11,'£106.00,"1.085 x v = 97.65, so v = 97.65÷1.085 = 90.",Divide by the multiplier that includes the decimal percentage.,,,,,,,
1711,223c,223,1,Yes,A price decreased by 20% is now £64. Find the original price using a decimal multiplier.,'£80,'£76.80,'£51.20,"0.8 x p = 64, so p = 64÷0.8 = 80.",Divide by the decimal multiplier for a 20% decrease.,,,,,,,
1712,223c,223,2,Yes,A number decreased by 15% is now 102. Find the original number using a decimal multiplier.,120,117.3,88.74,"0.85 x n = 102, so n = 102÷0.85 = 120.","Divide by 0.85, don't multiply.",,,,,,,
1713,223c,223,3,Yes,A value decreased by 6.5% is now £74.80. Find the original value using a decimal multiplier.,'£80,'£79.75,'£70.00,"0.935 x v = 74.80, so v = 74.80÷0.935 = 80.","Divide by the multiplier, watching the decimal percentage.",,,,,,,
1714,223d,223,1,Yes,A 20% increase adds £16 to a value. Find the original value using a decimal multiplier.,'£80,'£76.80,'£96,"0.2 x v = 16, so v = 16÷0.2 = 80.",The increase alone represents the percentage of the original.,,,,,,,
1715,223d,223,2,Yes,A 15% decrease removes £24 from a value. Find the original value using a decimal multiplier.,'£160,'£136,'£184,"0.15 x v = 24, so v = 24÷0.15 = 160.","Use only the percentage removed, not the new total.",,,,,,,
1716,223d,223,3,Yes,A 6% increase adds £27.60 to a value. Find the original value using a decimal multiplier.,'£460,'£487.60,'£432.40,"0.06 x v = 27.60, so v = 27.60÷0.06 = 460.",Divide the change by the decimal percentage.,,,,,,,
1717,223e,223,1,Yes,A value of £50 increases by 20% to £60. Find the value of the increase.,'£10,'£12,'£60,Increase = 60-50 = £10.,Subtract the original value from the new value.,,,,,,,
1718,223e,223,2,Yes,A value of £120 decreases by 25% to £90. Find the value of the decrease.,'£30,'£22.50,'£90,Decrease = 120-90 = £30.,Subtract the new value from the original.,,,,,,,
1719,223e,223,3,Yes,A value increases by 12% from £250 to £280. Find the value of the increase.,'£30,'£33.60,'£280,Increase = 280-250 = £30.,Find the difference between the original and new values.,,,,,,,
1720,223f,223,1,Yes,A 20% increase is worth £10. Find the final value using a decimal multiplier.,'£60,'£50,'£12,"0.2 x v = 10, so v = 50. Final = 50+10 = £60.","Find the original value first, then add the increase.",,,,,,,
1721,223f,223,2,Yes,A 15% decrease is worth £24. Find the final value using a decimal multiplier.,'£136,'£160,'£184,"0.15 x v = 24, so v = 160. Final = 160-24 = £136.","Find the original value first, then subtract the decrease.",,,,,,,
1722,223f,223,3,Yes,A 6% increase is worth £27.60. Find the final value using a decimal multiplier.,'£487.60,'£460,'£515.20,"0.06 x v = 27.60, so v = 460. Final = 460+27.60 = £487.60.","Work out the original value first, then apply the change.",,,,,,,
1723,224a,224,1,No,Write 8:12 in its simplest form.,2:03,4:06,1:02,HCF of 8 and 12 is 4. 8÷4:12÷4 = 2:3.,Divide both parts by their highest common factor.,,,,,,,
1724,224a,224,2,No,Write 45:60 in its simplest form.,3:04,9:12,15:20,HCF of 45 and 60 is 15. 45÷15:60÷15 = 3:4.,Find the highest common factor of both numbers.,,,,,,,
1725,224b,224,1,No,Write 4:8:12 in its simplest form.,1:02:03,2:04:06,4:08:12,"HCF of 4, 8, 12 is 4. Divide each part by 4: 1:2:3.",Find the HCF of all three numbers.,,,,,,,
1726,224b,224,2,No,Write 18:27:45 in its simplest form.,2:03:05,6:09:15,9:13.5:22.5,"HCF of 18, 27, 45 is 9. Divide each part by 9: 2:3:5.",Divide all three parts by their common factor.,,,,,,,
1727,224d,224,1,No,Write 4:20 in the form 1:n.,1:05,4:01,1:16,Divide both parts by 4: 4÷4:20÷4 = 1:5.,Divide both sides so the first part becomes 1.,,,,,,,
1728,224d,224,2,No,Write 15:6 in the form n:1.,2.5:1,01:02.5,9:01,Divide both parts by 6: 15÷6:6÷6 = 2.5:1.,Divide both sides so the second part becomes 1.,,,,,,,
1729,224e,224,1,No,Simplify 500g : 2kg.,1:04,250:01:00,0.319444444,2kg = 2000g. 500:2000 = 1:4.,Convert both amounts to the same unit first.,,,,,,,
1730,224e,224,2,No,Simplify 45 minutes : 2 hours.,3:08,45:02:00,1:03,2 hours = 120 minutes. 45:120 = 3:8.,Convert both times into minutes before simplifying.,,,,,,,
1731,224g,224,1,No,"1/4 of a class are boys, the rest are girls. Write the ratio of boys to girls.",1:03,1:04,3:01,"1/4 are boys, so 3/4 are girls. Ratio = 1:3.",Find the fraction of girls first.,,,,,,,
1732,224g,224,2,No,"20% of a group are adults, the rest are children. Write the ratio of adults to children.",1:04,0.888888889,4:01,"20% adults, 80% children. Simplify 20:80 = 1:4.","Find the percentage of children, then simplify the ratio.",,,,,,,
1733,224h,224,1,No,"Rectangle A has area 12, Rectangle B has area 18. Write the ratio of their areas.",2:03,12:18,3:02,Simplify 12:18 by dividing by 6: 2:3.,Simplify the ratio of the two areas.,,,,,,,
1734,224h,224,2,No,"Shape A has perimeter 20cm, Shape B has perimeter 35cm. Write the ratio of their perimeters.",4:07,20:35,7:04,Simplify 20:35 by dividing by 5: 4:7.,Find the HCF of the two perimeters.,,,,,,,
1735,224i,224,1,No,There are 3 times as many red beads as blue beads. Write this as a ratio.,3:01,1:03,3:02,3 times as many red as blue means red:blue = 3:1.,The larger number goes with the group that has 'more'.,,,,,,,
1736,224i,224,2,No,For every 2 cats there are 5 dogs. Write this as a ratio.,2:05,5:02,2:03,'For every' gives the ratio directly: cats:dogs = 2:5.,Write the numbers in the order they're given.,,,,,,,
1737,224j,224,1,No,"If y = 3x, write x:y as a ratio.",1:03,3:01,1:01,y = 3x means for every 1 of x there are 3 of y. x:y = 1:3.,Substitute a simple value for x to see the relationship.,,,,,,,
1738,224j,224,2,No,"If 2y = 5x, write x:y as a ratio.",2:05,5:02,2:01,2y = 5x means x:y = 2:5.,Rearrange so both variables have coefficient 1 to compare.,,,,,,,
1739,224k,224,1,No,The ratio of x to y is 1:4. Write y in terms of x.,'y = 4x,'y = x/4,'y = x+4,"1:4 means y is 4 times x, so y = 4x.",Multiply x by the second part of the ratio.,,,,,,,
1740,224k,224,2,No,The ratio of x to y is 3:5. Write y in terms of x.,y = 5x/3,y = 3x/5,y = 5x-3,"3:5 means y/x = 5/3, so y = 5x/3.",Divide the second part of the ratio by the first to find the multiplier.,,y = {5x/3},y = {3x/5},,"3:5 means y/x = {5/3}, so y = {5x/3}.",,
1741,224l,224,1,No,"Pens £2, pencils £1. 3 pens for every 2 pencils. Find the ratio of pen value to pencil value.",3:01,3:02,6:02,"3 pens = £6, 2 pencils = £2. Ratio = 6:2 = 3:1.","Find the total value of each type first, then simplify.",,,,,,,
1742,224l,224,2,No,"Adult tickets £8, child tickets £5. 4 adults for every 3 children. Find the ratio of ticket values.",32:15:00,4:03,8:05,"4 adults = £32, 3 children = £15. Ratio = 32:15.","Multiply each frequency by its cost, then compare.",,,,,,,
1743,225a,225,1,No,Share £40 in the ratio 3:5.,'£15 and £25,'£20 and £20,'£8 and £32,"3+5=8 parts. £40÷8=£5. 3×5=£15, 5×5=£25.",Find the value of one part first.,,,,,,,
1744,225a,225,2,No,Share 90 sweets in the ratio 4:5.,40 and 50,45 and 45,36 and 54,"4+5=9 parts. 90÷9=10. 4×10=40, 5×10=50.",Divide by the total number of parts first.,,,,,,,
1745,225b,225,1,No,Share £60 in the ratio 1:2:3.,"'£10, £20, £30","'£20, £20, £20","'£15, £15, £30","1+2+3=6 parts. £60÷6=£10. Parts: £10, £20, £30.",Add the parts to find the total number of shares.,,,,,,,
1746,225b,225,2,No,Share 84 marbles in the ratio 2:3:7.,"14, 21, 49","28, 28, 28","12, 24, 48","2+3+7=12 parts. 84÷12=7. Parts: 14, 21, 49.",Divide the total by the sum of the ratio parts.,,,,,,,
1747,225c,225,1,No,"In the ratio 3:7, the total is 40. Find the smaller value.",12,28,14,3+7=10 parts. 40÷10=4. 3×4=12.,Divide the total by the sum of the parts first.,,,,,,,
1748,225c,225,2,No,"In the ratio 5:9, the total is 98. Find the larger value.",63,35,49,5+9=14 parts. 98÷14=7. 9×7=63.,"Find the value of one part, then multiply by the required number of parts.",,,,,,,
1749,225d,225,1,No,"In the ratio 2:5, the smaller value is 8. Find the larger value.",20,5,16,8÷2=4 per part. 5×4=20.,Find the value of one part using the given amount.,,,,,,,
1750,225d,225,2,No,"In the ratio 4:7, the larger value is 63. Find the smaller value.",36,27,44.1,63÷7=9 per part. 4×9=36.,Divide the given value by its number of parts.,,,,,,,
1751,225e,225,1,No,"In the ratio 2:5, the difference between the values is 18. Find the larger value.",30,12,45,Difference = 5-2 = 3 parts. 18÷3=6. 5×6=30.,"Find the difference in parts first, then the value of one part.",,,,,,,
1752,225e,225,2,No,"In the ratio 3:8, the difference between the values is 25. Find the smaller value.",15,40,10,Difference = 8-3 = 5 parts. 25÷5=5. 3×5=15.,Divide the difference by the difference in ratio parts.,,,,,,,
1753,225f,225,1,Yes,120 sweets are shared in the ratio 2:3. Each sweet costs 5p. Find the cost of the smaller share.,'£2.40,'£3.60,'£6,2+3=5 parts. 120÷5=24. Smaller share = 48 sweets. 48×5p = £2.40.,"Find the number of sweets in the smaller share, then multiply by the cost.",,,,,,,
1754,225f,225,2,Yes,150 stickers are shared in the ratio 3:7. Each sticker costs 8p. Find the cost of the larger share.,'£8.40,'£3.60,'£12,3+7=10 parts. 150÷10=15. Larger share=105 stickers. 105×8p=£8.40.,Find the number of items in the larger share first.,,,,,,,
1755,225g,225,1,No,Two angles on a straight line are in the ratio 2:3. Find the smaller angle.,72°,108°,36°,2+3=5 parts. 180÷5=36. 2×36=72°.,Angles on a straight line sum to 180°.,,,,,,,
1756,225g,225,2,No,Three angles around a point are in the ratio 2:3:4. Find the largest angle.,160°,80°,120°,2+3+4=9 parts. 360÷9=40. 4×40=160°.,Angles around a point sum to 360°.,,,,,,,
1757,225h,225,1,No,"A £50 bill is split: one pays for 2 meals, the other for 3, at equal price. Find each share.",'£20 and £30,'£25 and £25,'£10 and £40,"2+3=5 parts. £50÷5=£10. Shares: £20, £30.","Divide the total by the number of meals, then multiply.",,,,,,,
1758,225h,225,2,No,A £96 bill is split in the ratio 5:3 between two people. Find the larger share.,'£60,'£36,'£48,5+3=8 parts. 96÷8=12. 5×12=£60.,"Find the value of one part, then multiply by the larger ratio number.",,,,,,,
1759,225i,225,1,No,A ratio is 2:5 and one part is worth x. Write an expression for the total.,'7x,'10x,'3x,"2+5=7 parts, each worth x, so the total is 7x.","Add the ratio parts, then multiply by x.",,,,,,,
1760,225i,225,2,No,A ratio is 3:4:6 and one part is worth y. Write an expression for the largest share.,'6y,'13y,'3y,"The largest ratio part is 6, so the largest share is 6y.","Find the biggest number in the ratio, then multiply by y.",,,,,,,
1761,226a,226,1,No,A ratio is 2:3. Write the fraction represented by the first part.,02-May,02-Mar,03-May,2+3=5 parts. First part = 2/5.,Divide the first part by the total number of parts.,,,,,,,
1762,226a,226,2,No,A ratio is 3:4:5. Write the fraction represented by the second part.,01-Mar,04-Dec,04-Sep,3+4+5=12 parts. Second part = 4/12 = 1/3.,Simplify the fraction once you've found it.,,,,,,,
1763,226a,226,3,No,A ratio is 5:7:8. Write the fraction represented by the third part.,02-May,Aug-20,Aug-15,5+7+8=20 parts. Third part = 8/20 = 2/5.,"Add all the parts first, then simplify the fraction.",,,,,,,
1764,226b,226,1,No,A ratio is 1:4. Find the percentage represented by the first part.,20%,25%,80%,1+4=5 parts. First part = 1/5 = 20%.,Convert the fraction of the total into a percentage.,,,,,,,
1765,226b,226,2,No,A ratio is 3:2:5. Find the percentage represented by the second part.,20%,30%,50%,3+2+5=10 parts. Second part = 2/10 = 20%.,"Find the fraction first, then convert to a percentage.",,,,,,,
1766,226b,226,3,No,A ratio is 7:9:4. Find the percentage represented by the largest part.,45%,35%,20%,7+9+4=20 parts. Largest part = 9/20 = 45%.,Identify the biggest number in the ratio first.,,,,,,,
1767,226c,226,1,No,"1/4 of a group are adults, the rest are children. Write this as a ratio of adults to children.",1:03,1:04,3:01,"1/4 are adults, so 3/4 are children. Ratio = 1:3.",Find the fraction for the remaining group first.,,,,,,,
1768,226c,226,2,No,"3/8 of a class are boys, the rest are girls. Write this as a ratio of boys to girls.",3:05,3:08,5:03,"3/8 are boys, so 5/8 are girls. Ratio = 3:5.",Subtract the fraction from 1 to find the other part.,,,,,,,
1769,226c,226,3,No,"2/7 of a bowl is apples, 3/7 bananas, rest oranges. Write the ratio apples:bananas:oranges.",2:03:02,2:03:07,2:03:05,"2/7+3/7=5/7, so oranges = 2/7. Ratio = 2:3:2.",Find the remaining fraction before writing the ratio.,,,,,,,
1770,226d,226,1,No,A is 25% of B. Write the ratio A:B.,1:04,1:25,4:01,"25% = 1/4, so A:B = 1:4.",Convert the percentage to a fraction first.,,,,,,,
1771,226d,226,2,No,A is 40% of B. Write the ratio A:B in simplest form.,2:05,40:100,5:02,"40% = 40/100 = 2/5, so A:B = 2:5.",Simplify the fraction before writing the ratio.,,,,,,,
1772,226d,226,3,No,A is 62.5% of B. Write the ratio A:B in simplest form.,5:08,62.5:100,8:05,"62.5% = 5/8, so A:B = 5:8.","Convert the decimal percentage to a fraction, then simplify.",,,,,,,
1773,226e,226,1,No,"40% of a recipe is flour, the rest split equally between sugar and butter. Find the ratio.",4:03:03,2:03:03,4:01:01,Remaining 60% split equally = 30% each. Ratio 40:30:30 = 4:3:3.,"Find the two remaining percentages first, then form the ratio.",,,,,,,
1774,226e,226,2,No,"3/5 of a garden is grass, the rest split 2:3 between flowers and paving. Find the ratio.",15:04:06,3:02:03,5:02:03,"Remaining 2/5 splits in the ratio 2:3, giving 4/25 flowers and 6/25 paving. With grass = 15/25, the ratio is 15:4:6.",Convert everything to the same denominator before combining.,,,,,,,
1775,226e,226,3,No,"20% of a bowl is apples, the rest split 3:5 between oranges and pears. Find the ratio.",2:03:05,1:03:05,4:03:05,"Remaining 80% splits 3:5, giving 30% oranges and 50% pears. Ratio 20:30:50 = 2:3:5.",Find the percentage for each remaining group before combining.,,,,,,,
1776,227a,227,1,No,A:B = 2:3 and B:C = 3:4. Find A:B:C.,2:03:04,2:06:04,6:09:04,"B matches in both ratios (3), so combine directly: A:B:C = 2:3:4.",Check whether the shared term already matches in both ratios.,,,,,,,
1777,227a,227,2,No,A:B = 2:5 and B:C = 3:4. Find A:B:C.,6:15:20,2:05:04,8:15:20,"Scale so B matches: A:B=6:15, B:C=15:20. Combine: A:B:C=6:15:20.",Scale each ratio so the shared term is the same in both.,,,,,,,
1778,227b,227,1,No,A:B = 2:3 and B:C = 3:5. Find C as a fraction of A+B+C.,01-Feb,5:10,03-Oct,Combine: A:B:C = 2:3:5. Total=10 parts. C=5/10=1/2.,"Combine the ratios first, then find the total number of parts.",,,,,,,
1779,227b,227,2,No,A:B = 4:5 and B:C = 5:6. Find A as a percentage of A+B+C.,26.70%,33.30%,40%,Combine: A:B:C=4:5:6. Total=15 parts. A=4/15=26.7% (1dp).,"Combine the ratios, then convert the fraction to a percentage.",,,,,,,
1780,227c,227,1,No,"There are twice as many cats as dogs, and 3 times as many dogs as rabbits. Write cats:dogs:rabbits.",6:03:01,2:03:01,6:01:03,"Dogs:rabbits=3:1. Cats=2×dogs, so cats:dogs=2:1=6:3. Combine: 6:3:1.","Write each relationship as a ratio, then combine them.",,,,,,,
1781,227d,227,1,No,A:B = x:3 and B:C = 3:5. Find A:B:C in terms of x.,x:3:5,3x:3:5,x:9:5,"B already matches (3), so combine directly: A:B:C = x:3:5.",Check whether the shared term is already the same in both ratios.,,,,,,,
1782,227e,227,1,No,A:B:C = 2:3:5 and A+B+C=100. Find B.,30,20,50,2+3+5=10 parts. 100÷10=10. B=3×10=30.,"Add the ratio parts, then divide the total by the number of parts.",,,,,,,
1783,227e,227,2,No,"A:B = 3:4 and B:C = 4:5. If A+B+C=60, find C.",25,15,20,Combine: A:B:C=3:4:5. Total=12 parts. 60÷12=5. C=5×5=25.,"Combine the ratios first, checking the shared term matches.",,,,,,,
1784,227f,227,1,No,A:B:C = 2:3:4 and C:D:E = 4:5:6. Find A:B:C:D:E.,2:3:4:5:6,2:3:8:5:6,2:3:4:10:6,"C matches in both (4), so combine directly: A:B:C:D:E = 2:3:4:5:6.",Check whether the shared term already matches across both ratios.,,,,,,,
1785,227g,227,1,No,"Red:Blue = 3:4, Blue:Green = 4:7. Total is under 50. Find the greatest possible total.",42,49,28,"Combine: Red:Blue:Green=3:4:7, total=14 parts per set. Largest multiple of 14 under 50 is 42.","Combine the ratios, then find the largest multiple of the total under the limit.",,,,,,,
1786,227h,227,1,No,"Line AB:BC = 2:3 and BC:CD = 3:4. If AD = 27cm, find AB.",6cm,9cm,12cm,Combine: AB:BC:CD = 2:3:4. Total=9 parts. 27÷9=3. AB=2×3=6cm.,"Combine the ratios, then divide the total length by the number of parts.",,,,,,,
1787,227i,227,1,No,A:B = 2:5 and B is split into B1:B2 = 2:3. Find A:B1:B2.,2:02:03,2:05:03,4:02:03,"B=5 parts, split 2:3 within it, so B1=2, B2=3. A:B1:B2 = 2:2:3.",Split the second ratio's total to match the first ratio's part.,,,,,,,
1788,227j,227,1,No,"A:B = 3:4. A splits into A1:A2 = 1:2, and B splits into B1:B2 = 1:3. Find A1:A2:B1:B2.",1:2:1:3,3:4:1:3,1:2:3:4,"A=3 parts split 1:2 gives A1=1, A2=2. B=4 parts split 1:3 gives B1=1, B2=3. Combined: 1:2:1:3.",Split each original part according to its own sub-ratio.,,,,,,,
1789,227k,227,1,No,"A:B=1:2, B:C=2:3, C:D=3:4. Find A:B:C:D.",1:2:3:4,1:4:3:4,2:2:3:4,"Each shared term already matches, so combine directly: A:B:C:D = 1:2:3:4.",Check each shared term lines up before combining.,,,,,,,
1790,228a,228,1,No,What shape is the front elevation of a cuboid?,Rectangle,Square,Cube,Looking at a cuboid from the front gives a flat rectangular face.,Picture looking straight at one flat face.,,,,,,,
1791,228a,228,1,No,What shape is the plan view of a cylinder standing upright?,Circle,Rectangle,Oval,Looking down on a cylinder shows its circular base.,Think about what you'd see looking straight down.,,,,,,,
1792,228a,228,1,No,What shape is the front elevation of a cylinder standing upright?,Rectangle,Circle,Triangle,"Viewed from the side, a cylinder's curved surface looks flat and rectangular.",Imagine the outline you'd trace looking at it side-on.,,,,,,,
1793,228a,228,1,No,What shape is the front elevation of a sphere?,Circle,Oval,Square,A sphere looks the same (a circle) from every direction.,A sphere looks identical from any viewpoint.,,,,,,,
1794,228a,228,1,No,What shape is the plan view of a cone standing on its base?,Circle,Triangle,Semicircle,Looking down on a cone shows its circular base.,Think about the shape of the base.,,,,,,,
1795,228a,228,1,No,What shape is the front elevation of a cone standing on its base?,Triangle,Circle,Trapezium,"Viewed from the side, a cone's sloping sides form a triangle outline.",Picture the outline of the cone's sloped sides.,,,,,,,
1796,228a,228,1,No,What shape is the plan view of a square-based pyramid?,Square,Triangle,Rectangle,Looking down on a square-based pyramid shows its square base.,Think about the shape of the base you'd see from above.,,,,,,,
1797,228a,228,1,No,What shape is the front elevation of a square-based pyramid?,Triangle,Square,Pentagon,"Viewed from the side, the sloping triangular faces form a triangle outline.",Picture the outline formed by the sloping faces.,,,,,,,
1798,228b,228,2,No,A triangular prism rests on a rectangular face. What is the front elevation (a triangular end)?,Triangle,Rectangle,Trapezium,Looking straight at the triangular end shows a triangle.,Look directly at the triangular end of the prism.,,,,,,,
1799,228b,228,2,No,A triangular prism rests on a rectangular face. What shape is the plan view (from above)?,Rectangle,Triangle,Square,Looking down shows the rectangular top face.,Consider which face is facing upward.,,,,,,,
1800,230a,230,1,No,"A cuboid has volume 60cm³, length 5cm, width 4cm. Find the height.",3cm,12cm,15cm,60÷(5×4)=60÷20=3cm.,Divide the volume by the area of the known face.,,,,,,,
1801,230a,230,2,No,"A cuboid has volume 216cm³, length 9cm, height 4cm. Find the width.",6cm,24cm,54cm,216÷(9×4)=216÷36=6cm.,"Multiply the two known dimensions first, then divide.",,,,,,,
1802,230b,230,1,No,A cube has volume 27cm³. Find its side length.,3cm,9cm,13.5cm,∛27=3cm.,Find the cube root of the volume.,,,,,,,
1803,230b,230,2,No,A cube has volume 125cm³. Find its side length.,5cm,25cm,41.7cm,∛125=5cm.,Think about which number cubed gives 125.,,,,,,,
1804,230c,230,1,No,A tank with base 4m by 5m is filled with 40m³ of water. Find the depth.,2m,8m,20m,40÷(4×5)=40÷20=2m.,Divide the volume of water by the base area.,,,,,,,
1805,230c,230,2,No,A container with base 2.5m by 3m holds 22.5m³ of liquid. Find the depth.,3m,7.5m,0.3m,22.5÷(2.5×3)=22.5÷7.5=3m.,Divide the volume by the base area of the container.,,,,,,,
1806,230d,230,1,No,A tank holds 8000cm³. 1 litre = 1000cm³. Find its capacity in litres.,8 litres,80 litres,800 litres,8000÷1000=8 litres.,Convert cm³ to litres by dividing by 1000.,,,,,,,
1807,230d,230,2,No,A cuboid box has volume 3.6m³. 1m³ = 1000 litres. Find its capacity in litres.,3600 litres,360 litres,36 litres,3.6×1000=3600 litres.,Multiply by 1000 to convert m³ to litres.,,,,,,,
1808,230e,230,1,No,A box measures 20cm by 15cm by 10cm. Cubes of side 5cm are packed inside. How many fit?,24,12,48,(20÷5)×(15÷5)×(10÷5)=4×3×2=24.,Divide each dimension of the box by the cube's side length.,,,,,,,
1809,230e,230,2,No,A crate is 60cm×40cm×30cm. Boxes of 10cm×10cm×15cm are packed inside. How many fit?,48,24,72,(60÷10)×(40÷10)×(30÷15)=6×4×2=48.,Divide each crate dimension by the matching box dimension.,,,,,,,
1810,230f,230,1,No,Cuboid A: 4cm × 5cm × 6cm. Cuboid B: 8cm × 5cm × height. Equal volume. Find B's height.,3cm,6cm,12cm,Volume A=120cm³. 120÷(8×5)=120÷40=3cm.,"Find the volume of the first cuboid, then use it to find the missing dimension.",,,,,,,
1811,230f,230,2,No,Cuboid A: 3cm × 8cm × 5cm. Cuboid B: 10cm × 4cm × height. Equal volume. Find B's height.,3cm,6cm,9cm,Volume A=120cm³. 120÷(10×4)=120÷40=3cm.,"Calculate the known volume first, then divide by the known face of the other cuboid.",,,,,,,
1812,230g,230,1,No,"A cuboid has sides x, x, and x. Write an expression for its volume.",x^3,3x,x^2,Volume = x × x × x = x^3.,Multiply all three side lengths together.,,,,,,,
1813,230g,230,2,No,"A cuboid has sides x, 2x, and 3. Write an expression for its volume.",6x^2,6x^3,5x,Volume = x × 2x × 3 = 6x^2.,Multiply the coefficients and combine the powers of x.,,,,,,,
1814,231b,231,1,No,A prism has cross-sectional area 12cm² and length 8cm. Find its volume.,96cm³,20cm³,1.5cm³,Volume = 12×8 = 96cm³.,Multiply the cross-sectional area by the length.,,,,,,,
1815,231b,231,2,No,A prism has cross-sectional area 24.5cm² and length 10cm. Find its volume.,245cm³,34.5cm³,2.45cm³,Volume = 24.5×10 = 245cm³.,Multiply the area by the length of the prism.,,,,,,,
1816,231c,231,1,No,"A triangular prism has a triangle base 6cm, height 4cm, and length 10cm. Find its volume.",120cm³,240cm³,24cm³,Area = 0.5×6×4=12cm². Volume = 12×10=120cm³.,"Find the area of the triangle first, then multiply by the length.",,,,,,,
1817,231c,231,2,No,A prism has a rectangular cross-section 5cm by 3cm and length 12cm. Find its volume.,180cm³,60cm³,15cm³,Area = 5×3=15cm². Volume = 15×12=180cm³.,Find the cross-sectional area first.,,,,,,,
1818,231d,231,1,No,"A prism's L-shaped cross-section has area 34cm², length 6cm. Find its volume.",204cm³,40cm³,5.7cm³,Volume = 34×6 = 204cm³.,Multiply the compound cross-sectional area by the length.,,,,,,,
1819,231d,231,2,No,"A prism's cross-section is a 6×4cm rectangle plus a 3×2cm rectangle, length 5cm. Find its volume.",150cm³,30cm³,120cm³,Area = 24+6=30cm². Volume = 30×5=150cm³.,Add the two rectangle areas together first.,,,,,,,
1820,231e,231,1,No,"A triangular prism has volume 90cm³, cross-sectional area 15cm². Find its length.",6cm,15cm,1350cm,90÷15=6cm.,Divide the volume by the cross-sectional area.,,,,,,,
1821,231e,231,2,No,"A triangular prism has volume 168cm³, length 8cm, base 6cm. Find the height of the triangle.",7cm,14cm,3.5cm,"Area=168÷8=21cm². 21=0.5×6×h, so h=7cm.","Find the cross-sectional area first, then use the triangle area formula.",,,,,,,
1822,231f,231,1,No,Two prisms with volumes 40cm³ and 65cm³ are joined together. Find the total volume.,105cm³,25cm³,2600cm³,Total = 40+65 = 105cm³.,Add the two volumes together.,,,,,,,
1823,231f,231,2,No,"Three prisms with volumes 24cm³, 36cm³, and 18cm³ are joined together. Find the total volume.",78cm³,60cm³,15552cm³,Total = 24+36+18 = 78cm³.,Add all the individual volumes together.,,,,,,,
1824,231g,231,1,No,A prism of volume 200cm³ has a smaller prism of volume 45cm³ cut out. Find the remaining volume.,155cm³,245cm³,9000cm³,200-45=155cm³.,Subtract the smaller volume from the larger one.,,,,,,,
1825,231g,231,2,No,A prism of volume 340cm³ has two 60cm³ prisms cut out. Find the remaining volume.,220cm³,280cm³,120cm³,340-(2×60)=340-120=220cm³.,Subtract the total volume removed from the original volume.,,,,,,,
1826,231h,231,1,No,A prism has cross-sectional area x² and length 4. Write an expression for its volume.,4x^2,x^2+4,8x,Volume = x² × 4 = 4x².,Multiply the cross-sectional area by the length.,,,,,,,
1827,231h,231,2,No,"Triangle cross-section base x, height 6, prism length 3. Write an expression for its volume.",9x,3x,18x,Area = 0.5×x×6 = 3x. Volume = 3x×3 = 9x.,Find an expression for the cross-sectional area first.,,,,,,,
1828,232a,232,1,No,Find the surface area of a cuboid measuring 4cm by 3cm by 2cm.,52cm²,24cm²,26cm²,2(4×3+4×2+3×2)=2(12+8+6)=2×26=52cm².,"Find the area of each pair of faces, then double the total.",,,,,,,
1829,232a,232,2,No,Find the surface area of a cuboid measuring 6cm by 5cm by 3cm.,126cm²,90cm²,63cm²,2(6×5+6×3+5×3)=2(30+18+15)=2×63=126cm².,"Add the three different face areas, then double.",,,,,,,
1830,232b,232,1,No,Find the surface area of a cube with side length 5cm.,150cm²,25cm²,125cm²,6×5²=6×25=150cm².,There are 6 identical square faces.,,,,,,,
1831,232b,232,2,No,Find the surface area of a cube with side length 8cm.,384cm²,64cm²,512cm²,6×8²=6×64=384cm².,"Square the side length, then multiply by 6.",,,,,,,
1832,232d,232,1,No,A cube has surface area 96cm². Find its side length.,4cm,16cm,24cm,96÷6=16. √16=4cm.,"Divide by 6, then find the square root.",,,,,,,
1833,232d,232,2,No,A cube has surface area 216cm². Find its side length.,6cm,36cm,216cm,216÷6=36. √36=6cm.,Divide the surface area by 6 first.,,,,,,,
1834,232e,232,1,No,"A cuboid has surface area 148cm², length 6cm, width 5cm. Find its height.",4cm,8cm,2cm,148=2(6×5+6h+5h). 148=60+22h. h=4cm.,"Substitute the known values into the surface area formula, then solve.",,,,,,,
1835,232f,232,1,No,A cube has volume 64cm³. Find its surface area.,96cm²,384cm²,16cm²,Side=∛64=4cm. SA=6×4²=96cm².,"Find the side length first, then use the surface area formula.",,,,,,,
1836,232g,232,1,No,A cube has surface area 54cm². Find its volume.,27cm³,9cm³,324cm³,Side²=54÷6=9. Side=3cm. Volume=3³=27cm³.,"Find the side length first, then cube it.",,,,,,,
1837,232h,232,1,No,"A prism has two 6cm² faces and rectangles 20cm², 15cm², 25cm². Find the total surface area.",72cm²,60cm²,66cm²,2×6+20+15+25=12+60=72cm².,Add both triangular faces and all three rectangular faces.,,,,,,,
1838,232h,232,2,No,A triangular prism has two 9cm² faces and rectangles totalling 84cm². Find the total surface area.,102cm²,93cm²,75cm²,2×9+84=18+84=102cm².,"Double the triangular face area, then add the rectangular faces.",,,,,,,
1839,232i,232,1,No,A prism's surface area is 220cm²; its two end faces total 40cm². Find the rectangular faces' area.,180cm²,260cm²,20cm²,220-40=180cm².,Subtract the area of the end faces from the total surface area.,,,,,,,
1840,232j,232,1,Yes,A box has surface area 300cm². Paint costs £0.02 per cm². Find the cost to paint it.,'£6,'£15,'£0.60,300×0.02=£6.,Multiply the surface area by the cost per cm².,,,,,,,
1841,232j,232,2,Yes,A cuboid tank has surface area 4.5m². Coating costs £12 per m². Find the total cost.,'£54,'£16.50,'£540,4.5×12=£54.,Multiply the surface area by the cost per square metre.,,,,,,,
1842,232k,232,1,No,A cube has side length x. Write an expression for its surface area.,6x^2,x^3,4x^2,SA=6×x²=6x².,Multiply the square of the side length by the number of faces.,,,,,,,
1843,232k,232,2,No,"A cuboid has sides x, x, and 2. Write an expression for its surface area.",2x^2+8x,6x^2,4x+2x^2,SA=2(x×x+x×2+x×2)=2(x²+4x)=2x²+8x.,"Find each pair of face areas, then double the total.",,,,,,,
1844,233a,233,1,Yes,Find the volume of a cylinder with radius 3cm and height 5cm (1dp).,141.4cm³,565.5cm³,45cm³,V=πr²h=π×9×5=141.4cm³ (1dp).,Square the radius before multiplying by π and the height.,,,,,,,
1845,233a,233,2,Yes,Find the volume of a cylinder with radius 4.5cm and height 10cm (1dp).,636.2cm³,2544.7cm³,202.5cm³,V=πr²h=π×20.25×10=636.2cm³ (1dp).,Don't forget to include π in the calculation.,,,,,,,
1846,233b,233,1,Yes,Find the volume of a cylinder with diameter 10cm and height 6cm (1dp).,471.2cm³,1885.0cm³,94.2cm³,Radius=5cm. V=π×25×6=471.2cm³ (1dp).,Halve the diameter to get the radius first.,,,,,,,
1847,233b,233,2,Yes,Find the volume of a cylinder with diameter 14cm and height 9cm (1dp).,1385.4cm³,5541.8cm³,197.9cm³,Radius=7cm. V=π×49×9=1385.4cm³ (1dp).,"Remember to square the radius, not the diameter.",,,,,,,
1848,233c,233,1,Yes,Find the volume of a semi-cylinder with radius 4cm and height 10cm (1dp).,251.3cm³,502.7cm³,125.7cm³,Full cylinder=502.7cm³. Half of this = 251.3cm³.,"Find the full cylinder's volume, then halve it.",,,,,,,
1849,233c,233,2,Yes,Find the volume of a semi-cylinder with diameter 12cm and height 15cm (1dp).,848.2cm³,1696.5cm³,212.1cm³,Radius=6cm. Full cylinder=1696.5cm³. Half = 848.2cm³.,Convert the diameter to a radius before halving the volume.,,,,,,,
1850,233d,233,1,Yes,A cylinder has volume 942.5cm³ and radius 5cm. Find its height (1dp).,12cm,60cm,24cm,h=942.5÷(π×25)=12cm.,Divide the volume by π and the radius squared.,,,,,,,
1851,233d,233,2,Yes,A cylinder has volume 565.5cm³ and radius 3cm. Find its height (1dp).,20cm,60cm,40cm,h=565.5÷(π×9)=20cm.,Rearrange the volume formula to make height the subject.,,,,,,,
1852,233e,233,1,Yes,A semi-cylinder has volume 226.2cm³ and radius 4cm. Find its height (1dp).,9cm,4.5cm,18cm,h=(2×226.2)÷(π×16)=9cm.,"Double the volume before dividing, since it's a half-cylinder.",,,,,,,
1853,233f,233,1,Yes,"A cuboid (200cm³) is joined to a cylinder (radius 3cm, height 10cm). Find the total volume (1dp).",482.7cm³,282.7cm³,290cm³,Cylinder=π×9×10=282.7cm³. Total=200+282.7=482.7cm³.,"Find the cylinder's volume first, then add it to the cuboid's.",,,,,,,
1854,233g,233,1,Yes,"A cuboid (500cm³) has a cylindrical hole (radius 2cm, depth 8cm) removed. Find the remaining volume.",399.5cm³,600.5cm³,468cm³,Hole=π×4×8=100.5cm³. Remaining=500-100.5=399.5cm³.,"Find the volume of the hole first, then subtract it.",,,,,,,
1855,233h,233,1,Yes,"A cuboid (150cm³) joins a semi-cylinder (radius 4cm, length 10cm). Find the total volume (1dp).",401.3cm³,652.7cm³,251.3cm³,Semi-cylinder=251.3cm³. Total=150+251.3=401.3cm³.,"Find the semi-cylinder's volume first, then add the cuboid's.",,,,,,,
1856,233i,233,1,Yes,"A cylinder (radius 3cm, height 14cm) has equal volume to a cuboid with base 6×7cm. Find its height.",9.4cm,395.8cm,11cm,Cylinder volume=395.8cm³. Height=395.8÷42=9.4cm.,"Find the cylinder's volume first, then divide by the cuboid's base area.",,,,,,,
1857,233j,233,1,No,A cylinder has radius x and height 5. Write an expression for its volume.,5πx^2,πx^2,5πx,V=πx²×5=5πx².,"Multiply π, the radius squared, and the height together.",,,,,,,
1858,234a,234,1,Yes,Find the surface area of a cylinder with radius 4cm and height 10cm (1dp).,351.9cm²,251.3cm²,100.5cm²,SA=2πrh+2πr²=251.3+100.5=351.9cm² (1dp).,Add the curved area and both circular ends.,,,,,,,
1859,234a,234,2,Yes,Find the surface area of a cylinder with radius 6cm and height 15cm (1dp).,791.7cm²,565.5cm²,226.2cm²,SA=2πrh+2πr²=565.5+226.2=791.7cm² (1dp).,Don't forget to include both circular ends.,,,,,,,
1860,234b,234,1,Yes,Find the surface area of a cylinder with diameter 10cm and height 8cm (1dp).,408.4cm²,251.3cm²,157.1cm²,Radius=5cm. SA=251.3+157.1=408.4cm² (1dp).,Halve the diameter to find the radius first.,,,,,,,
1861,234b,234,2,Yes,Find the surface area of a cylinder with diameter 16cm and height 12cm (1dp).,1005.3cm²,603.2cm²,402.1cm²,Radius=8cm. SA=603.2+402.1=1005.3cm² (1dp).,"Remember to use the radius, not the diameter, in the formula.",,,,,,,
1862,234c,234,1,Yes,Find the surface area of a semi-cylinder with radius 4cm and height 10cm (1dp).,255.9cm²,351.9cm²,175.9cm²,Curved+ends+flat face = 125.7+50.3+80 = 255.9cm² (1dp).,A semi-cylinder needs a flat rectangular face as well as the curved part.,,,,,,,
1863,234c,234,2,Yes,Find the surface area of a semi-cylinder with diameter 12cm and height 9cm (1dp).,390.7cm²,565.5cm²,282.7cm²,Radius=6cm. Curved+ends+flat face = 169.6+113.1+108 = 390.7cm² (1dp).,Don't forget the flat rectangular face of a semi-cylinder.,,,,,,,
1864,234d,234,1,Yes,A cylinder has surface area 534.1cm² and radius 5cm. Find its height (1dp).,12cm,17cm,24cm,h=(534.1-2π×25)÷(2π×5)=12cm.,Subtract the area of both circular ends before dividing.,,,,,,,
1865,234d,234,2,Yes,A cylinder has surface area 226.2cm² and radius 3cm. Find its height (1dp).,9cm,12cm,4.5cm,h=(226.2-2π×9)÷(2π×3)=9cm.,Remove the circular end areas from the total before dividing.,,,,,,,
1866,234e,234,1,Yes,"A cylindrical tank (radius 4m, height 20m) needs coating at £0.05 per m². Find the total cost (2dp).",'£30.16,'£15.08,'£60.32,SA=603.2m². Cost=603.2×0.05=£30.16.,"Find the surface area first, then multiply by the cost per m².",,,,,,,
1867,234f,234,1,Yes,A cylinder has volume 502.7cm³ and height 10cm. Find its surface area (1dp).,351.9cm²,502.7cm²,125.7cm²,Radius=4cm (from V÷(πh)). SA=251.3+100.5=351.9cm².,"Find the radius from the volume first, then use the surface area formula.",,,,,,,
1868,234g,234,1,No,A solid has a cuboid part (194cm²) and an exposed cylinder part (110cm²). Find the total SA.,304cm²,84cm²,52cm²,Total = 194+110 = 304cm².,Add the two exposed surface areas together.,,,,,,,
1869,234h,234,1,No,A solid has a cuboid part (150cm²) and an exposed semi-cylinder part (85cm²). Find the total SA.,235cm²,65cm²,117.5cm²,Total = 150+85 = 235cm².,Add the two surface area parts together.,,,,,,,
1870,235a,235,1,No,What does the word 'frequency' mean in statistics?,'How often a value occurs,'The value itself,'The total number of categories,Frequency is the count of how many times a value or category occurs.,Think about how often something happens.,,,,,,,
1871,235b,235,1,No,"In the list 2, 3, 2, 4, 3, 3, 2, how many times does the value 2 appear?",3,2,4,"2 appears in positions 1, 3 and 7: three times.",Count each occurrence of the value carefully.,,,,,,,
1872,235b,235,1,No,"In the list 5, 6, 5, 5, 7, 6, how many times does the value 6 appear?",2,3,1,6 appears twice in the list.,Go through the list and tally each 6.,,,,,,,
1873,235c,235,2,No,"Value 1 has frequency 4, value 2 has frequency 7, value 3 has frequency 5. Find the total frequency.",16,6,12,4+7+5=16.,Add all the frequencies together.,,,,,,,
1874,235c,235,2,No,"Value 5 has frequency 12, value 6 has frequency 9, value 7 has frequency 14. Find the total.",35,26,21,12+9+14=35.,Sum all the given frequencies.,,,,,,,
1875,235d,235,3,No,"Values 1, 2, 3 have frequencies 3, x, 6. If the total frequency is 18, find x.",9,11,6,"3+x+6=18, so x=18-9=9.","Add the known frequencies, then subtract from the total.",,,,,,,
1876,235d,235,3,No,"Values 2, 4, 6 have frequencies 8, x, 5. If the total frequency is 25, find x.",12,13,17,"8+x+5=25, so x=25-13=12.",Subtract the known frequencies from the total.,,,,,,,
1877,236a,236,1,No,"Value 2 has frequency 3, value 5 has frequency 4. Find the mean (1dp).",3.7,3.5,2.5,(2×3+5×4)÷7 = 26÷7 = 3.7 (1dp).,"Multiply each value by its frequency, add, then divide by the total frequency.",,,,,,,
1878,236a,236,2,No,"Value 1 has frequency 5, value 3 has frequency 5, value 5 has frequency 2. Find the mean.",2.5,3,2,(1×5+3×5+5×2)÷12 = 30÷12 = 2.5.,"Find the total of value×frequency, then divide by the total frequency.",,,,,,,
1879,236d,236,3,Yes,"Values 2 and 5 have frequencies 4 and x. If the mean is 3.8, find x.",6,4,10,(2×4+5x)÷(4+x)=3.8. Solving gives x=6.,"Set up an equation using the mean formula, then solve for x.",,,,,,,
1880,236d,236,3,Yes,"Values 3 and 6 have frequencies 5 and x. If the mean is 4.5, find x.",5,10,3,(3×5+6x)÷(5+x)=4.5. Solving gives x=5.,Multiply both sides by the total frequency to clear the fraction.,,,,,,,
1881,237a,237,1,No,What does the 'mode' of a data set mean?,'The most frequent value,'The middle value,'The average value,The mode is the value that occurs most often.,Mode relates to the word 'most'.,,,,,,,
1882,237a,237,1,No,What does the 'median' of a data set mean?,'The middle value when ordered,'The most common value,'The highest value minus the lowest,The median is the middle value once the data is placed in order.,Think about the middle of an ordered list.,,,,,,,
1883,237a,237,1,No,What does the 'range' of a data set mean?,'The highest value minus the lowest,'The most common value,'The middle value,The range is the difference between the highest and lowest values.,Range measures how spread out the data is.,,,,,,,
1884,237a,237,2,No,"Value 2 has frequency 3, value 4 has frequency 5. Find the median.",4,3,2,"Ordered: 2,2,2,4,4,4,4,4. The 4th and 5th values are both 4, so median=4.","List the values in order, then find the middle one(s).",,,,,,,
1885,237a,237,2,No,"Value 1 has frequency 2, value 3 has frequency 2, value 5 has frequency 3. Find the median.",3,5,1,"Ordered: 1,1,3,3,5,5,5. The 4th value is 3, so median=3.","Find the total frequency, then work out which position is the middle.",,,,,,,
1886,237b,237,2,No,"Value 2 has frequency 4, value 5 has frequency 7, value 8 has frequency 3. Find the mode.",5,7,8,"5 has the highest frequency (7), so the mode is 5.",Find the value with the highest frequency.,,,,,,,
1887,237b,237,2,No,"Value 1 has frequency 6, value 4 has frequency 9, value 6 has frequency 2. Find the mode.",4,9,1,"4 has the highest frequency (9), so the mode is 4.","The mode is the value, not the frequency itself.",,,,,,,
1888,237c,237,2,No,"Values 3, 7, and 12 have non-zero frequencies. Find the range.",9,12,22,Range=12-3=9.,Subtract the smallest value from the largest.,,,,,,,
1889,237c,237,2,No,"Values 5, 9, 14, and 20 have non-zero frequencies. Find the range.",15,20,48,Range=20-5=15.,Only the smallest and largest values matter for the range.,,,,,,,
1890,238d,238,2,No,A class of 30 has 18 girls. 5 girls play football; 10 total play football. How many boys don't?,7,5,12,Boys=30-18=12. Boys playing football=10-5=5. Boys not playing=12-5=7.,"Work out the number of boys first, then subtract those who play football.",,,,,,,
1891,238d,238,3,No,"35 pupils do sport, 20 of those also music. 28 total do music. How many do music but not sport?",8,20,35,Music only=28-20=8.,Subtract the overlap from the total in the second group.,,,,,,,
1892,238e,238,2,No,"60 students: 25 like tea only, 15 coffee only, 10 both. Find the proportion liking at least one.",05-Jun,'5/60,01-Jun,At least one=25+15+10=50. Proportion=50/60=5/6.,"Add everyone who likes at least one drink, then compare to the total surveyed.",,,,,,,
1893,238e,238,3,No,"80 people: 30 use only the gym, 20 only the pool, 15 both. Find the proportion using neither.",Mar-16,'15/80,Jan-16,Using either=30+20+15=65. Neither=80-65=15. Proportion=15/80=3/16.,"Find how many use at least one facility, then subtract from the total.",,,,,,,
1894,240b,240,1,No,A stem-and-leaf key reads '2 | 3 = 23'. What number does the leaf 7 on stem 2 represent?,27,72,2.7,Stem 2 and leaf 7 combine to make 27.,Combine the stem and leaf digits to form the number.,,,,,,,
1895,240b,240,1,No,A stem-and-leaf key reads '1 | 5 = 15'. What number does the leaf 3 on stem 4 represent?,43,34,4.3,Stem 4 and leaf 3 combine to make 43.,The stem gives the tens digit and the leaf gives the units digit.,,,,,,,
1896,240b,240,1,No,A stem-and-leaf key reads '3 | 4 = 34'. What number does the leaf 0 on stem 5 represent?,50,5,0.5,Stem 5 and leaf 0 combine to make 50.,Even a leaf of 0 still needs to be written as a units digit.,,,,,,,
1897,240b,240,1,No,A stem-and-leaf key reads '0 | 6 = 6'. What number does the leaf 2 on stem 0 represent?,2,20,0.2,"With stem 0, the leaf 2 simply represents the number 2.",A stem of 0 means the number is a single digit.,,,,,,,
1898,241b,241,2,No,"150 surveyed: 90 men, 54 of them exercise. 42 women exercise. How many don't exercise?",54,96,60,Total exercising=54+42=96. Not exercising=150-96=54.,"Add the men and women who exercise, then subtract from the total.",,,,,,,
1899,241b,241,3,No,200 students: 120 study French (80 also Spanish). 45 others study Spanish. How many study neither?,35,45,80,At least one=120+45=165 (French total plus Spanish-only). Neither=200-165=35.,"Add the French total to the Spanish-only students, then subtract from the total surveyed.",,,,,,,
1900,242a,242,1,No,"In a Venn diagram with sets A and B, what does the overlapping region represent?",'Items in both A and B,'Items in only A,'Items in neither A nor B,The overlap shows elements that belong to both sets.,Think about where the two circles overlap.,,,,,,,
1901,242a,242,1,No,"In a Venn diagram with sets A and B, what does the region outside both circles represent?",'Items in neither A nor B,'Items in both A and B,'Items in only B,Outside both circles are items belonging to neither set.,This region is outside both circles but inside the rectangle.,,,,,,,
1902,242a,242,1,No,"In a Venn diagram with sets A and B, what does the region inside A but outside B represent?",'Items in A only,'Items in both A and B,'Items in B only,This region shows elements in A that are not also in B.,Look at the part of circle A that doesn't overlap with B.,,,,,,,
1903,242a,242,2,No,"In a Venn diagram, what does the rectangle around the circles represent?",'The universal set,'The empty set,'The intersection,The rectangle represents the universal set — everything being considered.,This region is sometimes labelled with the Greek letter ξ.,,,,,,,
1904,243a,243,2,No,What does A∪B represent?,"'Everything in A, B, or both",'Only things in both A and B,'Everything not in A or B,"A∪B (union) includes everything in either set, or both.",Union means combining everything from both sets.,,,,,,,
1905,243a,243,2,No,What does A∩B represent?,'Everything in both A and B,"'Everything in A, B, or both",'Everything not in A,A∩B (intersection) is only the elements shared by both sets.,Intersection means the overlap only.,,,,,,,
1906,243a,243,2,No,What does A' represent?,'Everything not in A,'Everything in A,'Everything in both A and B,A' (complement of A) is everything outside set A.,The dash/apostrophe means 'not in this set'.,,,,,,,
1907,243b,243,1,No,What symbol is used to represent the empty set?,'∅,'ξ,'∪,The empty set is shown by the symbol ∅.,It looks like a circle with a line through it.,,,,,,,
1908,243b,243,1,No,What does the symbol ξ represent in set notation?,'The universal set,'The empty set,'The intersection,ξ (or U) represents the universal set.,This symbol stands for 'everything under consideration'.,,,,,,,
1909,243b,243,1,No,What does the symbol ∈ mean in set notation?,'Is an element of,'Is a subset of,'Is not an element of,∈ means 'is an element of' or 'belongs to'.,Think about membership in a set.,,,,,,,
1910,243b,243,1,No,What does the symbol ⊂ mean in set notation?,'Is a subset of,'Is an element of,'Is the complement of,⊂ means one set is entirely contained within another.,Think about one group being fully inside another.,,,,,,,
1911,243c,243,3,No,What does (A∪B)' represent?,'Everything not in A and not in B,'Everything in both A and B,'Everything in A or B,(A∪B)' is everything outside the union of A and B — in neither set.,"First think about what's in A∪B, then find what's outside that.",,,,,,,
1912,243d,243,2,No,"A = people who like tea, B = people who like coffee. Describe what A∩B represents.",'People who like both tea and coffee,'People who like only tea,'People who like tea or coffee,A∩B is the group that likes both drinks.,Intersection means belonging to both groups.,,,,,,,
1913,243f,243,2,No,"A={1,2,3,4}, B={3,4,5,6}. Find A∩B.","'{3,4}","'{1,2,3,4,5,6}","'{1,2}",The elements in both sets are 3 and 4.,Look for the numbers that appear in both lists.,,,,,,,
1914,243f,243,2,No,"A={2,4,6}, B={1,3,5}. Find A∪B.","'{1,2,3,4,5,6}",'{},"'{2,4,6}",The union combines all elements from both sets.,List every element that appears in either set.,,,,,,,
1915,243g,243,1,No,"A={2,4,6,8,10}. Find n(A).",5,10,4,There are 5 elements listed in set A.,Count how many elements are in the set.,,,,,,,
1916,243h,243,2,No,"In a Venn diagram, A only=5, B only=8, both=3. Find n(A).",8,5,16,n(A) = A only + both = 5+3 = 8.,Add the 'A only' region to the overlap.,,,,,,,
1917,244d,244,1,No,"As temperature increases, ice cream sales increase. What type of correlation is this?",'Positive correlation,'Negative correlation,'No correlation,"Both variables increase together, showing positive correlation.",Think about whether both values rise together.,,,,,,,
1918,244d,244,1,No,"As the age of a car increases, its value decreases. What type of correlation is this?",'Negative correlation,'Positive correlation,'No correlation,One variable rises while the other falls: negative correlation.,Think about whether one value falls as the other rises.,,,,,,,
1919,244e,244,1,No,What word describes correlation where points lie very close to a straight line?,'Strong,'Weak,'None,Points close to the line show a strong correlation.,Think about how tightly the points cluster around a line.,,,,,,,
1920,244e,244,1,No,What word describes correlation where points are scattered loosely around a trend?,'Weak,'Strong,'Perfect,Loosely scattered points show weak correlation.,Think about how spread out the points are from the line.,,,,,,,
1921,244f,244,2,No,A person's shoe size and their favourite colour. What type of correlation would you expect?,'No correlation,'Positive correlation,'Negative correlation,"These variables aren't related, so there's no correlation.",Think about whether one value affects the other at all.,,,,,,,
1922,244g,244,2,No,Does correlation between two variables always mean one causes the other?,'No,'Yes,'Only for negative correlation,"Correlation shows a relationship, but doesn't prove that one variable causes the other.","Think about other explanations for a relationship, like coincidence.",,,,,,,
1923,244h,244,2,No,"Points (2,3), (4,5), (6,7) are plotted. Find the mean x-coordinate.",4,6,12,Mean x = (2+4+6)÷3 = 4.,"Add the x-values, then divide by how many points there are.",,,,,,,
1924,244h,244,2,No,"Points (1,4), (3,8), (5,6) are plotted. Find the mean y-coordinate.",6,5,18,Mean y = (4+8+6)÷3 = 6.,"Add the y-values, then divide by how many points there are.",,,,,,,
1925,245b,245,1,No,A line of best fit has equation y=2x+3. Estimate y when x=5.,13,10,8,y=2(5)+3=13.,Substitute x=5 into the equation.,,,,,,,
1926,245b,245,2,No,A line of best fit has equation y=1.5x-2. Estimate y when x=8.,10,12,6,y=1.5(8)-2=10.,"Multiply x by the gradient first, then apply the intercept.",,,,,,,
1927,245d,245,2,No,What is the difference between interpolation and extrapolation using a line of best fit?,'Interpolation predicts within the data range; extrapolation predicts beyond it,'They mean the same thing,'Interpolation is always more accurate than extrapolation,"Interpolation stays within known data; extrapolation goes beyond it, which is less reliable.",Think about whether the prediction is inside or outside the range of data given.,,,,,,,
1928,245d,245,2,No,Why is extrapolation generally considered less reliable than interpolation?,'It predicts beyond the range of the known data,'It always gives a wrong answer,'It only works with negative correlation,"Extrapolating assumes the trend continues beyond the data, which may not be true.",Think about whether the pattern is guaranteed to continue outside the given range.,,,,,,,
1929,245e,245,2,No,"Points (2,4), (4,6), (6,8), (8,10) are plotted. Find the mean point.","'(5, 7)","'(4, 6)","'(20, 28)",Mean x=(2+4+6+8)÷4=5. Mean y=(4+6+8+10)÷4=7.,Find the mean of the x-coordinates and the mean of the y-coordinates separately.,,,,,,,
1930,246b,246,1,No,A pie chart is split into 8 equal sectors. What fraction does 3 sectors represent?,03-Aug,03-May,08-Mar,3 out of 8 equal sectors = 3/8.,Write the number of sectors as a fraction of the total.,,,,,,,
1931,246b,246,1,No,A pie chart is split into 10 equal sectors. What fraction does 4 sectors represent?,02-May,04-Oct,10-Apr,4/10 simplifies to 2/5.,Simplify the fraction once you've written it.,,,,,,,
1932,246c,246,2,No,A pie chart of 60 items is split into 12 equal sectors. Find the frequency for 5 sectors.,25,5,12,Each sector = 60÷12=5. 5 sectors = 5×5=25.,"Find the value of one sector first, then scale up.",,,,,,,
1933,246c,246,2,No,A pie chart of 84 items is split into 7 equal sectors. Find the frequency for 3 sectors.,36,12,7,Each sector = 84÷7=12. 3 sectors = 3×12=36.,Divide the total by the number of sectors first.,,,,,,,
1934,246e,246,1,No,A pie chart sector has angle 60° out of 360°. What fraction of the total does it represent?,01-Jun,Jan-60,6,60/360 = 1/6.,"Divide the angle by 360, then simplify.",,,,,,,
1935,246e,246,1,No,A pie chart sector has angle 90° out of 360°. What fraction of the total does it represent?,01-Apr,90,4,90/360 = 1/4.,Simplify the fraction after dividing by 360.,,,,,,,
1936,246f,246,2,No,A pie chart shows 120 people in total. A sector has angle 45°. Find its frequency.,15,45,8,45/360 × 120 = 15.,"Find the fraction of the circle first, then multiply by the total.",,,,,,,
1937,246f,246,2,No,A pie chart shows 200 people in total. A sector has angle 72°. Find its frequency.,40,72,5,72/360 × 200 = 40.,"Divide the angle by 360 to find the fraction, then multiply by the total.",,,,,,,
1938,246g,246,2,No,A pie chart shows 40 people. 15 chose red. Find the angle for red.,135°,'37.5°,15°,15/40 × 360 = 135°.,"Find the fraction of the total first, then multiply by 360.",,,,,,,
1939,246g,246,2,No,A pie chart shows 90 people. 30 chose blue. Find the angle for blue.,120°,'33.3°,30°,30/90 × 360 = 120°.,"Divide by the total, then multiply by 360°.",,,,,,,
1940,246h,246,2,No,A pie chart sector has angle 108° out of 360°. Find the percentage it represents.,30%,108%,3.30%,108/360 × 100 = 30%.,"Divide the angle by 360, then multiply by 100.",,,,,,,
1941,246h,246,2,No,A pie chart sector has angle 54° out of 360°. Find the percentage it represents.,15%,54%,6.70%,54/360 × 100 = 15%.,"Convert the angle to a fraction of 360 first, then to a percentage.",,,,,,,
1942,246i,246,1,No,A pie chart shows 150 people. A sector represents 20%. Find its frequency.,30,20,7.5,20% of 150 = 30.,Find the given percentage of the total.,,,,,,,
1943,246i,246,2,Yes,A pie chart shows 250 people. A sector represents 36%. Find its frequency.,90,36,6.9,36% of 250 = 90.,Multiply the total by the percentage as a decimal.,,,,,,,
1944,246j,246,3,No,Chart A (200) has 25% in category X. Chart B (150) has 30% in X. Which has more in X?,'Chart A,'Chart B,'They are equal,Chart A: 25% of 200=50. Chart B: 30% of 150=45. Chart A has more.,Find the actual frequency in each chart before comparing percentages.,,,,,,,
1945,247a,247,1,No,"Events: P(A)=0.2, P(B)=0.5, P(C)=0.3. Which is most likely?",'B,'A,'C,B has the highest probability (0.5).,Compare the probability values directly.,,,,,,,
1946,247a,247,2,No,"Events: P(X)=1/4, P(Y)=1/8, P(Z)=1/2. Which is least likely?",'Y,'X,'Z,Y has the smallest probability (1/8).,Compare the fractions by finding a common denominator.,,,,,,,
1947,247b,247,1,No,A probability of 0 means an event is...,'Impossible,'Certain,'Likely,A probability of 0 means the event cannot happen.,Think about the extreme ends of the probability scale.,,,,,,,
1948,247b,247,1,No,A probability of 1 means an event is...,'Certain,'Impossible,'Unlikely,A probability of 1 means the event will definitely happen.,Think about the extreme ends of the probability scale.,,,,,,,
1949,247c,247,2,No,A bag has 10 balls. Picking red is 'impossible'. How many red balls could there be?,0,1,5,"'Impossible' means a probability of 0, so there are no red balls.",Impossible means the probability is exactly 0.,,,,,,,
1950,247c,247,2,No,A bag has 20 balls. Picking blue is 'certain'. How many blue balls could there be?,20,10,19,"'Certain' means a probability of 1, so all balls must be blue.",Certain means the probability is exactly 1.,,,,,,,
1951,247d,247,2,No,P(A)=0.35 and P(B)=0.4. Which event is more likely?,'B,'A,'They are equally likely,"0.4 is greater than 0.35, so B is more likely.",Compare the two decimal probabilities directly.,,,,,,,
1952,247d,247,2,No,P(X)=3/10 and P(Y)=1/4. Which event is more likely?,'X,'Y,'They are equally likely,"3/10=0.3 and 1/4=0.25, so X is more likely.",Convert both fractions to decimals to compare them.,,,,,,,
1953,247e,247,3,No,"Spinner: red is 2× as likely as blue, green as likely as blue. 8 equal sections: how many red?",4,2,8,"Parts: red=2, blue=1, green=1, total=4 parts. Each part=8÷4=2. Red=2×2=4.","Write the relative likelihoods as a ratio, then share the total sections.",,,,,,,
1954,247e,247,3,No,"Bag: blue is 3× as likely as yellow, red as likely as yellow. 25 balls total: how many blue?",15,5,10,"Parts: red=1, blue=3, yellow=1, total=5 parts. Each part=25÷5=5. Blue=3×5=15.","Write the relative likelihoods as a ratio, then share the total balls.",,,,,,,
1955,247f,247,1,No,What probability value represents an 'evens' chance (equally likely to happen or not)?,0.5,1,0,"'Evens' means a 50% chance, which is 0.5.",Evens means a fifty-fifty chance.,,,,,,,
1956,247f,247,1,No,"On a probability scale from 0 to 1, where would 'very likely' sit?",'Close to 1,'Close to 0,'Exactly at 0.5,'Very likely' events have a probability close to (but not exactly) 1.,Think about how close to certain the event is.,,,,,,,
1957,248a,248,1,No,A bag has 5 red and 3 blue balls. Find P(red).,05-Aug,03-Aug,05-Mar,P(red)=5/8.,Divide the number of red balls by the total.,,,,,,,
1958,248a,248,1,No,A box has 4 green and 6 yellow counters. Find P(yellow).,03-May,02-May,06-Apr,P(yellow)=6/10=3/5.,"Divide the number of yellow counters by the total, then simplify.",,,,,,,
1959,248b,248,1,No,P(rain)=0.3. Find P(no rain).,0.7,0.3,1.3,P(no rain)=1-0.3=0.7.,Subtract from 1.,,,,,,,
1960,248b,248,1,No,A spinner has P(red)=2/5. Find P(not red).,03-May,02-May,01-May,P(not red)=1-2/5=3/5.,Subtract the given probability from 1.,,,,,,,
1961,248c,248,2,No,"A bag has 4 red, 3 blue, 5 green balls. Find P(red or blue).",07-Dec,04-Dec,08-Dec,P(red or blue)=(4+3)/12=7/12.,Add the counts of both colours before dividing by the total.,,,,,,,
1962,248c,248,2,No,"A box has 6 pens, 8 pencils, 2 erasers. Find P(pen or eraser).",01-Feb,03-Aug,Jun-16,P(pen or eraser)=(6+2)/16=8/16=1/2.,"Add the two favourable counts, then divide by the total and simplify.",,,,,,,
1963,248d,248,1,No,A fair coin is flipped. What is P(heads) as a value on the scale 0 to 1?,0.5,1,0,A fair coin has an equal chance of heads or tails: P(heads)=0.5.,A fair coin has two equally likely outcomes.,,,,,,,
1964,248d,248,1,No,A standard dice is rolled. What is P(rolling a 7) as a value on the scale 0 to 1?,0,1,'1/6,"A dice has no face showing 7, so this is impossible: P=0.",Think about whether 7 is even a possible outcome.,,,,,,,
1965,248e,248,2,No,A class of 60 has 25 boys and 35 girls. Find P(a randomly chosen student is a girl).,07-Dec,05-Dec,35/25,P(girl)=35/60=7/12.,Divide the number of girls by the total number of students.,,,,,,,
1966,248e,248,2,No,A survey of 80 people found 48 own a car. Find P(a randomly chosen person owns a car).,03-May,02-May,48/32,P(owns car)=48/80=3/5.,Divide the favourable count by the total surveyed.,,,,,,,
1967,248f,248,2,No,"Of 40 boys in a school, 15 play football. Find P(a randomly chosen boy plays football).",03-Aug,05-Aug,15/40,P(plays football)=15/40=3/8.,Divide the number of footballers by the total number of boys.,,,,,,,
1968,248f,248,2,No,"Of 25 members in the music club, 10 also do drama. Find P(a randomly chosen member also does drama).",02-May,03-May,Oct-25,P(does drama)=10/25=2/5.,Divide the overlap by the total in the first group only.,,,,,,,
1969,248g,248,2,No,200 people were surveyed. 120 own a pet. Find P(a randomly chosen person owns a pet).,03-May,02-May,120/80,P(owns pet)=120/200=3/5.,Divide the favourable total by the overall total surveyed.,,,,,,,
1970,248g,248,2,No,300 items were tested. 45 were faulty. Find P(a randomly chosen item is faulty).,Mar-20,17/20,45/255,P(faulty)=45/300=3/20.,"Divide the faulty count by the total tested, then simplify.",,,,,,,
1971,248h,248,3,No,"Of 120 people who own a pet, 80 own a dog. Find P(a pet owner owns a dog).",02-Mar,01-Mar,80/40,P(dog)=80/120=2/3.,"Divide by the pet-owner total, not the overall survey total.",,,,,,,
1972,248h,248,3,No,"Of 45 faulty items, 27 were from Factory A. Find P(a faulty item is from Factory A).",03-May,02-May,27/18,P(Factory A)=27/45=3/5.,"Divide by the total number of faulty items, not the overall total.",,,,,,,
1973,249a,249,1,No,"List all outcomes when flipping a coin and spinning a 3-sided spinner (red, blue, green).","'H-red, H-blue, H-green, T-red, T-blue, T-green","'H-red, T-blue","'red, blue, green",Combine each coin result with each spinner colour: 2×3=6 outcomes.,Pair each coin outcome with each spinner colour in turn.,,,,,,,
1974,249a,249,1,No,"A menu has 2 mains (pasta, curry) and 2 desserts (cake, fruit). List all meal combinations.","'pasta-cake, pasta-fruit, curry-cake, curry-fruit","'pasta, curry, cake, fruit","'pasta-cake, curry-fruit",Combine each main with each dessert: 2×2=4 combinations.,Pair every main course with every dessert.,,,,,,,
1975,249c,249,2,No,Two fair dice are rolled and their scores added. How many ways can the total be 5?,4,5,6,"(1,4),(2,3),(3,2),(4,1) all give a total of 5: 4 ways.",List the pairs of dice scores that add to the target total.,,,,,,,
1976,249c,249,2,No,Two fair dice are rolled and their scores added. How many ways can the total be 9?,4,3,6,"(3,6),(4,5),(5,4),(6,3) all give a total of 9: 4 ways.",List the pairs of dice scores that add to the target total.,,,,,,,
1977,249d,249,2,No,A coin is flipped twice. Find P(exactly one head).,01-Feb,01-Apr,03-Apr,"Outcomes: HH,HT,TH,TT. 2 out of 4 give exactly one head.","List all 4 equally likely outcomes, then count the matches.",,,,,,,
1978,249d,249,2,No,A coin is flipped twice. Find P(at least one tail).,03-Apr,01-Apr,01-Feb,"Outcomes: HH,HT,TH,TT. 3 out of 4 include at least one tail.","It's easier to find P(no tails) first, then subtract from 1.",,,,,,,
1979,249e,249,3,No,Two fair dice are rolled. Find P(the total is 7).,01-Jun,Jan-36,Jul-36,6 out of 36 outcomes give a total of 7: 6/36=1/6.,There are 36 equally likely outcomes for two dice.,,,,,,,
1980,249e,249,3,No,Two fair dice are rolled. Find P(both dice show the same number).,01-Jun,Jan-36,01-Mar,"6 outcomes (1,1) to (6,6) match: 6/36=1/6.",Count the outcomes where both dice show the same value.,,,,,,,
1981,250a,250,1,No,P(A)=0.42. Find P(not A).,0.58,0.42,1.42,P(not A)=1-0.42=0.58.,Subtract from 1.,,,,,,,
1982,250b,250,1,No,"P(A)=0.2 and P(B)=0.35, and A and B are mutually exclusive. Find P(A or B).",0.55,0.07,0.15,P(A or B)=0.2+0.35=0.55.,Add the two probabilities together.,,,,,,,
1983,250c,250,2,No,"A spinner has three mutually exclusive outcomes: P(red)=0.3, P(blue)=0.45. Find P(green).",0.25,0.75,0.15,P(green)=1-0.3-0.45=0.25.,All probabilities must add to 1.,,,,,,,
1984,250d,250,3,No,"P(A)=2×P(B), and A, B are the only mutually exclusive outcomes. Find P(B).",01-Mar,02-Mar,01-Feb,"P(A)+P(B)=1 and P(A)=2P(B), so 3P(B)=1, giving P(B)=1/3.","Write P(A) in terms of P(B), then use that both sum to 1.",,,,,,,
1985,250d,250,3,No,"P(A)=3×P(B), and A, B are the only mutually exclusive outcomes. Find P(A).",03-Apr,01-Apr,01-Mar,"4P(B)=1, so P(B)=1/4, and P(A)=3×1/4=3/4.",Set up an equation using both probabilities summing to 1.,,,,,,,
1986,250e,250,2,No,"A bag has only red, blue, green. P(red)=1/2, P(blue)=P(green)=1/4. With 4 balls, how many red?",2,1,4,P(red)=1/2 of 4 balls = 2 red balls.,Multiply the probability by the total number of balls.,,,,,,,
1987,250f,250,2,Yes,"P(win)=0.15. Out of 200 games, find the expected number of wins.",30,15,185,0.15×200=30.,Multiply the probability by the total number of trials.,,,,,,,
1988,250g,250,2,Yes,A theoretical probability is 0.2. An outcome happened 18 times. Find the total number of trials.,90,3.6,18,18÷0.2=90.,Divide the frequency by the probability.,,,,,,,
1989,250h,250,3,Yes,"P(A)=0.3 and P(B)=0.5. If A occurred 60 times, find how many times B occurred (same total trials).",100,60,36,Total trials=60÷0.3=200. B occurred 0.5×200=100 times.,"Find the total number of trials first, using A's frequency and probability.",,,,,,,
1990,250i,250,3,No,"A bag has 20 balls, 5 red (P(red)=1/4). How many extra red balls make P(red)=1/2?",10,5,15,"(5+x)/(20+x)=1/2 gives 10+2x=20+x, so x=10.","Set up an equation for the new probability, then solve for x.",,,,,,,
1991,251a,251,1,No,A dice rolled 50 times landed on 6 a total of 12 times. Find the relative frequency of a 6.,0.24,12,01-Jun,Relative frequency=12/50=0.24.,Divide the number of successes by the total number of trials.,,,,,,,
1992,251b,251,2,No,Why does a larger number of trials generally give a more reliable estimate of probability?,'It reduces the effect of random variation,'It always gives the exact theoretical probability,'It has no effect on reliability,"More trials average out random fluctuations, giving a more stable estimate.",Think about how random chance affects results in a small sample.,,,,,,,
1993,251c,251,1,No,A fair coin is flipped 80 times. Find the expected number of heads.,40,80,20,P(heads)=0.5. Expected=0.5×80=40.,Multiply the theoretical probability by the number of trials.,,,,,,,
1994,251d,251,2,Yes,A biased coin has P(heads)=0.65. It is flipped 200 times. Find the expected number of heads.,130,65,135,Expected=0.65×200=130.,Multiply the given probability by the number of trials.,,,,,,,
1995,251e,251,2,No,"In 40 trials, an event occurred 8 times. Estimate how many times it would occur in 300 trials.",60,20,8,Relative frequency=8/40=0.2. Expected in 300 trials=0.2×300=60.,"Find the relative frequency first, then scale it up to the new number of trials.",,,,,,,
1996,251f,251,3,No,"A fair dice lands on 6 with P≈0.167. After 60 rolls, 6 appeared 22 times. Is it likely biased?","'Yes, 6 appeared far more than expected","'No, this is expected for a fair dice",'Cannot tell from this data,Expected count for a fair dice is about 10; getting 22 suggests bias.,Compare the actual relative frequency to the theoretical probability.,,,,,,,
1997,251g,251,1,No,"P(A)=0.3, P(B)=0.5, and C is the only other outcome. Find P(C).",0.2,0.8,0.3,P(C)=1-0.3-0.5=0.2.,All probabilities must add up to 1.,,,,,,,
1998,251h,251,3,Yes,"A game costs £2. P(win £10)=0.15, otherwise nothing. Find the expected profit per game.",'-£0.50,'£1.50,'£8,Expected win=0.15×£10=£1.50. Profit=£1.50-£2=-£0.50.,"Find the expected winnings first, then subtract the cost to play.",,,,,,,
1999,251i,251,2,Yes,A factory makes 500 items daily. P(faulty)=0.04. Find the expected faulty items per day.,20,4,96,Expected=0.04×500=20.,Multiply the probability by the total number of items.,,,,,,,
2000,252a,252,1,No,Expand 3(x+4).,3x+12,3x+4,x+12,Multiply each term inside by 3: 3×x+3×4=3x+12.,Multiply both terms inside the bracket by the number outside.,,,,,,,
2001,252a,252,1,No,Expand 5(2x+3).,10x+15,2x+3,10x+3,5×2x+5×3=10x+15.,Multiply both terms inside the bracket by 5.,,,,,,,
2002,252b,252,1,No,Expand -2(x+5).,-2x-10,-2x+10,2x-10,-2×x+-2×5=-2x-10.,Be careful with the signs when multiplying by a negative number.,,,,,,,
2003,252b,252,2,No,Expand -3(2x-4).,-6x+12,-6x-12,6x-12,-3×2x + -3×-4 = -6x+12.,A negative times a negative gives a positive.,,,,,,,
2004,252c,252,1,No,Expand x(x+3).,x^2+3x,x+3x,x^2+3,x×x+x×3=x²+3x.,"Multiply the bracket by x, using index laws for x×x.",,,,,,,
2005,252c,252,2,No,Expand 2x(x-5).,2x^2-10x,2x^2-5x,2x-10x,2x×x+2x×-5=2x²-10x.,Multiply each term inside by 2x.,,,,,,,
2006,252d,252,2,No,Expand xy(x+2y).,x^2y+2xy^2,x^2+2y^2,xy^2+2xy,xy×x+xy×2y=x²y+2xy².,Multiply the powers of each variable carefully.,,,,,,,
2007,252e,252,2,No,Expand x^2(x^3+2).,x^5+2x^2,x^6+2x^2,x^5+2x^3,x²×x³=x⁵ (add powers). x²×2=2x².,Add the powers when multiplying terms with the same base.,,,,,,,
2008,252f,252,3,No,Expand x^2y(xy^2+3).,x^3y^3+3x^2y,x^2y^3+3x^2y,x^3y^2+3x^2y,x²y×xy²=x³y³. x²y×3=3x²y.,Add powers of matching variables separately.,,,,,,,
2009,252g,252,2,No,Simplify 5+3(x+2).,3x+11,3x+7,15x+11,3(x+2)=3x+6. 5+3x+6=3x+11.,"Expand the bracket first, then combine the constants.",,,,,,,
2010,252h,252,2,No,Expand and simplify 2(x+3)+4(x+1).,6x+10,6x+7,2x+7,2x+6+4x+4=6x+10.,"Expand both brackets first, then collect like terms.",,,,,,,
2011,252i,252,3,No,Expand and simplify 3(x+2y)+2(2x+y).,7x+8y,5x+3y,7x+3y,3x+6y+4x+2y=7x+8y.,"Expand each bracket, then combine the x-terms and y-terms separately.",,,,,,,
2012,252j,252,2,No,Simplify 10-2(x+3).,-2x+4,-2x+7,2x+4,2(x+3)=2x+6. 10-2x-6=-2x+4.,"Expand the bracket first, remembering to subtract every term.",,,,,,,
2013,252k,252,2,No,Expand and simplify 5(x+4)-2(x+1).,3x+18,3x+2,7x+18,5x+20-2x-2=3x+18.,"Expand both brackets, then subtract the second expansion carefully.",,,,,,,
2014,252l,252,2,No,Expand and simplify 7x-(x+5).,6x-5,6x+5,8x-5,Subtracting the bracket flips both signs inside: 7x-x-5=6x-5.,Treat the bracket as being multiplied by -1.,,,,,,,
2015,252m,252,3,No,Expand and simplify x(x+2)+3(x+2).,x^2+5x+6,x^2+2x+6,x^2+5x+2,x²+2x+3x+6=x²+5x+6.,"Expand both brackets fully, then collect like terms.",,,,,,,
2016,253a,253,1,No,Factorise 6x+9.,3(2x+3),3(2x+9),6(x+9),HCF of 6 and 9 is 3: 6x+9=3(2x+3).,Find the highest common factor of both terms first.,,,,,,,
2017,253a,253,1,No,Factorise 12x-8.,4(3x-2),4(3x-8),2(6x-4),HCF of 12 and 8 is 4: 12x-8=4(3x-2).,Divide both terms by their highest common factor.,,,,,,,
2018,253b,253,1,No,Factorise x^2+5x.,x(x+5),x(x^2+5),5(x+x),Both terms share a factor of x: x²+5x=x(x+5).,Take out the common x from both terms.,,,,,,,
2019,253b,253,2,No,Factorise 3x^2-x.,x(3x-1),x(3x-x),3x(x-1),Both terms share a factor of x: 3x²-x=x(3x-1).,"Take out the common x, leaving the coefficient behind.",,,,,,,
2020,253c,253,2,No,Factorise x^3+x^2.,x^2(x+1),x(x^2+1),x^2(x^2+1),Both terms share x²: x³+x²=x²(x+1).,Find the highest power of x common to both terms.,,,,,,,
2021,253c,253,3,No,Factorise 6x^4-2x^2.,2x^2(3x^2-1),2x^2(3x^2-2),x^2(6x^2-2),HCF is 2x²: 6x⁴-2x²=2x²(3x²-1).,Take out both the numeric and algebraic common factors together.,,,,,,,
2022,253d,253,2,No,Factorise 4x^3+8x^2+12x.,4x(x^2+2x+3),4(x^3+2x^2+3x),x(4x^2+8x+12),HCF is 4x: 4x³+8x²+12x=4x(x²+2x+3).,"Look for a common factor across all three terms, not just two.",,,,,,,
2023,253d,253,3,No,Factorise 9x^4+6x^3-3x^2.,3x^2(3x^2+2x-1),3x(3x^3+2x^2-x),x^2(9x^2+6x-3),HCF is 3x²: 9x⁴+6x³-3x²=3x²(3x²+2x-1).,Find both the numeric and algebraic HCF across all terms.,,,,,,,
2024,253e,253,2,No,"Expand 2(3x+6), then factorise the result fully.",6(x+2),2(3x+6),3(2x+4),2(3x+6)=6x+12. Fully factorised: 6x+12=6(x+2).,"After expanding, find the highest common factor to refactorise.",,,,,,,
2025,253e,253,2,No,"Expand 3(4x-8), then factorise the result fully.",12(x-2),3(4x-8),4(3x-6),3(4x-8)=12x-24. Fully factorised: 12x-24=12(x-2).,"Simplify by expanding first, then find the full common factor.",,,,,,,
2026,254a,254,1,No,Solve 3(x+2)=15.,3,5,1,"3x+6=15, so 3x=9, x=3.","Expand the bracket first, then solve as usual.",,,,,,,
2027,254a,254,1,No,Solve 2(x-1)=10.,6,4,7,"2x-2=10, so 2x=12, x=6.","Expand the bracket, then add 2 to both sides.",,,,,,,
2028,254b,254,2,No,Solve 4(x+1)=10.,1 and 1/2,3 and 1/2,2 and 1/2,"4x+4=10, so 4x=6, x=1.5.",Expand first — the solution won't be a whole number here.,,1½,3½,2½,,,
2029,254b,254,2,No,Solve 6(x-2)=15.,4 and 1/2,2 and 1/2,1 and 1/2,"6x-12=15, so 6x=27, x=4.5.","Expand the bracket, then solve for a fractional answer.",,4½,2½,1½,,,
2030,254c,254,2,No,Solve 3(x+5)=6.,-3,-5,3,"3x+15=6, so 3x=-9, x=-3.",Expand first — expect a negative solution here.,,,,,,,
2031,254c,254,2,No,Solve 5(x+4)=10.,-2,-4,2,"5x+20=10, so 5x=-10, x=-2.","Expand the bracket, then solve as normal.",,,,,,,
2032,254d,254,2,No,Solve 2(x+3)+x=15.,3,9,5,"2x+6+x=15, so 3x=9, x=3.","Expand the bracket, then combine the x-terms before solving.",,,,,,,
2033,254d,254,3,No,Solve 3(x+1)+2x=23.,4,20,5,"3x+3+2x=23, so 5x=20, x=4.","Expand the bracket, then collect all the x-terms together.",,,,,,,
2034,254e,254,2,No,Solve -2(x+3)=10.,-8,8,-16,"-2x-6=10, so -2x=16, x=-8.","Divide by a negative number, remembering to flip the sign carefully.",,,,,,,
2035,254e,254,3,No,Solve -4(x-1)=20.,-4,4,6,"-4x+4=20, so -4x=16, x=-4.","Expand the bracket, watching the sign of each term.",,,,,,,
2036,254f,254,3,No,Solve 2x^2=18 for a positive value of x.,3,9,6,"x²=9, so x=3 (taking the positive root).","Divide by 2 first, then take the square root.",,,,,,,
2037,254f,254,3,No,Solve 3(x^2-1)=24 for a positive value of x.,3,9,8,"x²-1=8, so x²=9, x=3.","Expand the bracket first, then rearrange and take the square root.",,,,,,,
2038,257a,257,1,No,Solve 5x+3=2x+12.,3,5,9,"5x-2x=12-3, so 3x=9, x=3.",Collect the x-terms on one side and numbers on the other.,,,,,,,
2039,257a,257,1,No,Solve 7x-4=3x+8.,3,4,12,"7x-3x=8+4, so 4x=12, x=3.",Move the smaller x-term to the other side first.,,,,,,,
2040,257b,257,2,No,Solve 12+3x=5x-2.,7,14,2,"12+2=5x-3x, so 14=2x, x=7.",Move the x-terms to one side and numbers to the other.,,,,,,,
2041,257b,257,2,No,Solve 20+2x=6x-4.,6,24,4,"20+4=6x-2x, so 24=4x, x=6.",Rearrange so all the x-terms are together.,,,,,,,
2042,257c,257,2,No,Solve 2(x+3)=x+10.,4,6,16,"2x+6=x+10, so x=4.","Expand the bracket first, then collect the x-terms.",,,,,,,
2043,257c,257,2,No,Solve 3(x-1)=x+7.,5,10,4,"3x-3=x+7, so 2x=10, x=5.","Expand the bracket, then move the x-terms together.",,,,,,,
2044,257d,257,3,No,Solve 2(x+1)=3(x-2).,8,4,1,"2x+2=3x-6, so 8=x.",Expand both brackets before collecting terms.,,,,,,,
2045,257d,257,3,No,Solve 4(x-1)=2(x+5).,7,3,14,"4x-4=2x+10, so 2x=14, x=7.","Expand both brackets, then rearrange.",,,,,,,
2046,257e,257,3,No,Solve 3(x+2)+x=2(x+8).,5,10,2,"3x+6+x=2x+16, so 2x=10, x=5.",Expand and simplify both sides before solving.,,,,,,,
2047,257e,257,3,No,Solve 2(x+4)+3x=4(x+3).,4,20,8,"2x+8+3x=4x+12, so x=4.",Simplify the left side fully before comparing to the right.,,,,,,,
2048,257f,257,3,No,Solve 2(x+1)+3(x-2)=x+8.,3,4,12,"2x+2+3x-6=x+8, so 4x=12, x=3.",Expand and combine both brackets on the left first.,,,,,,,
2049,257f,257,3,No,Solve 3(x+2)+2(x-1)=3x+14.,5,10,4,"3x+6+2x-2=3x+14, so 2x=10, x=5.","Simplify the left side fully, then solve as normal.",,,,,,,
2050,258a,258,1,No,Solve 3x/4=6.,8,2,24,"3x=24, so x=8.",Multiply both sides by the denominator first.,,,,,,,
2051,258b,258,1,No,Solve (x+5)/3=4.,7,12,-1,"x+5=12, so x=7.",Multiply both sides by 3 first.,,,,,,,
2052,258c,258,2,No,Solve 2x/5+3=7.,10,4,20,"2x/5=4, so 2x=20, x=10.","Subtract 3 first, then multiply by the denominator.",,,,,,,
2053,258d,258,3,No,Solve (x+1)/4=3/2.,5,1,5 and 1/2,"2(x+1)=12, so x+1=6, x=5.",Cross-multiply the two fractions first.,,,,,,,
2054,258e,258,2,No,Solve 12/(3x)=2.,2,6,18,"12=6x, so x=2.",Multiply both sides by 3x first.,,,,,,,
2055,258f,258,3,No,"Solve 20/√x=4, giving a positive value of x.",25,5,80,"√x=5, so x=25.","Isolate the root first, then square both sides.",,,,,,,
2056,258g,258,3,No,Solve 6/(2x)+1=4.,1,3,2,"6/(2x)=3, so 2x=2, x=1.","Subtract 1 first, then rearrange the fraction.",,,,,,,
2057,258g,258,3,No,Solve 20/(4x)+3=4.,5,20,1.25,"20/(4x)=1, so 4x=20, x=5.","Subtract 3 first, then rearrange the fraction.",,,,,,,
2058,258i,258,2,No,Solve 3x/2=x+4.,8,4,2,"3x=2x+8, so x=8.",Multiply both sides by 2 to clear the fraction.,,,,,,,
2059,258i,258,2,No,Solve 5x/2=x+6.,4,1.5,-4,"5x=2x+12, so 3x=12, x=4.",Multiply both sides by 2 to clear the fraction.,,,,,,,
2060,258k,258,3,No,Solve (3x+2)/4=x+2.,-6,6,2,"3x+2=4x+8, so -x=6, x=-6.","Multiply both sides by 4, then collect the x-terms.",,,,,,,
2061,258k,258,3,No,Solve (2x+5)/3=x+3.,-4,4,14,"2x+5=3x+9, so -x=4, x=-4.","Multiply both sides by 3, then collect the x-terms.",,,,,,,
2062,258n,258,2,No,Solve (3x+4)/x=5.,2,4,5,"3x+4=5x, so 4=2x, x=2.",Multiply both sides by x first.,,,,,,,
2063,258n,258,2,No,Solve (5x+6)/(2x)=4.,2,1.5,9,"5x+6=8x, so 6=3x, x=2.",Multiply both sides by 2x first.,,,,,,,
2064,258o,258,3,No,Solve (3x+1)/(x+2)=2.,3,2,1,"3x+1=2x+4, so x=3.",Multiply both sides by (x+2) first.,,,,,,,
2065,258o,258,3,No,Solve (4x+3)/(x+5)=3.,12,3,17,"4x+3=3x+15, so x=12.",Multiply both sides by (x+5) first.,,,,,,,
2066,258p,258,3,No,Solve (x+1)/2+(x-1)/3=x.,1,3,6,"Multiply by 6: 3(x+1)+2(x-1)=6x, giving 5x+1=6x, x=1.",Find a common denominator across the whole equation first.,,,,,,,
2067,258p,258,3,No,Solve (x+4)/3+(x+1)/6=x.,3,1,9,"Multiply by 6: 2(x+4)+(x+1)=6x, giving 3x+9=6x, x=3.",Find a common denominator across the whole equation first.,,,,,,,
2068,259a,259,1,No,Three times a number plus 4 equals 19. Form and solve an equation to find the number.,5,6,4 and 1/3,"3x+4=19, so 3x=15, x=5.",Write the description as an equation before solving.,,,,,,,
2069,259b,259,2,No,"F=ma. If F=20 and a=4, form and solve an equation to find m.",5,80,16,"20=4m, so m=5.",Substitute the known values into the formula first.,,,,,,,
2070,259c,259,2,No,A rectangle has perimeter 28cm and length 9cm. Form and solve an equation to find the width.,5cm,10cm,19cm,"2(9+w)=28, so 9+w=14, w=5.","Use the perimeter formula, substituting the known length.",,,,,,,
2071,259d,259,2,No,A rectangle has area 48cm² and length 8cm. Form and solve an equation to find the width.,6cm,40cm,56cm,"8w=48, so w=6.","Use the area formula, substituting the known length.",,,,,,,
2072,259h,259,2,No,"A cuboid has volume 60cm³, with base 4cm by 3cm. Form and solve an equation to find the height.",5cm,12cm,20cm,"12h=60, so h=5.","Multiply the base dimensions first, then divide the volume by that.",,,,,,,
2073,259j,259,3,No,A cube has surface area 150cm². Form and solve an equation to find the side length.,5cm,25cm,150cm,"6x²=150, so x²=25, x=5.","Divide by 6 first, then take the square root.",,,,,,,
2074,259l,259,1,No,3 pens and a £2 ruler cost £11 in total. Form and solve an equation to find the cost of one pen.,'£3,'£3.67,'£9,"3p+2=11, so 3p=9, p=3.",Subtract the ruler's cost before dividing by the number of pens.,,,,,,,
2075,259m,259,2,No,A number is 5 more than twice another; their sum is 26. Form an equation to find the smaller number.,7,19,10.5,"x+2x+5=26, so 3x=21, x=7.",Write both numbers in terms of the same variable first.,,,,,,,
2076,259o,259,2,No,"After a 20% increase, a price is £36. Form and solve an equation to find the original price.",'£30,'£28.80,'£43.20,"1.2x=36, so x=30.",Write the increase as a decimal multiplier before solving.,,,,,,,
2077,259p,259,2,No,"The mean of 4, 7, and x is 6. Form and solve an equation to find x.",7,18,2,"(4+7+x)/3=6, so 11+x=18, x=7.","Use the mean formula, then multiply both sides by 3.",,,,,,,
2078,259q,259,1,No,"A function machine: input x, ×3, then +5, gives output 20. Form and solve an equation to find x.",5,8.3,15,"3x+5=20, so 3x=15, x=5.","Write the machine's steps as an equation, then solve.",,,,,,,
2079,259t,259,3,No,Sequence A: 2n+3. Sequence B: 15-n. Form and solve an equation to find n where both are equal.,4,6,18,"2n+3=15-n, so 3n=12, n=4.","Set the two expressions equal to each other, then solve.",,,,,,,
2080,260a,260,1,No,Make x the subject of y=x+5.,x=y-5,x=y+5,x=5-y,Subtract 5 from both sides: x=y-5.,Undo the addition by subtracting from both sides.,,,,,,,
2081,260b,260,2,No,Make x the subject of y=2(x+3).,x=y/2-3,x=2y-3,x=y/2+3,Divide by 2: y/2=x+3. Subtract 3: x=y/2-3.,"Divide by the number outside the bracket first, then subtract.",,x={y/2}-3,x=2y-3,x={y/2}+3,,,
2082,260c,260,2,No,Make x the subject of y=(x+2)/5.,x=5y-2,x=5y+2,x=y/5-2,Multiply by 5: 5y=x+2. Subtract 2: x=5y-2.,"Multiply both sides by 5 first, to clear the fraction.",,,,,,,
2083,260d,260,3,No,Make x the subject of y=x^2+3 (x positive).,x=√(y-3),x=√y-3,x=√(y+3),Subtract 3: x²=y-3. Take the root: x=√(y-3).,"Isolate x² first, then take the square root of both sides.",,,,,,,
2084,260e,260,3,No,Make x the subject of y=x^3-4.,x=∛(y+4),x=∛y-4,x=∛(y-4),Add 4: x³=y+4. Take the cube root: x=∛(y+4).,"Isolate x³ first, then take the cube root of both sides.",,,,,,,
2085,260f,260,3,No,Make x the subject of y=(x-1)^2+4 (x greater than 1).,x=√(y-4)+1,x=√(y-4)-1,x=√(y+4)+1,Subtract 4: (x-1)²=y-4. Root: x-1=√(y-4). Add 1: x=√(y-4)+1.,"Isolate the bracket first, then undo the power and the +1 in order.",,,,,,,
2086,260g,260,3,No,Make x the subject of y=(2x+3)^2 (x positive).,x=(√y-3)/2,x=(√y+3)/2,x=√y-3/2,Root: √y=2x+3. Rearrange: x=(√y-3)/2.,"Take the square root first, then solve the remaining linear equation.",,x={√y-3/2},x={√y+3/2},,,,
2087,260h,260,3,No,Make x the subject of y=x^2/4-1 (x positive).,x=2√(y+1),x=√(y+1),x=4√(y+1),"x²/4=y+1, so x²=4(y+1), giving x=2√(y+1).","Clear the fraction first, then take the square root.",,,,,,,
2088,260i,260,3,No,Make x the subject of y=√(x+3)-2.,x=(y+2)^2-3,x=(y-2)^2-3,x=(y+2)^2+3,Add 2: √(x+3)=y+2. Square: x+3=(y+2)². Subtract 3: x=(y+2)²-3.,"Isolate the root first, then square both sides.",,,,,,,
2089,260j,260,3,No,Make x the subject of y=5/(x-2).,x=5/y+2,x=y/5+2,x=5/y-2,"y(x-2)=5, so x-2=5/y, giving x=5/y+2.","Multiply both sides by the denominator first, then rearrange.",,x={5/y}+2,x={y/5}+2,x={5/y}-2,,,
2090,260k,260,3,No,Make x the subject of y=3/(2-x).,x=2-3/y,x=2+3/y,x=3/y-2,"y(2-x)=3, so 2-x=3/y, giving x=2-3/y.","Multiply both sides by the denominator, then isolate x carefully.",,x=2-{3/y},x=2+{3/y},x={3/y}-2,,,
2091,261a,261,1,No,Find the sum of interior angles of a hexagon (6 sides).,720°,1080°,360°,Sum=(6-2)×180=720°.,Use the formula (n-2)×180°.,,,,,,,
2092,261a,261,1,No,Find the sum of interior angles of a nonagon (9 sides).,1260°,1620°,900°,Sum=(9-2)×180=1260°.,"Subtract 2 from the number of sides, then multiply by 180°.",,,,,,,
2093,261b,261,2,No,"A quadrilateral has angles 80°, 95°, 110°, and x. Find x.",75°,65°,285°,Sum=360°. x=360-80-95-110=75°.,Subtract the known angles from the total for a quadrilateral.,,,,,,,
2094,261b,261,2,No,"A pentagon has angles 100°, 110°, 95°, 120°, and x. Find x.",115°,65°,425°,Sum=540°. x=540-100-110-95-120=115°.,Find the interior angle sum for a pentagon first.,,,,,,,
2095,261c,261,3,No,"A quadrilateral has two equal angles x°, and two others of 100° and 120°. Find x.",70°,140°,35°,"2x+100+120=360, so 2x=140, x=70°.",Write an equation using the quadrilateral angle sum.,,,,,,,
2096,261c,261,3,No,A pentagon has three equal angles x° and two other angles of 90° each. Find x.,120°,360°,60°,"3x+90+90=540, so 3x=360, x=120°.","Use the pentagon's angle sum, then solve for the equal angles.",,,,,,,
2097,261d,261,1,No,Find the exterior angle of a regular octagon (8 sides).,45°,135°,360°,360÷8=45°.,Divide 360° by the number of sides.,,,,,,,
2098,261d,261,1,No,Find the exterior angle of a regular decagon (10 sides).,36°,144°,360°,360÷10=36°.,Divide 360° by the number of sides.,,,,,,,
2099,261e,261,2,No,Find the interior angle of a regular hexagon (6 sides).,120°,60°,720°,Exterior=360÷6=60°. Interior=180-60=120°.,"Find the exterior angle first, then subtract from 180°.",,,,,,,
2100,261e,261,2,No,Find the interior angle of a regular pentagon (5 sides).,108°,72°,540°,Exterior=360÷5=72°. Interior=180-72=108°.,"Find the exterior angle first, then subtract from 180°.",,,,,,,
2101,261f,261,2,No,"A square and a regular hexagon meet at a point, with a third angle. Find the third angle.",150°,210°,30°,360-90-120=150°.,Subtract the known interior angles from 360°.,,,,,,,
2102,261f,261,3,No,"Two regular pentagons meet at a point, with a third angle. Find the third angle.",144°,216°,72°,360-108-108=144°.,Subtract both pentagon angles from 360°.,,,,,,,
2103,261h,261,2,No,A regular polygon has exterior angles of 24°. Find the number of sides.,15,24,8.6,360÷24=15 sides.,Divide 360° by the exterior angle.,,,,,,,
2104,261h,261,2,No,A regular polygon has exterior angles of 40°. Find the number of sides.,9,40,14.4,360÷40=9 sides.,Divide 360° by the given exterior angle.,,,,,,,
2105,261i,261,2,No,A regular polygon has interior angles of 150°. Find the number of sides.,12,30,150,Exterior=180-150=30°. Sides=360÷30=12.,"Find the exterior angle first, then divide 360° by it.",,,,,,,
2106,261i,261,2,No,A regular polygon has interior angles of 160°. Find the number of sides.,18,20,160,Exterior=180-160=20°. Sides=360÷20=18.,Convert to the exterior angle before dividing into 360°.,,,,,,,
2107,261j,261,3,No,A regular polygon's interior angle is 3 times its exterior angle. Find the number of sides.,8,4,45,"4×exterior=180, exterior=45°. Sides=360÷45=8.",Use interior+exterior=180° to find the exterior angle first.,,,,,,,
2108,261j,261,3,No,A regular polygon's interior angle is 5 times its exterior angle. Find the number of sides.,12,6,30,"6×exterior=180, exterior=30°. Sides=360÷30=12.",Set up an equation using interior+exterior=180°.,,,,,,,
2109,261l,261,2,No,A regular polygon has an interior angle of 120°. Will it tessellate?,'Yes,'No,'Cannot tell,"360÷120=3, a whole number, so it tessellates.",Check whether 360° divides exactly by the interior angle.,,,,,,,
2110,261l,261,2,No,A regular polygon has an interior angle of 150°. Will it tessellate?,'No,'Yes,'Cannot tell,"360÷150=2.4, not a whole number, so it does not tessellate.",Check whether 360° divides exactly by the interior angle.,,,,,,,
2111,261m,261,2,No,A hexagon (120°) and square (90°) meet at a point with a third polygon. Find its interior angle.,150°,210°,30°,360-120-90=150°.,Subtract the known interior angles from 360°.,,,,,,,
2112,261m,261,3,No,Two regular octagons (135° each) meet at a point with a third polygon. Find its interior angle.,90°,270°,45°,360-135-135=90°.,Subtract both known interior angles from 360°.,,,,,,,
2113,262a,262,1,No,What type of angles are equal and form a Z-shape between two parallel lines?,'Alternate angles,'Corresponding angles,'Co-interior angles,Alternate angles form a Z-shape and are equal.,Think of the letter Z.,,,,,,,
2114,262a,262,1,No,What type of angles are equal and form an F-shape between two parallel lines?,'Corresponding angles,'Alternate angles,'Co-interior angles,Corresponding angles form an F-shape and are equal.,Think of the letter F.,,,,,,,
2115,262a,262,1,No,What type of angles sum to 180° and form a C-shape between two parallel lines?,'Co-interior angles,'Alternate angles,'Corresponding angles,Co-interior (allied) angles form a C-shape and sum to 180°.,Think of the letter C — these angles aren't equal.,,,,,,,
2116,262b,262,2,No,Two parallel lines are cut by a transversal. One angle is 65°. Find its alternate angle.,65°,115°,180°,Alternate angles are always equal: 65°.,Alternate angles are equal to each other.,,,,,,,
2117,262b,262,2,No,Two parallel lines are cut by a transversal. One angle is 78°. Find its alternate angle.,78°,102°,180°,Alternate angles are always equal: 78°.,Alternate angles are equal to each other.,,,,,,,
2118,262c,262,2,No,Two parallel lines are cut by a transversal. One angle is 72°. Find its corresponding angle.,72°,108°,180°,Corresponding angles are always equal: 72°.,Corresponding angles are equal to each other.,,,,,,,
2119,262c,262,2,No,Two parallel lines are cut by a transversal. One angle is 55°. Find its corresponding angle.,55°,125°,180°,Corresponding angles are always equal: 55°.,Corresponding angles are equal to each other.,,,,,,,
2120,262d,262,2,No,Two parallel lines are cut by a transversal. One angle is 110°. Find its co-interior angle.,70°,110°,290°,Co-interior angles sum to 180°: 180-110=70°.,Co-interior angles add up to 180°.,,,,,,,
2121,262d,262,2,No,Two parallel lines are cut by a transversal. One angle is 85°. Find its co-interior angle.,95°,85°,265°,Co-interior angles sum to 180°: 180-85=95°.,Co-interior angles add up to 180°.,,,,,,,
2122,262e,262,3,No,A pair of alternate angles measure 65° and 70°. Are the two lines parallel?,'No,'Yes,'Cannot tell,Alternate angles must be equal for lines to be parallel; 65°≠70°.,Check whether the alternate angles are actually equal.,,,,,,,
2123,262e,262,2,No,A pair of corresponding angles both measure 58°. Are the two lines parallel?,'Yes,'No,'Cannot tell,"Corresponding angles are equal, confirming the lines are parallel.",Equal corresponding angles confirm the lines are parallel.,,,,,,,
2124,262f,262,2,No,"In a parallelogram, one angle is 70°. Find the angle next to it (co-interior).",110°,70°,290°,Co-interior angles in a parallelogram sum to 180°: 180-70=110°.,Adjacent angles in a parallelogram are co-interior and sum to 180°.,,,,,,,
2125,262f,262,1,No,"In a rhombus, one angle is 55°. Find the angle opposite it.",55°,125°,180°,Opposite angles in a rhombus are equal: 55°.,Opposite angles in a rhombus/parallelogram are equal.,,,,,,,
2126,262g,262,2,No,A trapezium has one pair of parallel sides and an angle of 100°. Find the co-interior angle.,80°,100°,260°,Co-interior angles between the parallel sides sum to 180°: 180-100=80°.,The two angles on the same non-parallel side sum to 180°.,,,,,,,
2127,262i,262,3,No,"A triangle sits between parallels, base angles alternate to 40° and 65°. Find the third angle.",75°,105°,25°,180-40-65=75°.,"The triangle's angles still sum to 180°, using the two given angles.",,,,,,,
2128,263a,263,2,No,Two angles on a straight line are 3x° and the unknown angle. Write an expression for the unknown.,(180-3x)°,3x°,(3x-180)°,"Angles on a line sum to 180°, so the unknown is 180-3x.",Subtract the given expression from 180°.,,,,,,,
2129,263a,263,2,No,"Three angles round a point are 4x°, 5x° and the unknown. Write an expression for the unknown.",(360-9x)°,9x°,(9x-360)°,"Angles round a point sum to 360°, so the unknown is 360-9x.","Add the given expressions, then subtract from 360°.",,,,,,,
2130,263b,263,2,No,Two angles on a line are (2x+10)° and the unknown angle. Write an expression for the unknown.,(170-2x)°,(2x+10)°,(2x-170)°,180-(2x+10)=170-2x.,Subtract the whole given expression from 180°.,,,,,,,
2131,263c,263,3,No,"A triangle has angles (x+10)°, 2x°, and the unknown. Write an expression for the third angle.",(170-3x)°,(3x+10)°,(3x-170)°,180-(x+10)-2x=170-3x.,Subtract both given expressions from 180°.,,,,,,,
2132,263d,263,3,No,Co-interior angles between parallel lines are (3x+5)° and the unknown. Write an expression for it.,(175-3x)°,(3x+5)°,(3x-175)°,180-(3x+5)=175-3x.,"Co-interior angles sum to 180°, so subtract the given expression.",,,,,,,
2133,263e,263,2,No,Angles on a straight line are 3x° and (x+40)°. Form and solve an equation to find x.,35,140,46.7,"3x+x+40=180, so 4x=140, x=35.","Add the expressions, set equal to 180°, then solve.",,,,,,,
2134,263f,263,2,No,"A triangle has angles 2x°, 3x°, and 4x°. Form and solve an equation to find x.",20,180,9,"2x+3x+4x=180, so 9x=180, x=20.","Add all three expressions, set equal to 180°, then solve.",,,,,,,
2135,263g,263,3,No,"In a parallelogram, co-interior angles are (2x+10)° and (3x-10)°. Form and solve an equation for x.",36,180,5,"2x+10+3x-10=180, so 5x=180, x=36.",Co-interior angles sum to 180°; add the expressions and solve.,,,,,,,
2136,263h,263,2,No,Alternate angles are (2x+15)° and (3x-5)°. Form and solve an equation to find x.,20,5,10,"Alternate angles are equal: 2x+15=3x-5, so x=20.","Set the two expressions equal, since alternate angles match.",,,,,,,
2137,263i,263,3,No,"A polygon's exterior angles are 2x°, 3x°, 4x°, and x°. Form and solve an equation to find x.",36,360,10,"2x+3x+4x+x=360, so 10x=360, x=36.",Exterior angles of any polygon sum to 360°.,,,,,,,
2138,264a,264,1,No,What bearing corresponds to due North?,000°,090°,360°,Due North is always written as the bearing 000°.,Bearings are always written as three digits.,,,,,,,
2139,264a,264,1,No,What bearing corresponds to South-East?,135°,045°,225°,South-East lies exactly between South (180°) and East (090°): 135°.,South-East is halfway between South and East.,,,,,,,
2140,264a,264,1,No,What bearing corresponds to due South?,180°,090°,270°,Due South is always written as the bearing 180°.,Bearings are always written as three digits.,,,,,,,
2141,264a,264,1,No,What bearing corresponds to North-West?,315°,225°,045°,North-West lies exactly between North (000°) and West (270°): 315°.,North-West is halfway between North and West.,,,,,,,
2142,264b,264,2,No,The bearing of B from A is 070°. Find the bearing of A from B.,250°,110°,290°,Add 180° (since 070°<180°): 070+180=250°.,Add 180° if the original bearing is less than 180°.,,,,,,,
2143,264b,264,2,No,The bearing of B from A is 245°. Find the bearing of A from B.,065°,425°,155°,Subtract 180° (since 245°>180°): 245-180=065°.,Subtract 180° if the original bearing is more than 180°.,,,,,,,
2144,264b,264,2,No,The bearing of B from A is 130°. Find the bearing of A from B.,310°,050°,280°,Add 180° (since 130°<180°): 130+180=310°.,Add 180° if the original bearing is less than 180°.,,,,,,,
2145,264b,264,2,No,The bearing of B from A is 300°. Find the bearing of A from B.,120°,480°,240°,Subtract 180° (since 300°>180°): 300-180=120°.,Subtract 180° if the original bearing is more than 180°.,,,,,,,
2146,264d,264,3,No,North lines at A and B are parallel. The bearing of B from A is 050°. Find the bearing of A from B.,230°,130°,310°,Using co-interior angles on the parallel North lines: 050+180=230°.,"The North lines are parallel, so use co-interior/alternate angle facts.",,,,,,,
2147,264d,264,3,No,North lines at A and B are parallel. The bearing of B from A is 095°. Find the bearing of A from B.,275°,185°,355°,Using co-interior angles on the parallel North lines: 095+180=275°.,"The North lines are parallel, so use co-interior/alternate angle facts.",,,,,,,
2148,264e,264,2,No,The bearing of C from D is 128°. Find the bearing of D from C.,308°,052°,232°,Add 180° (since 128°<180°): 128+180=308°.,Add 180° if the given bearing is less than 180°.,,,,,,,
2149,264e,264,2,No,The bearing of C from D is 162°. Find the bearing of D from C.,342°,018°,198°,Add 180° (since 162°<180°): 162+180=342°.,Add 180° if the given bearing is less than 180°.,,,,,,,
2150,265a,265,1,No,"Find the midpoint of (2,4) and (6,8).","(4,6)","(8,12)","(2,2)","Midpoint=((2+6)/2,(4+8)/2)=(4,6).",Average the x-coordinates and the y-coordinates separately.,,,,,,,
2151,265a,265,1,No,"Find the midpoint of (0,0) and (10,6).","(5,3)","(10,6)","(5,6)","Midpoint=((0+10)/2,(0+6)/2)=(5,3).",Average the x-coordinates and the y-coordinates separately.,,,,,,,
2152,265b,265,2,No,"Find the midpoint of (-3,5) and (7,-1).","(2,2)","(-2,-2)","(4,4)","Midpoint=((-3+7)/2,(5-1)/2)=(2,2).",Be careful adding negative coordinates.,,,,,,,
2153,265b,265,2,No,"Find the midpoint of (1.5,3) and (4.5,7).","(3,5)","(6,10)","(3,4)","Midpoint=((1.5+4.5)/2,(3+7)/2)=(3,5).","Add the coordinates, then divide by 2.",,,,,,,
2154,265c,265,2,No,"The midpoint of A(2,3) and B is (5,7). Find B.","(8,11)","(3.5,5)","(7,10)","B=(2×5-2, 2×7-3)=(8,11).","Double the midpoint, then subtract the known point's coordinates.",,,,,,,
2155,265c,265,3,No,"The midpoint of A(-4,6) and B is (1,2). Find B.","(6,-2)","(-1.5,4)","(2,-4)","B=(2×1-(-4), 2×2-6)=(6,-2).","Double the midpoint coordinates, then subtract A's coordinates.",,,,,,,
2156,265d,265,3,No,"A(3,y) and B(9,8) have midpoint (6,5). Find y.",2,5,8,"(y+8)/2=5, so y+8=10, y=2.",Use the midpoint formula for the y-coordinate only.,,,,,,,
2157,265d,265,3,No,"A(x,4) and B(10,4) have midpoint (7,4). Find x.",4,7,14,"(x+10)/2=7, so x+10=14, x=4.",Use the midpoint formula for the x-coordinate only.,,,,,,,
2158,266a,266,2,No,"A(0,0), C(10,15) lie on a line, with B between them so AB:BC=2:3. Find B.","(4,6)","(6,9)","(2,3)","B=A+2/5×(C-A)=(0,0)+2/5×(10,15)=(4,6).",Find 2/5 of the way from A to C.,,,,,,,
2159,266a,266,2,No,"A(2,1), C(12,11) lie on a line, with B between them so AB:BC=3:2. Find B.","(8,7)","(6,5)","(9,9)","B=A+3/5×(C-A)=(2,1)+3/5×(10,10)=(8,7).",Find 3/5 of the way from A to C.,,,,,,,
2160,266b,266,3,No,"A(1,2), B(4,6) lie on a line with AB:BC=1:2. Find C.","(10,14)","(7,10)","(13,18)","B is 1/3 of the way from A to C, so C=A+3×(B-A)=(10,14).",Work out how many times the AB distance fits into AC.,,,,,,,
2161,266b,266,3,No,"A(0,1), B(3,4) lie on a line with AB:BC=1:3. Find C.","(12,13)","(9,10)","(15,16)","C=A+4×(B-A)=(0,1)+4×(3,3)=(12,13).",Find how many AB-lengths fit into the whole segment AC.,,,,,,,
2162,266c,266,3,No,"A(2,3), B is on line AC where AC=4×AB, and C(18,19). Find B.","(6,7)","(10,11)","(14,15)","B=A+1/4×(C-A)=(2,3)+1/4×(16,16)=(6,7).",Find what fraction of the way B is from A to C.,,,,,,,
2163,266d,266,2,No,"A(0,0), C(20,10). B is on AC such that AB is 3/5 of AC. Find B.","(12,6)","(8,4)","(15,7.5)","B=A+3/5×(C-A)=(0,0)+3/5×(20,10)=(12,6).",Multiply the vector from A to C by the given fraction.,,,,,,,
2164,266e,266,3,No,"A(2,y), C(10,20). B(6,14) divides AC in ratio 1:1 (the midpoint). Find y.",8,14,28,"(y+20)/2=14, so y+20=28, y=8.",Use the midpoint formula for the y-coordinate.,,,,,,,
2165,266e,266,3,No,"A(x,3), C(15,9). B(9,6) divides AC in ratio 1:1. Find x.",3,9,18,"(x+15)/2=9, so x+15=18, x=3.",Use the midpoint formula for the x-coordinate.,,,,,,,
2166,267a,267,1,No,"For y=2x+1, find y when x=3.",7,6,5,y=2(3)+1=7.,Substitute x=3 into the equation.,,,,,,,
2167,267a,267,1,No,"For y=3x-2, find y when x=4.",10,12,9,y=3(4)-2=10.,Substitute x=4 into the equation.,,,,,,,
2168,267b,267,2,No,"For y=-2x+5, find y when x=3.",-1,11,1,y=-2(3)+5=-1.,Multiply x by the negative coefficient first.,,,,,,,
2169,267b,267,2,No,"For y=-4x+1, find y when x=2.",-7,9,7,y=-4(2)+1=-7.,Be careful with signs when x is multiplied by a negative number.,,,,,,,
2170,267c,267,2,No,"For y=(1/2)x+3, find y when x=6.",6,9,3,y=(1/2)(6)+3=3+3=6.,"Multiply x by the fraction, then add the constant.",,,,,,,
2171,267c,267,2,No,"For y=(2/3)x-1, find y when x=9.",5,6,8,y=(2/3)(9)-1=6-1=5.,Multiply x by the fraction first.,,,,,,,
2172,268a,268,1,No,"Does the point (2,7) lie on the line y=3x+1?",'Yes,'No,'Cannot tell,"3(2)+1=7, which matches the y-coordinate, so yes.",Substitute the x-value into the equation and check the result.,,,,,,,
2173,268a,268,2,No,"Does the point (4,10) lie on the line y=2x+3?",'No,'Yes,'Cannot tell,"2(4)+3=11, which doesn't match 10, so no.",Substitute the x-value into the equation and compare.,,,,,,,
2174,268b,268,2,No,"Does the point (3,2) lie on the line 2x+3y=12?",'Yes,'No,'Cannot tell,"2(3)+3(2)=12, which matches, so yes.",Substitute both coordinates into the equation and check.,,,,,,,
2175,268b,268,2,No,"Does the point (1,4) lie on the line 3x+2y=10?",'No,'Yes,'Cannot tell,"3(1)+2(4)=11, which doesn't match 10, so no.",Substitute both coordinates and compare to the total.,,,,,,,
2176,268c,268,1,No,A point on the line y=4x-3 has x=5. Find y.,17,20,2,y=4(5)-3=17.,Substitute the given x-value into the equation.,,,,,,,
2177,268c,268,2,No,A point on the line 2x+y=9 has x=3. Find y.,3,6,12,"2(3)+y=9, so y=9-6=3.","Substitute x, then solve for y.",,,,,,,
2178,269b,269,1,No,Find the y-intercept of y=3x-6.,"(0,-6)","(0,6)","(2,0)","Set x=0: y=3(0)-6=-6, so (0,-6).",Substitute x=0 into the equation.,,,,,,,
2179,269b,269,1,No,Find the x-intercept of y=2x-8.,"(4,0)","(-4,0)","(0,-8)","Set y=0: 0=2x-8, so x=4, giving (4,0).","Set y=0, then solve for x.",,,,,,,
2180,269c,269,2,No,Find the midpoint of the x and y intercepts of y=2x-8.,"(2,-4)","(4,-8)","(2,4)","Intercepts are (4,0) and (0,-8). Midpoint=(2,-4).","Find both intercepts first, then average them.",,,,,,,
2181,269c,269,2,No,Find the midpoint of the x and y intercepts of y=4x+8.,"(-1,4)","(-2,8)","(1,-4)","Intercepts are (-2,0) and (0,8). Midpoint=(-1,4).","Find both intercepts first, then average them.",,,,,,,
2182,269d,269,2,No,Find the area enclosed by the line y=2x-8 and the axes.,16,32,12,Area=0.5×4×8=16 (using the intercepts as the triangle's legs).,The intercepts form the two legs of a right-angled triangle.,,,,,,,
2183,269d,269,3,No,Find the area enclosed by the line y=3x+9 and the axes.,13.5,27,6,Area=0.5×3×9=13.5.,Use the magnitudes of both intercepts as the triangle's legs.,,,,,,,
2184,269e,269,3,No,"x-intercept (6,0), y-intercept (0,12). Find the point 1/3 of the way to the y-intercept.","(4,4)","(2,8)","(4,8)","P=(6,0)+1/3×(-6,12)=(4,4).","Find the vector between the two intercepts, then take the given fraction.",,,,,,,
2185,269e,269,2,No,"A line has x-intercept (8,0) and y-intercept (0,4). Find the point halfway between the intercepts.","(4,2)","(8,4)","(2,4)","Midpoint of (8,0) and (0,4) is (4,2).",This is just the midpoint of the two intercepts.,,,,,,,
2186,270d,270,1,No,A slope triangle has a rise of 6 and a run of 3. Find the gradient.,2,0.5,3,Gradient=rise÷run=6÷3=2.,Divide the vertical rise by the horizontal run.,,,,,,,
2187,270d,270,1,No,A slope triangle has a rise of 4 and a run of 8. Find the gradient.,0.5,2,4,Gradient=4÷8=0.5.,"Divide the rise by the run, simplifying if needed.",,,,,,,
2188,270h,270,1,No,"Find the gradient of the line through (2,3) and (5,9).",2,0.5,6,Gradient=(9-3)/(5-2)=6/3=2.,Divide the change in y by the change in x.,,,,,,,
2189,270h,270,1,No,"Find the gradient of the line through (1,2) and (4,11).",3,0.33,9,Gradient=(11-2)/(4-1)=9/3=3.,Divide the change in y by the change in x.,,,,,,,
2190,270i,270,2,No,"Find the gradient of the line through (-2,3) and (4,15).",2,3,0.5,Gradient=(15-3)/(4-(-2))=12/6=2.,Careful with signs when subtracting a negative x-value.,,,,,,,
2191,270i,270,2,No,"Find the gradient of the line through (3,-4) and (7,8).",3,1,12,Gradient=(8-(-4))/(7-3)=12/4=3.,Subtracting a negative y-value means adding.,,,,,,,
2192,270j,270,3,No,"Find the gradient of the line through (-3,-5) and (-1,1).",3,2,6,Gradient=(1-(-5))/(-1-(-3))=6/2=3.,Convert each subtraction of a negative into an addition.,,,,,,,
2193,270j,270,3,No,"Find the gradient of the line through (-6,-2) and (-2,-10).",-2,2,-8,Gradient=(-10-(-2))/(-2-(-6))=-8/4=-2.,"Work through the signs carefully, one pair at a time.",,,,,,,
2194,270k,270,2,No,"A line through (1,2) and (4,y) has gradient 3. Find y.",11,9,5,"(y-2)/(4-1)=3, so y-2=9, y=11.","Use the gradient formula, then solve for the unknown.",,,,,,,
2195,270k,270,3,No,"A line through (x,1) and (5,13) has gradient 4. Find x.",2,8,-2,"12/(5-x)=4, so 5-x=3, x=2.","Set up the gradient formula with x as the unknown, then solve.",,,,,,,
2196,270l,270,3,No,"Find an expression for the gradient of the line through (a,b) and (c,d).",(d-b)/(c-a),(c-a)/(d-b),(b-d)/(a-c),Gradient=(change in y)/(change in x)=(d-b)/(c-a).,Use the gradient formula symbolically.,,,,,,,
2197,270l,270,3,No,"Find an expression for the gradient of the line through (2,k) and (5,3k).",2k/3,03-Feb,2k/2,Gradient=(3k-k)/(5-2)=2k/3.,"Subtract the y-coordinates and the x-coordinates, then simplify.",,,,,,,
2198,270m,270,2,No,"Are the points (1,2), (3,6), and (5,10) collinear?",'Yes,'No,'Cannot tell,"The gradient between each pair of points is 2, so they are collinear.",Check whether the gradient is the same between each pair of points.,,,,,,,
2199,270m,270,2,No,"Are the points (0,1), (2,5), and (4,8) collinear?",'No,'Yes,'Cannot tell,"The gradients (2 and 1.5) are different, so the points aren't collinear.",Compare the gradient between each pair of points.,,,,,,,
2200,270n,270,3,No,"Points (1,3), (3,7), and (5,y) lie on a straight line. Find y.",11,9,13,"Gradient=2. From (3,7) to (5,y): y=7+2×(5-3)=11.","Find the gradient from the first two points, then extend it.",,,,,,,
2201,270n,270,3,No,"Points (2,1), (6,y), and (10,17) lie on a straight line. Find y.",9,7,11,"Gradient=2. From (2,1) to (6,y): y=1+2×(6-2)=9.","Find the gradient using the first and third points, then apply it.",,,,,,,
2202,271a,271,1,No,Write the equation of a line with gradient 3 and y-intercept 5.,y=3x+5,y=5x+3,y=3x-5,Substitute m=3 and c=5 into y=mx+c.,The gradient is the coefficient of x; the y-intercept is the constant.,,,,,,,
2203,271a,271,2,No,Write the equation of a line with gradient -2 and y-intercept 7.,y=-2x+7,y=2x+7,y=-2x-7,Substitute m=-2 and c=7 into y=mx+c.,Keep the negative sign with the gradient.,,,,,,,
2204,271b,271,1,No,Find the gradient of y=4x-3.,4,-3,-4,The gradient is the coefficient of x: 4.,The number in front of x is the gradient.,,,,,,,
2205,271b,271,1,No,Find the y-intercept of y=-5x+2.,2,-5,5,The y-intercept is the constant term: 2.,The constant term (without x) is the y-intercept.,,,,,,,
2206,271c,271,2,No,"Write the equation of a line with gradient 2 and y-intercept 6, in the form ax+by=c.",2x-y=-6,2x+y=6,2x-y=6,y=2x+6 rearranges to 2x-y=-6.,"Start with y=mx+c, then move all terms to one side.",,,,,,,
2207,271c,271,2,No,"Write the equation of a line with gradient -3, y-intercept 4, in the form ax+by=c.",3x+y=4,3x-y=4,-3x+y=4,y=-3x+4 rearranges to 3x+y=4.,"Move the x-term to the same side as y, keeping a positive.",,,,,,,
2208,271d,271,2,No,Find the gradient of the line 2x+4y=8.,-0.5,2,0.5,Rearrange to y=-0.5x+2. Gradient=-0.5.,Rearrange into y=mx+c form first.,,,,,,,
2209,271d,271,2,No,Find the y-intercept of the line 3x+y-9=0.,9,-3,-9,Rearrange to y=-3x+9. Y-intercept=9.,Rearrange into y=mx+c form first.,,,,,,,
2210,271e,271,2,No,"Which line is steepest: y=2x+1, y=5x-3, or y=3x+4?",y=5x-3,y=2x+1,y=3x+4,The steepest line has the largest gradient magnitude: 5.,Compare the gradients (coefficients of x) directly.,,,,,,,
2211,271e,271,2,No,"Which line is steepest: y=-6x+2, y=4x-1, or y=-3x+5?",y=-6x+2,y=4x-1,y=-3x+5,Compare gradient magnitudes: |-6|=6 is the largest.,"Steepness depends on the size of the gradient, ignoring the sign.",,,,,,,
2212,272a,272,1,No,"A vertical line passes through the point (5,2). Write its equation.",x=5,y=5,x=2,"A vertical line has the form x=a, using the x-coordinate: x=5.",Vertical lines have the same x-value everywhere.,,,,,,,
2213,272a,272,1,No,"A horizontal line passes through the point (3,7). Write its equation.",y=7,x=7,y=3,"A horizontal line has the form y=b, using the y-coordinate: y=7.",Horizontal lines have the same y-value everywhere.,,,,,,,
2214,272f,272,2,No,"A line has gradient 3 and passes through (2,10). Find its equation.",y=3x+4,y=3x+10,y=3x-4,"10=3(2)+c, so c=4. Equation: y=3x+4.",Substitute the point into y=mx+c to find c.,,,,,,,
2215,272f,272,2,No,"A line has gradient -2 and passes through (3,1). Find its equation.",y=-2x+7,y=-2x+1,y=-2x-7,"1=-2(3)+c, so c=7. Equation: y=-2x+7.",Substitute the point into y=mx+c to find c.,,,,,,,
2216,272g,272,2,No,"A line has gradient 0.5 and passes through (4,5). Find its equation.",y=0.5x+3,y=0.5x+5,y=0.5x-3,"5=0.5(4)+c, so c=3. Equation: y=0.5x+3.",Substitute the point into y=mx+c to find c.,,,,,,,
2217,272g,272,2,No,"A line has gradient 1.5 and passes through (2,7). Find its equation.",y=1.5x+4,y=1.5x+7,y=1.5x-4,"7=1.5(2)+c, so c=4. Equation: y=1.5x+4.",Substitute the point into y=mx+c to find c.,,,,,,,
2218,272h,272,3,No,"A line has gradient 2 and passes through (1,5), in the form ax+by=c. Find the equation.",2x-y=-3,2x+y=3,2x-y=3,y=2x+3 rearranges to 2x-y=-3.,"Find y=mx+c first, then rearrange.",,,,,,,
2219,272h,272,3,No,"A line has gradient -1, passes through (4,2), form ax+by=c (a positive). Find the equation.",x+y=6,x-y=6,#NAME?,y=-x+6 rearranges to x+y=6.,"Find y=mx+c first, then rearrange.",,,,,,,
2220,272i,272,2,No,"Find the equation of the line through (1,4) and (3,10).",y=3x+1,y=3x+4,y=3x-1,"Gradient=3. Using (1,4): 4=3(1)+c, c=1. Equation: y=3x+1.","Find the gradient first, then substitute a point to find c.",,,,,,,
2221,272i,272,2,No,"Find the equation of the line through (2,3) and (6,11).",y=2x-1,y=2x+1,y=2x+3,"Gradient=2. Using (2,3): 3=2(2)+c, c=-1. Equation: y=2x-1.","Find the gradient first, then substitute a point to find c.",,,,,,,
2222,272j,272,3,No,"Find the equation of the line through (0,4) and (2,8), in the form ax+by=c.",2x-y=-4,2x+y=4,2x-y=4,y=2x+4 rearranges to 2x-y=-4.,"Find y=mx+c first, then rearrange into ax+by=c form.",,,,,,,
2223,272j,272,3,No,"Find the equation through (1,1) and (3,-3), form ax+by=c (a positive).",2x+y=3,2x-y=3,-2x+y=3,y=-2x+3 rearranges to 2x+y=3.,"Find y=mx+c first, then rearrange into ax+by=c form.",,,,,,,
2224,272k,272,3,No,"Triangle A(0,0), B(4,0), C(2,6). Find the equation of the median from A to the midpoint of BC.",y=x,y=3x,y=x+3,"Midpoint of BC=(3,3). Gradient from (0,0)=1. Equation: y=x.","Find the midpoint of the opposite side first, then the line through both points.",,,,,,,
2225,274a,274,1,No,Are the lines y=3x+2 and y=3x-5 parallel?,'Yes,'No,'Cannot tell,"Both lines have gradient 3, so they are parallel.",Compare the gradients (coefficients of x).,,,,,,,
2226,274a,274,1,No,Are the lines y=2x+1 and y=4x+1 parallel?,'No,'Yes,'Cannot tell,"The gradients are 2 and 4, which are different, so not parallel.",Compare the gradients directly.,,,,,,,
2227,274b,274,2,No,Are the lines y-3x=5 and y=3x-2 parallel?,'Yes,'No,'Cannot tell,"Rearranging the first gives y=3x+5. Both have gradient 3, so parallel.",Rearrange the first equation into y=mx+c form before comparing.,,,,,,,
2228,274b,274,2,No,Are the lines y+2x=6 and y=2x+1 parallel?,'No,'Yes,'Cannot tell,"Rearranging the first gives y=-2x+6 (gradient -2), which differs from 2.","Rearrange carefully, watching the sign of the x-term.",,,,,,,
2229,274c,274,2,No,Are the lines 2y=6x+4 and y=3x-1 parallel?,'Yes,'No,'Cannot tell,"Dividing the first by 2 gives y=3x+2. Both have gradient 3, so parallel.",Divide through to get the first equation into y=mx+c form.,,,,,,,
2230,274c,274,2,No,Are the lines 3y=6x+9 and y=3x+3 parallel?,'No,'Yes,'Cannot tell,"Dividing the first by 3 gives y=2x+3 (gradient 2), which differs from 3.",Divide through carefully before comparing gradients.,,,,,,,
2231,274d,274,2,No,"Find the equation of the line parallel to y=4x+1, passing through (0,7).",y=4x+7,y=4x+1,y=7x+4,Parallel lines share the gradient (4). Using the y-intercept 7: y=4x+7.,"Keep the same gradient, then use the given point to find the new intercept.",,,,,,,
2232,274d,274,2,No,"Find the equation of the line parallel to y=-2x+5, passing through (0,3).",y=-2x+3,y=-2x+5,y=2x+3,Parallel lines share the gradient (-2). Using the y-intercept 3: y=-2x+3.,"Keep the same gradient, then use the given point to find the new intercept.",,,,,,,
2233,274e,274,3,No,"Find the line parallel to 2x+y=8, through (0,3), in the form ax+by=c.",2x+y=3,2x+y=8,2x-y=3,Parallel lines have the same left-hand side structure: 2x+y=3.,"Keep the same x and y coefficients, then find the new constant.",,,,,,,
2234,274e,274,3,No,"Find the line parallel to 3x-y=6, through (0,-2), in the form ax+by=c.",3x-y=2,3x-y=6,3x+y=2,Parallel lines keep the same x and y coefficients: 3x-y=2.,"Keep the same coefficients of x and y, then find the new constant.",,,,,,,
2235,274f,274,3,No,"Find the line parallel to the segment from (1,2) to (3,8), through (0,5).",y=3x+5,y=3x+8,y=3x+2,Gradient of the segment=3. Using the y-intercept 5: y=3x+5.,"Find the gradient of the segment first, then use the given point.",,,,,,,
2236,274f,274,3,No,"Find the line parallel to the segment from (0,1) to (4,9), through (0,-3).",y=2x-3,y=2x+9,y=2x+1,Gradient of the segment=2. Using the y-intercept -3: y=2x-3.,"Find the gradient of the segment first, then use the given point.",,,,,,,
2237,274g,274,3,No,"Find the line parallel to the segment from (1,3) to (4,9), through (0,1), form ax+by=c.",2x-y=-1,2x+y=1,2x-y=1,"Gradient=2. Through (0,1): y=2x+1, rearranging to 2x-y=-1.","Find the gradient of the segment, then rearrange into the required form.",,,,,,,
2238,274g,274,3,No,"Find the line parallel to segment (0,5)-(2,1), through (0,-4), form ax+by=c (a positive).",2x+y=-4,2x-y=-4,-2x+y=-4,"Gradient=-2. Through (0,-4): y=-2x-4, rearranging to 2x+y=-4.","Find the gradient of the segment, then rearrange into the required form.",,,,,,,
2239,276a,276,1,No,"Solve: 2x+y=10, x+y=7.","x=3, y=4","x=4, y=3","x=7, y=10",Subtracting: x=3. Substitute: y=7-3=4.,Subtract one equation from the other to eliminate y.,,,,,,,
2240,276a,276,2,No,"Solve: 3x+2y=16, x+2y=8.","x=4, y=2","x=2, y=4","x=8, y=16","Subtracting: 2x=8, x=4. Substitute: y=2.","Subtract to eliminate y, then solve for x.",,,,,,,
2241,276b,276,2,No,"Solve: 2x-y=5, x-y=1.","x=4, y=3","x=3, y=4","x=1, y=5",Subtracting: x=4. Substitute into x-y=1: y=3.,Subtract one equation from the other to eliminate y.,,,,,,,
2242,276c,276,1,No,"Solve: x+y=9, x-y=3.","x=6, y=3","x=3, y=6","x=9, y=3","Adding: 2x=12, x=6. Substitute: y=3.",Add the equations together to eliminate y.,,,,,,,
2243,276c,276,1,No,"Solve: x+y=12, x-y=4.","x=8, y=4","x=4, y=8","x=12, y=4","Adding: 2x=16, x=8. Substitute: y=4.",Add the equations together to eliminate y.,,,,,,,
2244,276d,276,2,No,"Solve: 2x+y=11, x+3y=18.","x=3, y=5","x=5, y=3","x=11, y=18","Scale the first eq by 3, subtract: 5x=15, x=3. Then y=5.","Scale one equation so the y-coefficients match, then eliminate.",,,,,,,
2245,276e,276,3,No,"Solve: 2x+3y=16, 3x+2y=19.","x=5, y=2","x=2, y=5","x=16, y=19","Scale to match y-coefficients (×2 and ×3), then eliminate: x=5, y=2.",Multiply both equations to make one pair of coefficients match.,,,,,,,
2246,276f,276,2,No,"Solve: 3x+y=14, y=x+2.","x=3, y=5","x=5, y=3","x=2, y=14","Rearrange y=x+2 to -x+y=2, then eliminate: x=3, y=5.",Rearrange one equation into the same form before eliminating.,,,,,,,
2247,276g,276,2,No,"Solve by substitution: y=2x+1, 3x+y=16.","x=3, y=7","x=7, y=3","x=1, y=16","Substitute y=2x+1 into 3x+y=16: 5x+1=16, x=3, y=7.",Substitute the expression for y directly into the other equation.,,,,,,,
2248,276g,276,2,No,"Solve by substitution: x=y-3, 2x+y=12.","x=3, y=6","x=6, y=3","x=-3, y=12","Substitute x=y-3 into 2x+y=12: 3y-6=12, y=6, x=3.",Substitute the expression for x directly into the other equation.,,,,,,,
2249,276h,276,3,No,"Solve: y=5-2x, y=3x-10.","x=3, y=-1","x=-1, y=3","x=5, y=10","Set 5-2x=3x-10, giving 15=5x, x=3. Then y=-1.","Since both are already solved for y, set them equal to each other.",,,,,,,
2250,276i,276,2,No,2 adult+3 child tickets cost £29. 1 adult+2 child cost £16. Find one child ticket's cost.,'£3,'£10,'£13,Solving the system gives child ticket=£3 (and adult=£10).,"Form two equations from the ticket totals, then eliminate or substitute.",,,,,,,
2251,276i,276,2,No,3 burgers and 2 drinks cost £17. 2 burgers and 1 drink cost £10. Find the cost of one drink.,'£4,'£3,'£7,Solving gives drink=£4 (and burger=£3).,"Form two equations, then eliminate or substitute to solve.",,,,,,,
2252,276j,276,2,No,A rectangle has perimeter 34cm. Its length is 5cm more than its width. Find the width.,6cm,11cm,17cm,"l+w=17 and l=w+5 give 2w+5=17, so w=6cm.",Use the perimeter formula and the length-width relationship together.,,,,,,,
2253,276k,276,2,No,Find the point of intersection of y=2x+1 and y=-x+7.,"(2,5)","(5,2)","(1,7)","2x+1=-x+7 gives 3x=6, x=2. Then y=5.","Set the two equations equal to each other, then solve for x.",,,,,,,
2254,276k,276,2,No,Find the point of intersection of y=3x-4 and y=x+2.,"(3,5)","(5,3)","(-4,2)","3x-4=x+2 gives 2x=6, x=3. Then y=5.","Set the two equations equal to each other, then solve for x.",,,,,,,
2255,277a,277,1,No,"Round 0.7̇ to 2 decimal places.
(note the recurrence dot)",0.78,0.77,0.7,"0.7̇ = 0.7777..., so to 2 d.p. this is 0.78.",Look at the third decimal digit to decide whether to round up.,,,,,,,
2256,277a,277,2,No,"Round 0.1̇4̇ to 3 decimal places.
(note the recurrence dots)",0.141,0.142,0.14,"0.1̇4̇ = 0.141414..., so to 3 d.p. this is 0.141.",Write out enough digits before rounding.,,,,,,,
2257,277b,277,1,No,"Convert 0.4̇ to a fraction.
(note the recurrence dot)",'4/9,'4/10,'9/4,"0.4̇ has one recurring digit, so the fraction is 4/9.",A single recurring digit d gives d/9.,,{4/9},{4/10},{9/4},,,
2258,277b,277,1,No,"Convert 0.7̇ to a fraction.
(note the recurrence dot)",'7/9,'7/10,'9/7,"0.7̇ has one recurring digit, so the fraction is 7/9.",A single recurring digit d gives d/9.,,{7/9},{7/10},{9/7},,,
2259,277b,277,2,No,"Convert 0.2̇ to a fraction.
(note the recurrence dot)",'2/9,'2/99,'1/9,"0.2̇ has one recurring digit, so the fraction is 2/9.",A single recurring digit d gives d/9.,,{2/9},{2/99},{1/9},,,
2260,277c,277,1,No,"Convert 0.1̇3̇ to a fraction.
(note the recurrence dots)",'13/99,'13/9,'13/100,"Two recurring digits give a denominator of 99, so the fraction is 13/99.",Two recurring digits give a denominator of 99.,,{13/99},{13/9},{13/100},,,
2261,277c,277,2,No,"Convert 0.4̇2̇ to a fraction, giving your answer in its simplest form.
(note the recurrence dots)",'14/33,'42/99,'21/50,"0.4̇2̇ = 42/99, which simplifies to 14/33.","Write over 99 first, then simplify.",,{14/33},{42/99},{21/50},,,
2262,277c,277,3,No,"Convert 0.1̇42̇ to a fraction.
(note the recurrence dots)",'142/999,'142/99,'142/990,"Three recurring digits give a denominator of 999, so the fraction is 142/999.",Three recurring digits give a denominator of 999.,,{142/999},{142/99},{142/990},,,
2263,277d,277,2,No,"Convert 0.16̇ to a fraction, giving your answer in its simplest form.
(note the recurrence dot)",'1/6,'16/90,'15/90,"(16-1)/90 = 15/90, which simplifies to 1/6.",Subtract the non-recurring part before dividing by 90.,,{1/6},{16/90},{15/90},,,
2264,277d,277,3,No,"Convert 0.23̇ to a fraction, giving your answer in its simplest form.
(note the recurrence dot)",'7/30,'23/90,'21/90,"(23-2)/90 = 21/90, which simplifies to 7/30.",Subtract the non-recurring part before dividing by 90.,,{7/30},{23/90},{21/90},,,
2265,277e,277,2,No,"Work out 0.3̇ + 0.6̇.
(note the recurrence dots)",1,0.9̇,0.99,"0.3̇ = 1/3 and 0.6̇ = 2/3, and 1/3 + 2/3 = 1.",Convert each to a fraction first.,,,,,,,
2266,277f,277,3,No,"Work out 0.8̇ ÷ 0.4̇.
(note the recurrence dots)",2,'2/9,0.5,"0.8̇ = 8/9 and 0.4̇ = 4/9, and (8/9) ÷ (4/9) = 2.","Convert each to a fraction, then divide.",,,,,,,
2267,277g,277,3,No,"x = 0.5̇. Work out the value of 10x - x.
(note the recurrence dot)",5,5.5,4.5,"10x = 5.5555... and x = 0.5555..., so 10x - x = 5.","Multiply x by 10 first, then subtract x.",,,,,,,
2268,278a,278,1,No,"Reflect the point (2,5) in the line x=3.","(4,5)","(2,1)","(-2,5)","The x-coordinate reflects across x=3: 2*3-2=4, y stays 5.","Find how far the point is from the line, then go the same distance the other side.",,,,,,,
2269,278a,278,2,No,"Reflect the point (1,4) in the line y=2.","(1,0)","(1,8)","(3,4)","The y-coordinate reflects across y=2: 2*2-4=0, x stays 1.",Only the y-coordinate changes for a horizontal mirror line.,,,,,,,
2270,278a,278,3,No,"Reflect the point (-3,6) in the line x=-1.","(1,6)","(-5,6)","(-3,-8)","2*(-1)-(-3) = 1, y stays 6, so the image is (1,6).","Work out the distance from the point to the line, then double it.",,,,,,,
2271,278b,278,1,No,"Reflect the point (3,7) in the line y=x.","(7,3)","(3,7)","(-7,-3)","Reflecting in y=x swaps the coordinates: (3,7) becomes (7,3).",Swap the x and y coordinates.,,,,,,,
2272,278b,278,2,No,"Reflect the point (2,-5) in the line y=-x.","(5,-2)","(-2,5)","(-5,2)","Reflecting in y=-x swaps and negates the coordinates: (2,-5) becomes (5,-2).",Swap the coordinates and change both signs.,,,,,,,
2273,278b,278,3,No,"Reflect the point (1,5) in the line y=x+2.","(3,3)","(7,-1)","(3,7)","Subtract 2, swap, add 2: new x = 5-2=3, new y = 1+2=3, giving (3,3).",Adjust for the +2 before and after swapping the coordinates.,,,,,,,
2274,279a,279,1,No,"Point P(2,5) reflects to P'(8,5) in a vertical line. Find the line's equation.",x=5,x=3,y=5,The line lies halfway between x=2 and x=8: (2+8)/2=5.,Average the two x-coordinates.,,,,,,,
2275,279a,279,2,No,"Point Q(3,1) reflects to Q'(3,9) in a horizontal line. Find the line's equation.",y=5,y=4,x=5,The line lies halfway between y=1 and y=9: (1+9)/2=5.,Average the two y-coordinates.,,,,,,,
2276,279a,279,3,No,"Point N(1,3) reflects to N'(1,-8) in a horizontal line. Find the line's equation.",y=-2.5,y=-5.5,y=2.5,The line lies halfway between y=3 and y=-8: (3-8)/2=-2.5.,"Average the two y-coordinates, including the negative one.",,,,,,,
2277,279b,279,1,No,"Point R(2,6) reflects to R'(6,2) in a diagonal line. State its equation.",y=x,y=-x,x=4,"The coordinates swap, which is the effect of the line y=x.",Compare how the coordinates have changed places.,,,,,,,
2278,279b,279,2,No,"Point S(1,-4) reflects to S'(4,-1) in a diagonal line. Find its equation.",y=-x,y=x,y=x-3,"The coordinates swap and change sign, which is the effect of the line y=-x.","Check whether the coordinates swap, and whether their signs change.",,,,,,,
2279,279b,279,3,No,"Point U(0,0) reflects to U'(-1,1) in a line y=x+c. Find the value of c.",1,-1,2,"The midpoint (-0.5,0.5) lies on the line, so 0.5=-0.5+c, giving c=1.",The midpoint of the point and its image lies on the mirror line.,,,,,,,
2280,280a,280,1,No,What is the order of rotational symmetry of a square?,4,2,1,A square looks the same 4 times in a full turn.,Think how many times it matches its start position in one turn.,,,,,,,
2281,280a,280,1,No,What is the order of rotational symmetry of an equilateral triangle?,3,2,1,An equilateral triangle looks the same 3 times in a full turn.,Think how many times it matches its start position in one turn.,,,,,,,
2282,280a,280,1,No,What is the order of rotational symmetry of a kite?,1,2,4,A kite only matches its original position after a full 360° turn.,A shape with no rotational symmetry has order 1.,,,,,,,
2283,280a,280,2,No,What is the order of rotational symmetry of a regular hexagon?,6,3,4,A regular hexagon looks the same 6 times in a full turn.,Count the number of equal sides.,,,,,,,
2284,280a,280,2,No,What is the order of rotational symmetry of a rectangle that is not a square?,2,4,1,A rectangle matches its start position twice in a full turn.,Try rotating it 180° and see if it looks the same.,,,,,,,
2285,280a,280,2,No,What is the order of rotational symmetry of a parallelogram?,2,1,4,A parallelogram matches its start position twice in a full turn.,Try rotating it 180° and see if it looks the same.,,,,,,,
2286,280a,280,3,No,What is the order of rotational symmetry of a regular pentagon?,5,4,10,A regular pentagon looks the same 5 times in a full turn.,The order equals the number of equal sides for a regular polygon.,,,,,,,
2287,280a,280,3,No,What is the order of rotational symmetry of the letter Z?,2,1,4,Rotating the letter Z by 180° gives the same shape.,Picture turning the letter upside down.,,,,,,,
2288,280b,280,1,No,Name a regular polygon with rotational symmetry of order 5.,Regular pentagon,Regular hexagon,Regular square,A regular pentagon has 5 equal sides and order 5 symmetry.,Order equals the number of sides for a regular polygon.,,,,,,,
2289,280b,280,2,No,Name a regular polygon with rotational symmetry of order 6.,Regular hexagon,Regular pentagon,Regular octagon,A regular hexagon has 6 equal sides and order 6 symmetry.,Order equals the number of sides for a regular polygon.,,,,,,,
2290,280b,280,2,No,Name a quadrilateral with rotational symmetry order 2 but no line symmetry.,Parallelogram,Square,Kite,A parallelogram has order 2 rotational symmetry but no lines of symmetry.,Think of a slanted quadrilateral with two pairs of parallel sides.,,,,,,,
2291,280b,280,3,No,Which type of triangle has rotational symmetry of order 1 only?,Scalene triangle,Equilateral triangle,Isosceles triangle,"A scalene triangle has no matching sides, so it has no rotational symmetry beyond order 1.",Think of a triangle with three different side lengths.,,,,,,,
2292,281a/b/e,281,1,No,"Rotate the point (3,2) 90° clockwise about the origin. Find the image.","(2,-3)","(-2,3)","(-3,-2)","For 90° clockwise about the origin: (x,y) becomes (y,-x).","Swap the coordinates, then negate the new y-value.",,,,,,,
2293,281a/b/e,281,1,No,"Rotate the point (4,-1) 180° about the origin. Find the image.","(-4,1)","(4,1)","(-1,4)","For 180° about the origin: (x,y) becomes (-x,-y).",Change the sign of both coordinates.,,,,,,,
2294,281a/b/e,281,2,No,"Rotate the point (-2,5) 90° anticlockwise about the origin. Find the image.","(-5,-2)","(5,2)","(2,-5)","For 90° anticlockwise about the origin: (x,y) becomes (-y,x).","Swap the coordinates, then negate the new x-value.",,,,,,,
2295,281a/b/e,281,2,No,"Rotate the point (1,4) 270° clockwise about the origin. Find the image.","(-4,1)","(4,-1)","(-1,-4)","270° clockwise is the same as 90° anticlockwise: (x,y) becomes (-y,x).",270° clockwise gives the same result as 90° anticlockwise.,,,,,,,
2296,281c/d/f,281,3,No,"Rotate the point (5,3) 180° about the point (2,3). Find the image.","(-1,3)","(-1,-3)","(5,-3)","The image is the same distance the other side of the centre: (2*2-5, 2*3-3) = (-1,3).","For 180°, the centre is the midpoint of the point and its image.",,,,,,,
2297,281c/d/f,281,3,No,"Rotate the point (6,2) 90° clockwise about the point (4,2). Find the image.","(4,0)","(4,4)","(2,2)","Move to the centre first: (2,0). Rotate 90cw: (0,-2). Move back: (4,0).","Translate the point so the centre is the origin, rotate, then translate back.",,,,,,,
2298,282a,282,1,No,"A(2,5) maps to A'(5,-2) under a rotation about the origin. State the angle and direction.",90° clockwise,90° anticlockwise,180°,"(2,5) -> (5,-2) matches the rule (x,y) -> (y,-x), which is 90° clockwise.",Check which of the standard rotation rules matches the coordinate change.,,,,,,,
2299,282a,282,2,No,"B(3,-1) maps to B'(-3,1) under a rotation about the origin. State the angle.",180°,90°,270°,"(3,-1) -> (-3,1) matches the rule (x,y) -> (-x,-y), which is 180°.",Check whether both coordinates have simply changed sign.,,,,,,,
2300,282a,282,3,No,"C(-4,2) maps to C'(-2,-4) under a rotation about the origin. State the angle and direction.",90° anticlockwise,90° clockwise,180°,"(-4,2) -> (-2,-4) matches the rule (x,y) -> (-y,x), which is 90° anticlockwise.",Try each standard rotation rule until the coordinates match.,,,,,,,
2301,282b,282,2,No,"D(6,4) maps to D'(-2,0) under a 180° rotation. Find the centre of rotation.","(2,2)","(4,2)","(2,4)","For 180°, the centre is the midpoint: ((6-2)/2,(4+0)/2) = (2,2).",The centre of a 180° rotation is the midpoint of the point and its image.,,,,,,,
2302,282b,282,2,No,"E(1,-3) maps to E'(5,7) under a 180° rotation. Find the centre of rotation.","(3,2)","(2,3)","(6,4)","For 180°, the centre is the midpoint: ((1+5)/2,(-3+7)/2) = (3,2).",The centre of a 180° rotation is the midpoint of the point and its image.,,,,,,,
2303,282c,282,3,No,"F(4,1) rotates about centre (2,1) to F'(2,-1). State the angle and direction.",90° clockwise,90° anticlockwise,180°,"Relative to the centre, (2,0) becomes (0,-2), matching the 90° clockwise rule.","Translate so the centre is the origin, then compare with the standard rules.",,,,,,,
2304,282c,282,3,No,"I(1,4) rotates about centre (1,2) to I'(-1,2). State the angle and direction.",90° anticlockwise,90° clockwise,180°,"Relative to the centre, (0,2) becomes (-2,0), matching the 90° anticlockwise rule.","Translate so the centre is the origin, then compare with the standard rules.",,,,,,,
2305,283a,283,1,No,A model uses a scale of 1:20. A part measures 3cm on the model. Find the real length.,60cm,6cm,0.15cm,Multiply by the scale factor: 3 x 20 = 60cm.,Multiply the model measurement by the second number in the ratio.,,,,,,,
2306,283b,283,1,No,A model uses a scale of 1:20. A real part is 150cm long. Find its length on the model.,7.5cm,3000cm,150cm,Divide by the scale factor: 150 / 20 = 7.5cm.,Divide the real measurement by the second number in the ratio.,,,,,,,
2307,283c,283,2,No,"A real object is 600cm long and its scale drawing is 4cm long. Find the scale, as 1:n.",0.145833333,1.708333333,0.455555556,"Divide: 600 / 4 = 150, so the scale is 1:150.",Divide the real length by the drawing length.,,,,,,,
2308,283c,283,2,No,"A real object is 250cm long and its scale drawing is 5cm long. Find the scale, as 1:n.",1:50,0.909722222,0.211805556,"Divide: 250 / 5 = 50, so the scale is 1:50.",Divide the real length by the drawing length.,,,,,,,
2309,283d,283,2,No,"On a drawing, 2cm represents an actual 80cm. A wall on the drawing is 9cm. Find its actual length.",360cm,180cm,4.5cm,"The scale factor is 80/2=40, so 9 x 40 = 360cm.",Find the scale factor from the given pair first.,,,,,,,
2310,283e,283,3,No,"On a drawing, 2cm represents an actual 3m. Estimate the drawing length for an actual 4.5m tree.",3cm,6.75cm,2.7cm,"The scale factor is 300/2=150cm per cm, so 450/150=3cm.","Find the scale factor, then divide the actual length by it.",,,,,,,
2311,283f,283,1,No,A map has a scale of 1cm to 5km. A distance on the map is 8cm. Find the actual distance.,40km,1.6km,13km,Multiply: 8 x 5 = 40km.,Multiply the map distance by the number of km per cm.,,,,,,,
2312,283f,283,1,No,A map has a scale of 1cm to 2km. A distance on the map is 5.5cm. Find the actual distance.,11km,7.5km,2.75km,Multiply: 5.5 x 2 = 11km.,Multiply the map distance by the number of km per cm.,,,,,,,
2313,283g,283,2,No,A map has a scale of 1cm to 5km. Two towns are 30km apart. Find the distance on the map.,6cm,150cm,25cm,Divide: 30 / 5 = 6cm.,Divide the actual distance by the number of km per cm.,,,,,,,
2314,283h,283,2,No,"A map has a scale of 1:50000. A distance on the map is 4cm. Find the actual distance, in km.",2km,20km,0.2km,"4 x 50000 = 200000cm, and 200000cm = 2km.","Multiply by the scale, then convert cm to km.",,,,,,,
2315,283h,283,2,No,"A map has a scale of 1:100000. A distance on the map is 3.5cm. Find the actual distance, in km.",3.5km,35km,0.35km,"3.5 x 100000 = 350000cm, and 350000cm = 3.5km.","Multiply by the scale, then convert cm to km.",,,,,,,
2316,283i,283,3,No,Two towns 6cm apart on a map are actually 18km apart. A third town is 9cm away. Find its distance.,27km,12km,24km,"The scale is 18/6=3km per cm, so 9 x 3 = 27km.",Use the known pair to find km per cm first.,,,,,,,
2317,284a,284,3,No,Euclid's postulates restrict compass-and-straightedge constructions to which two tools?,Compass and straight edge,Ruler and protractor,Compass and protractor,Euclid's postulates only allow an unmarked straight edge and a compass.,Neither tool used is allowed to have measurement markings.,,,,,,,
2318,284b,284,1,No,Which tool is used to draw an arc of a fixed radius during a construction?,Compass,Ruler,Protractor,A compass is set to a fixed radius and used to draw arcs and circles.,Think about which tool keeps a fixed distance from a point.,,,,,,,
2319,284b,284,3,No,"What word describes points that are all the same distance from a centre, as on a circle?",Equidistant,Concentric,Congruent,Points on a circle are equidistant from the centre.,Think of the word meaning 'equal distance'.,,,,,,,
2320,284c,284,2,No,What is the name for the line that divides a segment into two equal parts at 90°?,Perpendicular bisector,Angle bisector,Diagonal,This line is called the perpendicular bisector.,This construction finds points equidistant from both ends of the segment.,,,,,,,
2321,284d,284,1,No,Bisecting a 60° angle gives an angle of what size?,30°,20°,15°,Bisecting splits the angle in half: 60 / 2 = 30°.,Divide the angle by 2.,,,,,,,
2322,284d,284,2,No,What is the name for a line that splits an angle into two equal angles?,Angle bisector,Perpendicular bisector,Median,This line is called the angle bisector.,This construction finds points equidistant from both arms of the angle.,,,,,,,
2323,284h/k,284,2,No,Adding a constructed 60° angle to a constructed 30° angle gives an angle of what size?,90°,45°,120°,60° + 30° = 90°.,Add the two angle sizes together.,,,,,,,
2324,284h/k,284,2,No,A 60° angle is bisected twice. What is the resulting angle?,15°,30°,7.5°,"60 / 2 = 30, then 30 / 2 = 15°.","Halve the angle, then halve it again.",,,,,,,
2325,284j,284,1,No,Bisecting a 90° angle gives an angle of what size?,45°,30°,60°,Bisecting splits the angle in half: 90 / 2 = 45°.,Divide the angle by 2.,,,,,,,
2326,284j,284,2,No,A 90° angle is bisected twice. What is the resulting angle?,22.5°,45°,11.25°,"90 / 2 = 45, then 45 / 2 = 22.5°.","Halve the angle, then halve it again.",,,,,,,
2327,284k,284,2,No,"To construct a 45° angle, which angle is constructed first and then bisected?",90°,60°,30°,"45° is half of 90°, so a 90° angle is constructed first, then bisected.",Think of a size that halves to give 45°.,,,,,,,
2328,284l,284,3,No,"When constructing a hexagon in a circle, what stays fixed on the compass throughout?",The radius,The diameter,The angle,The compass is kept at the circle's radius to step around the circumference.,The radius of a circle equals the side length of an inscribed regular hexagon.,,,,,,,
2329,285a,285,2,No,What is the general name for a set of points satisfying a given rule in geometry?,Locus,Vector,Region,A locus is the set of all points satisfying a given condition.,This is the key word used throughout this topic.,,,,,,,
2330,285b,285,2,No,The locus of points equidistant from two intersecting lines is called the ___.,Angle bisector,Perpendicular bisector,Diagonal,Points equidistant from two lines lie on their angle bisector.,Think of the construction that finds points equally far from two lines.,,,,,,,
2331,285c,285,2,No,The locus of points a fixed distance from a straight line forms two lines that are ___ to it.,Parallel,Perpendicular,Diagonal,Points a fixed distance from a line form a matching line either side.,Picture a line drawn a constant width away from the original.,,,,,,,
2332,285d,285,3,No,The locus a fixed distance from a line segment has straight sides plus what shape at each end?,Semicircles,Squares,Triangles,Each end of the segment adds a rounded semicircle to the locus.,Think about what happens to the locus as it wraps around each endpoint.,,,,,,,
2333,285d,285,3,No,The locus a fixed distance from a rectangle has straight sides plus what shape at each corner?,Quarter circles,Semicircles,Right angles,Each corner of the rectangle adds a rounded quarter circle to the locus.,Think about how much of a full turn each corner adds.,,,,,,,
2334,285e,285,1,No,The locus of points a fixed distance from a single point forms what shape?,Circle,Square,Straight line,Every point the same distance from a centre lies on a circle.,Picture a compass drawing all the points at once.,,,,,,,
2335,285e,285,1,No,A locus is formed by points 5cm from a fixed point P. What is its radius?,5cm,10cm,2.5cm,"The locus is a circle of radius equal to the fixed distance, 5cm.",The fixed distance from the point is the radius.,,,,,,,
2336,285e,285,2,No,The locus of points equidistant from two given points is called the ___ of the line joining them.,Perpendicular bisector,Angle bisector,Midpoint,Points equidistant from two points lie on the perpendicular bisector.,Think of the construction that finds points equally far from two points.,,,,,,,
2337,285e,285,2,No,A locus is equidistant from two parallel lines 6cm apart. How far is it from each line?,3cm,6cm,1.5cm,The locus lies exactly halfway between the lines: 6 / 2 = 3cm.,Halve the distance between the two lines.,,,,,,,
2338,285e,285,3,No,"Points A(0,0) and B(6,0) are equidistant from a vertical locus line. Find its equation.",x=3,x=6,y=3,"The locus is the perpendicular bisector, halfway between x=0 and x=6.",Average the two x-coordinates.,,,,,,,
2339,285f,285,3,No,"A locus is equidistant from A and B, and within 4cm of A. Name the first locus alone.",Perpendicular bisector,Circle,Angle bisector,Being equidistant from two points alone gives the perpendicular bisector.,Consider each condition separately before combining them.,,,,,,,
2340,285f,285,3,No,The region between two concentric circles of radius 3cm and 7cm is called what shape?,Annulus,Sector,Segment,The ring-shaped region between two circles sharing a centre is an annulus.,This shape looks like a ring or a washer.,,,,,,,
2341,286a,286,2,No,An equilateral triangle is constructed from one edge of 6cm. Find the other two side lengths.,6cm and 6cm,3cm and 3cm,6cm and 3cm,"All three sides of an equilateral triangle are equal, so both other sides are 6cm.",All sides of an equilateral triangle are equal.,,,,,,,
2342,286b/c,286,1,No,Which construction method uses two angles and one side?,ASA,SSS,SAS,ASA stands for angle-side-angle.,Look at the letters: which two match 'angle'?,,,,,,,
2343,286b/c,286,2,No,"In an ASA construction, two angles are 50° and 70°. Find the third angle.",60°,70°,50°,Angles in a triangle sum to 180°: 180 - 50 - 70 = 60°.,Subtract both known angles from 180°.,,,,,,,
2344,286b/c,286,3,No,Which combination of two sides and a non-included angle can give two possible triangles?,SSA,SAS,ASA,"SSA (side-side-angle) is the ambiguous case, which can sometimes fit two different triangles.",This is known as the ambiguous case in triangle construction.,,,,,,,
2345,286d,286,1,No,Which construction method uses three sides only?,SSS,SAS,ASA,SSS stands for side-side-side.,All three letters are the same for this method.,,,,,,,
2346,286d,286,2,No,"Can a triangle be constructed with sides 3cm, 4cm and 9cm?",No,Yes,Only a right-angled one,"3 + 4 = 7, which is less than 9, so no triangle can be formed.",Check whether the two shorter sides add up to more than the longest side.,,,,,,,
2347,286d,286,2,No,"Can a triangle be constructed with sides 5cm, 6cm and 8cm?",Yes,No,Only an isosceles one,"5 + 6 = 11, which is more than 8, so the triangle can be formed.",Check whether the two shorter sides add up to more than the longest side.,,,,,,,
2348,286e,286,1,No,Which construction method uses two sides and the angle between them?,SAS,ASA,SSS,"SAS stands for side-angle-side, with the angle included between the sides.",The angle sits between the two given sides.,,,,,,,
2349,286f,286,1,No,Which method uses the hypotenuse and one other side of a right-angled triangle?,RHS,SSS,SAS,RHS stands for right angle-hypotenuse-side.,"Think of the letters for right angle, hypotenuse, side.",,,,,,,
2350,286f,286,3,No,A right-angled triangle (RHS) has hypotenuse 13cm and one other side 5cm. Find the third side.,12cm,8cm,18cm,"Using Pythagoras: 13^2 - 5^2 = 169 - 25 = 144, and the square root of 144 is 12cm.","Use Pythagoras' theorem, rearranged to find a shorter side.",,,,,,,
2351,286f,286,3,No,A right-angled triangle (RHS) has hypotenuse 10cm and one other side 6cm. Find the third side.,8cm,4cm,16cm,"Using Pythagoras: 10^2 - 6^2 = 100 - 36 = 64, and the square root of 64 is 8cm.","Use Pythagoras' theorem, rearranged to find a shorter side.",,,,,,,
2352,286g,286,2,No,A parallelogram is constructed with a 70° angle. Find the size of the adjacent angle.,110°,70°,180°,Adjacent angles in a parallelogram sum to 180°: 180 - 70 = 110°.,Adjacent angles in a parallelogram are supplementary.,,,,,,,
2353,288a,288,1,No,A right triangle has legs 6cm and 8cm. Find the hypotenuse.,10cm,14cm,48cm,"6^2 + 8^2 = 36 + 64 = 100, and the square root of 100 is 10cm.","Square both legs, add them, then square root.",,,,,,,
2354,288b,288,1,No,A right triangle has hypotenuse 15cm and one leg 9cm. Find the other leg.,12cm,6cm,24cm,"15^2 - 9^2 = 225 - 81 = 144, and the square root of 144 is 12cm.","Square the hypotenuse, subtract the known leg squared, then square root.",,,,,,,
2355,288c,288,2,No,"Can a triangle with sides 8cm, 15cm and 17cm be right-angled?",Yes,No,Only if it's isosceles,"8^2 + 15^2 = 64 + 225 = 289, and 17^2 = 289, so it is right-angled.",Check whether the two shorter sides squared sum to the longest side squared.,,,,,,,
2356,288d,288,2,No,An isosceles triangle has base 8cm and equal sides 5cm. Find its height.,3cm,4cm,6cm,"Half the base is 4cm, so 5^2 - 4^2 = 9, and the square root of 9 is 3cm.",Split the triangle in half to make a right-angled triangle.,,,,,,,
2357,288e,288,2,No,An isosceles triangle has base 10cm and equal sides 13cm. Find its area.,60cm²,65cm²,120cm²,"The height is 12cm (13^2-5^2=144), so the area is 0.5 x 10 x 12 = 60cm².","Find the height using Pythagoras, then use the area formula.",,,,,,,
2358,288f,288,2,No,A right triangle has area 24cm² and one leg 6cm. Find the other leg.,8cm,4cm,12cm,"Area = 0.5 x base x height, so 24 = 0.5 x 6 x h, giving h = 8cm.",Rearrange the area formula to find the missing leg.,,,,,,,
2359,288g,288,3,No,A kite's diagonals cross at right angles. One diagonal is 16cm and a side is 10cm. Find its area.,96cm²,80cm²,160cm²,"Half the diagonal (8cm) and the side (10cm) give the other half-diagonal: 6cm, so area = 0.5x16x12=96cm².",Use Pythagoras on half the kite to find the missing half-diagonal.,,,,,,,
2360,288h,288,1,No,A ship sails 6km north then 8km east. Find its distance from the start.,10km,14km,48km,"6^2 + 8^2 = 100, and the square root of 100 is 10km.",Treat the two legs of the journey as the sides of a right triangle.,,,,,,,
2361,288i,288,2,No,A right triangle plot has legs 6m and 8m. Fencing costs $5/m. Find the total fencing cost.,$120 ,$100 ,$70 ,"The hypotenuse is 10m, so the perimeter is 24m, and 24 x 5 = $120.","Find the hypotenuse first, then add all three sides before multiplying by the cost.",,,,,,,
2362,288j,288,2,No,A right triangle plot has legs 9m and 12m. Turf costs $3/m². Find the total turfing cost.,$162 ,$135 ,$108 ,"The area is 0.5 x 9 x 12 = 54m², and 54 x 3 = $162.","Find the area of the triangle, then multiply by the cost per square metre.",,,,,,,
2363,288k,288,3,No,A right triangle has hypotenuse 10cm and base 6cm. Its height is the base of a second right triangle with hypotenuse 17cm. Find its other side.,15cm,13cm,9cm,"The height is 8cm (10^2-6^2=64), then 17^2-8^2=225, and the square root of 225 is 15cm.","Find the shared side first, then use it in the second triangle.",,,,,,,
2364,288l,288,3,No,"Two right triangles share a hypotenuse of 20cm. One has a shorter side of 12cm, the other 16cm. Find the total of their other sides.",28cm,20cm,32cm,"The sides are 16cm (20^2-12^2=256) and 12cm (20^2-16^2=144), which total 28cm.","Apply Pythagoras separately to each triangle, then add the results.",,,,,,,
2365,288m,288,2,No,A large right triangle has legs 9cm and 12cm. A similar smaller triangle inside has legs 3cm and 4cm. Find its hypotenuse.,5cm,7cm,6cm,"3^2 + 4^2 = 25, and the square root of 25 is 5cm.",Apply Pythagoras to the smaller triangle's own legs.,,,,,,,
2366,288n,288,2,No,A 6cm by 8cm rectangle is inscribed in a circle. Find the circle's radius.,5cm,7cm,10cm,"The diagonal is 10cm (6^2+8^2=100), and this is the diameter, so the radius is 5cm.",The rectangle's diagonal is the circle's diameter.,,,,,,,
2367,288o,288,3,No,A right triangle has legs 6cm and 8cm. A semicircle sits on the hypotenuse. Find the semicircle's arc length to 1 d.p.,15.7cm,31.4cm,10cm,"The hypotenuse (10cm) is the diameter, so the radius is 5cm, and arc length = pi x 5 = 15.7cm.","Find the hypotenuse first, then use it as the diameter of the semicircle.",,,,,,,
2368,288p,288,3,No,A right triangle has legs 6cm and 8cm. A semicircle sits on the hypotenuse. Find the semicircle's area to 1 d.p.,39.3cm²,78.5cm²,19.6cm²,"The hypotenuse (10cm) gives a radius of 5cm, so area = 0.5 x pi x 5^2 = 39.3cm².","Find the hypotenuse first, then use it to find the radius for the area formula.",,,,,,,
2369,288q,288,3,No,"A right-angled trapezium has parallel sides 5cm and 9cm, and height 3cm. Find the slanted side.",5cm,4cm,6cm,"The horizontal offset is 4cm (9-5), so 3^2+4^2=25, and the square root of 25 is 5cm.",Find the horizontal gap between the parallel sides first.,,,,,,,
2370,288r,288,2,No,"A polygon is formed from two right triangles with legs 3cm,4cm and 6cm,8cm. Find the total of both hypotenuses.",15cm,14cm,17cm,"The hypotenuses are 5cm and 10cm, which total 15cm.","Apply Pythagoras separately to each triangle, then add the results.",,,,,,,
2371,288s,288,3,No,A square has a diagonal of 10cm. Find its side length to 1 d.p.,7.1cm,5cm,14.1cm,"Using Pythagoras, 2 x side^2 = 10^2, so side = the square root of 50, which is 7.1cm.",The diagonal splits the square into two right-angled triangles with equal legs.,,,,,,,
2372,288u,288,3,No,"Two circles of radius 4cm and 9cm touch externally, so their centres are 13cm apart. Find the common tangent length.",12cm,10cm,5cm,"13^2 - 5^2 = 144 (using the radius difference of 5cm), and the square root of 144 is 12cm.",Use the distance between centres as the hypotenuse and the radius difference as one leg.,,,,,,,
2373,288v,288,3,No,"In a proof of Pythagoras, an inner tilted square has side c, where a=3 and b=4. Find the area of the inner square.",25cm²,7cm²,12cm²,The inner square's area equals c^2 = a^2 + b^2 = 9 + 16 = 25cm².,The area of the tilted inner square equals c squared.,,,,,,,
2374,289a,289,1,No,"Find the distance between the points (1,2) and (4,6).",5,7,10,"The differences are 3 and 4, so 3^2+4^2=25, and the square root of 25 is 5.","Find the horizontal and vertical differences, then use Pythagoras.",,,,,,,
2375,289a,289,2,No,"Find the distance between the points (-2,3) and (4,-5).",10,8,14,"The differences are 6 and 8, so 6^2+8^2=100, and the square root of 100 is 10.","Find the horizontal and vertical differences, then use Pythagoras.",,,,,,,
2376,289a,289,3,No,"Find the distance between the points (2,-3) and (14,2).",13,17,11,"The differences are 12 and 5, so 12^2+5^2=169, and the square root of 169 is 13.","Find the horizontal and vertical differences, then use Pythagoras.",,,,,,,
2377,289b,289,2,No,"A rectangle has one side from (1,1) to (4,5); its other side is 6cm. Find the perimeter.",22,16,30,"The known side is 5cm (3^2+4^2=25), so the perimeter is 2 x (5+6) = 22.",Find the tilted side length first using Pythagoras.,,,,,,,
2378,289b,289,3,No,"A rectangle has one side from (0,0) to (7,24); its other side is 4cm. Find the perimeter.",58,50,46,"The known side is 25cm (7^2+24^2=625), so the perimeter is 2 x (25+4) = 58.",Find the tilted side length first using Pythagoras.,,,,,,,
2379,289c,289,3,No,"A rectangle has vertices A(0,0), B(3,4), C(-5,10), D(-8,6). Find its perimeter.",30,26,34,"AB=5 (3^2+4^2=25) and BC=10 ((-8)^2+6^2=100), so the perimeter is 2 x (5+10) = 30.","Find two adjacent side lengths using Pythagoras, then double their sum.",,,,,,,
2380,290a,290,1,No,Two shapes are congruent if they are the same shape and the same what?,Size,Colour,Orientation,Congruent shapes must match exactly in both shape and size.,Think about what stays fixed even if the shape is rotated or flipped.,,,,,,,
2381,290a,290,2,No,"If two shapes are congruent, does their orientation have to match?",No,Yes,Only if reflected,Congruent shapes can be rotated or reflected and remain congruent.,"Congruent shapes just need matching size and shape, not the same facing direction.",,,,,,,
2382,290a,290,2,No,A shape is enlarged by scale factor 2. Is the new shape congruent to the original?,No,Yes,Only if it's a square,"Enlargement changes size, so the shapes are similar but not congruent.",Congruent shapes must be exactly the same size.,,,,,,,
2383,290a,290,1,No,A shape is reflected to form its mirror image. Is the image congruent to the original?,Yes,No,Only if symmetrical,"Reflections preserve size and shape, so the image is congruent to the original.","Reflections don't change size, only orientation.",,,,,,,
2384,290b,290,1,No,Triangle A is congruent to Triangle B. Angle A is 55°. Find the corresponding angle in B.,55°,35°,110°,Congruent shapes have exactly matching angles.,Congruent shapes preserve every angle and length.,,,,,,,
2385,290b,290,2,No,Triangle A is congruent to Triangle B. Side AB is 7cm. Find the corresponding side in B.,7cm,3.5cm,14cm,Congruent shapes have exactly matching side lengths.,Congruent shapes preserve every angle and length.,,,,,,,
2386,290b,290,3,No,Quadrilateral A is congruent to Quadrilateral B. A has a 100° angle and a 12cm side. Find these in B.,100° and 12cm,50° and 6cm,100° and 6cm,Congruent shapes have exactly matching angles and side lengths throughout.,"Congruent shapes preserve every angle and length, not just some.",,,,,,,
2387,290c,290,1,No,Two triangles share all three equal sides. Which rule proves they are congruent?,SSS,SAS,ASA,Three matching sides is enough to prove congruence: SSS.,"This rule uses only side lengths, no angles.",,,,,,,
2388,290c,290,2,No,Two triangles share two equal sides and the equal angle between them. Which rule applies?,SAS,ASA,SSS,Two sides and the included angle prove congruence: SAS.,The angle sits between the two given sides.,,,,,,,
2389,290c,290,2,No,Two right-angled triangles share an equal hypotenuse and one equal shorter side. Which rule applies?,RHS,SAS,ASA,"A right angle, hypotenuse and one side prove congruence: RHS.",This rule only applies to right-angled triangles.,,,,,,,
2390,290c,290,3,No,Two triangles share two equal angles and a corresponding equal side. Which rule applies?,ASA,SAS,SSS,Two angles and a corresponding side prove congruence: ASA.,The side does not have to be between the two angles for this rule.,,,,,,,
2391,290c,290,3,No,Two triangles share three equal angles but different side lengths. Are they congruent?,No,Yes,Only if isosceles,"Matching angles alone (AAA) only proves similarity, not congruence.",Congruent shapes must match in size as well as angles.,,,,,,,
2392,291a,291,1,No,"Shape A has angles 50°, 70° and 60°. Similar Shape B has a corresponding angle. Find the 70° angle's match in B.",70°,35°,140°,Similar shapes have exactly matching angles.,"Similar shapes preserve every angle, only the size changes.",,,,,,,
2393,291a,291,2,No,Shape A has a right angle. Shape B is similar to A. What is the corresponding angle in B?,90°,45°,180°,Similar shapes have exactly matching angles.,"Similar shapes preserve every angle, only the size changes.",,,,,,,
2394,291b,291,2,No,Triangle A has angles 40° and 65°. Similar Triangle B shares these two angles. Find B's third angle.,75°,95°,65°,Angles sum to 180°: 180 - 40 - 65 = 75°.,Subtract both known angles from 180°.,,,,,,,
2395,291b,291,3,No,Triangle A has one angle of 90° and another of 35°. Similar Triangle B shares these. Find B's third angle.,55°,65°,45°,Angles sum to 180°: 180 - 90 - 35 = 55°.,Subtract both known angles from 180°.,,,,,,,
2396,291c,291,1,No,A shape has a side of 4cm. A similar shape has the corresponding side 10cm. Find the scale factor.,2.5,6,0.4,Divide: 10 / 4 = 2.5.,Divide the new length by the original length.,,,,,,,
2397,291c,291,2,No,A shape has a side of 8cm. A similar shape has the corresponding side 6cm. Find the scale factor.,0.75,1.33,2,Divide: 6 / 8 = 0.75.,Divide the new length by the original length.,,,,,,,
2398,291c,291,3,No,A shape's perimeter is 20cm. A similar shape's perimeter is 50cm. Find the scale factor.,2.5,30,0.4,Divide: 50 / 20 = 2.5.,The scale factor works the same way for perimeters as for individual sides.,,,,,,,
2399,291d,291,1,No,"Are all squares similar to each other, regardless of size?",Yes,No,Only if congruent,"All squares have equal angles (90°) and sides in the same ratio, so they are always similar.",Similar shapes just need matching angles and proportional sides.,,,,,,,
2400,291d,291,2,No,"Are all rectangles similar to each other, regardless of size?",No,Yes,Only if squares,"Rectangles can have different side ratios, so they aren't always similar.",Check whether the ratio of the sides is always the same.,,,,,,,
2401,291d,291,3,No,"Are all equilateral triangles similar to each other, regardless of size?",Yes,No,Only if congruent,"All equilateral triangles have equal 60° angles and equal side ratios, so they are always similar.",Similar shapes just need matching angles and proportional sides.,,,,,,,
2402,291e,291,2,No,"Shape A has sides 3cm, 4cm, 5cm. Shape B has sides 6cm, 8cm, 11cm. Are they similar?",No,Yes,Only two sides match,"The ratios are 2, 2 and 2.2, which are not all equal, so the shapes are not similar.",Check whether all corresponding sides share the same ratio.,,,,,,,
2403,291e,291,3,No,"Shape A has sides 5cm, 7cm, 9cm. Shape B has sides 10cm, 14cm, 18cm. Are they similar?",Yes,No,Only if angles match,"The ratios are all 2, so the shapes are similar.",Check whether all corresponding sides share the same ratio.,,,,,,,
2404,292a,292,1,No,Shape A has sides 4cm and 6cm. Similar Shape B has a corresponding side of 6cm. Find the other side of B.,9cm,4cm,8cm,"The scale factor is 6/4=1.5, so 6 x 1.5 = 9cm.",Find the scale factor first from the known pair of sides.,,,,,,,
2405,292b,292,2,No,Two similar triangles share a vertex. The small triangle's legs are 3cm and 5cm; the large one's matching leg is 9cm. Find its other leg.,15cm,10cm,12cm,"The scale factor is 9/3=3, so 5 x 3 = 15cm.",Find the scale factor first from the known pair of sides.,,,,,,,
2406,292c,292,2,No,"A small triangle (base 4cm, height 6cm) sits inside a similar large triangle with height 12cm. Find the large triangle's base.",8cm,6cm,24cm,"The scale factor is 12/6=2, so 4 x 2 = 8cm.",Find the scale factor from the heights first.,,,,,,,
2407,292d,292,2,No,Two similar shapes have perimeters 20cm and 30cm. The smaller shape has a side of 8cm. Find the matching side on the larger shape.,12cm,10cm,16cm,"The scale factor is 30/20=1.5, so 8 x 1.5 = 12cm.",Use the perimeters to find the scale factor first.,,,,,,,
2408,292d,292,3,No,Two similar shapes have perimeters 16cm and 24cm. The smaller shape has a side of 5cm. Find the matching side on the larger shape.,7.5cm,8cm,7cm,"The scale factor is 24/16=1.5, so 5 x 1.5 = 7.5cm.",Use the perimeters to find the scale factor first.,,,,,,,
2409,292e,292,3,No,A 4cm by 6cm photo is enlarged by scale factor 2.5 to fit a 10cm by 12cm frame. How much of the longer side is trimmed?,3cm,5cm,2cm,"The enlarged photo is 10cm x 15cm, so 15 - 12 = 3cm must be trimmed.","Enlarge both sides first, then compare to the frame size.",,,,,,,
2410,292f,292,3,No,"A triangle has base 20cm, height 15cm. A similar triangle is cut from the top with base 8cm. Find the remaining trapezium's height.",9cm,6cm,12cm,"The small triangle's height is 6cm (15x8/20), so the remaining height is 15-6=9cm.","Find the small triangle's height using the scale factor, then subtract.",,,,,,,
2411,292h,292,3,No,Right triangle A has legs 3cm and 4cm. Similar Triangle B is enlarged by scale factor 4. Find B's hypotenuse.,20cm,16cm,28cm,"B's legs are 12cm and 16cm, and 12^2+16^2=400, so the hypotenuse is 20cm.","Enlarge both legs first, then use Pythagoras.",,,,,,,
2412,292i,292,2,No,A 24cm line is split by a point in the ratio 1:3 using similar triangles. Find the shorter part.,6cm,8cm,18cm,"The ratio 1:3 has 4 total parts, so the shorter part is 24 / 4 = 6cm.",Divide the total length by the total number of parts in the ratio.,,,,,,,
2413,292i,292,3,No,A 30cm line is split by a point in the ratio 2:3 using similar triangles. Find the longer part.,18cm,12cm,20cm,"The ratio 2:3 has 5 total parts, so the longer part is 30 x 3/5 = 18cm.","Divide the total length by the total number of parts, then scale up.",,,,,,,
2414,294a,294,1,No,A shape has a side of 3cm. Its enlarged image has the corresponding side 9cm. Find the scale factor.,3,6,27,Divide: 9 / 3 = 3.,Divide the image length by the original length.,,,,,,,
2415,294a,294,1,No,A shape has a side of 5cm. Its enlarged image has the corresponding side 20cm. Find the scale factor.,4,15,25,Divide: 20 / 5 = 4.,Divide the image length by the original length.,,,,,,,
2416,294a,294,2,No,A shape has a side of 7cm. Its enlarged image has the corresponding side 21cm. Find the scale factor.,3,14,28,Divide: 21 / 7 = 3.,Divide the image length by the original length.,,,,,,,
2417,294b,294,2,No,"Point (2,3) maps to (6,9) under an enlargement centred at the origin. Find the scale factor.",3,2,6,Divide each coordinate by the original: 6/2=3 and 9/3=3.,Compare each coordinate to the equivalent original coordinate.,,,,,,,
2418,294b,294,2,No,"Point (1,4) maps to (3,12) under an enlargement centred at the origin. Find the scale factor.",3,4,12,Divide each coordinate by the original: 3/1=3 and 12/4=3.,Compare each coordinate to the equivalent original coordinate.,,,,,,,
2419,294b,294,3,No,"Point (3,-1) maps to (9,-3) under an enlargement centred at the origin. State the scale factor and centre.","3, origin","3, (3,-1)","9, origin","Dividing gives a scale factor of 3, and both original and image lie on lines through the origin.",Check whether the image coordinates are a multiple of the original ones.,,,,,,,
2420,294b,294,3,No,"Point (4,1) maps to (10,-5) under an enlargement centred at (1,4). Find the scale factor.",3,2,6,"The vector from centre to point is (3,-3); the vector to the image is (9,-9), which is 3 times as long.",Compare the vector from the centre to the point with the vector from the centre to the image.,,,,,,,
2421,295b,295,2,No,"Enlarge the point (4,1) by scale factor 2, centred at (1,1) (a vertex of the shape). Find the image.","(7,1)","(9,1)","(5,1)","Move to the centre: (3,0). Scale by 2: (6,0). Move back: (7,1).","Translate so the centre is the origin, scale, then translate back.",,,,,,,
2422,295c,295,1,No,"Enlarge the point (2,3) by scale factor 3, centred at the origin. Find the image.","(6,9)","(5,6)","(2,3)","Multiply each coordinate by the scale factor: (2x3,3x3)=(6,9).",Multiply both coordinates by the scale factor when the centre is the origin.,,,,,,,
2423,295c,295,1,No,"Enlarge the point (-1,4) by scale factor 2, centred at the origin. Find the image.","(-2,8)","(1,8)","(-1,8)","Multiply each coordinate by the scale factor: (-1x2,4x2)=(-2,8).",Multiply both coordinates by the scale factor when the centre is the origin.,,,,,,,
2424,295c,295,2,No,"Enlarge the point (5,-2) by scale factor 4, centred at the origin. Find the image.","(20,-8)","(9,2)","(20,2)","Multiply each coordinate by the scale factor: (5x4,-2x4)=(20,-8).",Multiply both coordinates by the scale factor when the centre is the origin.,,,,,,,
2425,295d,295,2,No,"Enlarge the point (0,-2) by scale factor 3, centred at (-2,-2), which is outside the shape. Find the image.","(4,-2)","(-6,-2)","(2,-2)","Move to the centre: (2,0). Scale by 3: (6,0). Move back: (4,-2).","Translate so the centre is the origin, scale, then translate back.",,,,,,,
2426,295e,295,3,No,"Enlarge the point (4,5) by scale factor 2, centred at (2,3), which is inside the shape. Find the image.","(6,7)","(8,10)","(6,10)","Move to the centre: (2,2). Scale by 2: (4,4). Move back: (6,7).","Translate so the centre is the origin, scale, then translate back.",,,,,,,
2427,296a,296,1,No,A shape's side is 8cm. Its image is 2cm. Find the scale factor as a unit fraction.,'1/4,'1/2,4,Divide: 2 / 8 = 1/4.,Divide the image length by the original length.,,,,,,,
2428,296a,296,2,No,"Point (8,12) maps to (2,3) under an enlargement centred at the origin. Find the scale factor.",'1/4,'1/3,4,Divide each coordinate by the original: 2/8=1/4 and 3/12=1/4.,Compare each coordinate to the equivalent original coordinate.,,,,,,,
2429,296b,296,2,No,A shape's side is 12cm. Its image is 8cm. Find the scale factor as a fraction less than one.,'2/3,'3/4,'3/2,Divide: 8 / 12 = 2/3.,Divide the image length by the original length.,,,,,,,
2430,296b,296,3,No,"Point (8,2) maps to (6,2) under an enlargement centred at (2,2). Find the scale factor.",'2/3,'3/4,'3/2,"The vector from the centre to the point is (6,0); to the image it is (4,0), which is 2/3 of the original.",Compare the vector from the centre to the point and to the image.,,,,,,,
2431,296c,296,1,No,A shape's side is 8cm. Its image is 12cm. Find the scale factor as a fraction greater than one.,'3/2,'2/3,'4/3,Divide: 12 / 8 = 3/2.,Divide the image length by the original length.,,,,,,,
2432,296c,296,2,No,"Point (4,2) maps to (10,5) under an enlargement centred at the origin. Find the scale factor.",'5/2,'2/5,'3/2,Divide each coordinate by the original: 10/4=5/2 and 5/2=5/2.,Compare each coordinate to the equivalent original coordinate.,,,,,,,
2433,296c,296,3,No,"Point (5,3) maps to (7,4) under an enlargement centred at (1,1). Find the scale factor.",'3/2,'2/3,2,"The vector from the centre to the point is (4,2); to the image it is (6,3), which is 3/2 of the original.",Compare the vector from the centre to the point and to the image.,,,,,,,
2434,297a,297,1,No,"Enlarge the point (6,8) by scale factor 1/2, centred at the origin. Find the image.","(3,4)","(12,16)","(6,4)","Multiply each coordinate by 1/2: (6x1/2,8x1/2)=(3,4).",Multiply both coordinates by the fraction when the centre is the origin.,,,,,,,
2435,297a,297,1,No,"Enlarge the point (9,6) by scale factor 1/3, centred at the origin. Find the image.","(3,2)","(27,18)","(6,3)","Multiply each coordinate by 1/3: (9x1/3,6x1/3)=(3,2).",Multiply both coordinates by the fraction when the centre is the origin.,,,,,,,
2436,297a,297,2,No,"Enlarge the point (10,2) by scale factor 1/4, centred at (2,2). Find the image.","(4,2)","(2,2)","(3,2)","Move to the centre: (8,0). Scale by 1/4: (2,0). Move back: (4,2).","Translate so the centre is the origin, scale, then translate back.",,,,,,,
2437,297b,297,2,No,"Enlarge the point (9,6) by scale factor 2/3, centred at the origin. Find the image.","(6,4)","(13.5,9)","(3,2)","Multiply each coordinate by 2/3: (9x2/3,6x2/3)=(6,4).",Multiply both coordinates by the fraction when the centre is the origin.,,,,,,,
2438,297b,297,3,No,"Enlarge the point (9,5) by scale factor 3/4, centred at (1,1). Find the image.","(7,4)","(6.75,3.75)","(8,4)","Move to the centre: (8,4). Scale by 3/4: (6,3). Move back: (7,4).","Translate so the centre is the origin, scale, then translate back.",,,,,,,
2439,297c,297,1,No,"Enlarge the point (4,6) by scale factor 3/2, centred at the origin. Find the image.","(6,9)","(2.7,4)","(8,12)","Multiply each coordinate by 3/2: (4x3/2,6x3/2)=(6,9).",Multiply both coordinates by the fraction when the centre is the origin.,,,,,,,
2440,297c,297,2,No,"Enlarge the point (2,4) by scale factor 5/2, centred at the origin. Find the image.","(5,10)","(0.8,1.6)","(7,9)","Multiply each coordinate by 5/2: (2x5/2,4x5/2)=(5,10).",Multiply both coordinates by the fraction when the centre is the origin.,,,,,,,
2441,298a,298,1,No,Evaluate 2^-3.,'1/8,-8,8,2^-3 = 1/2^3 = 1/8.,A negative power means one over the positive power.,Evaluate 2^{-3}.,{1/8},,,,,
2442,298a,298,1,No,Evaluate 5^-2.,'1/25,-10,10,5^-2 = 1/5^2 = 1/25.,A negative power means one over the positive power.,Evaluate 5^{-2}.,{1/25},,,,,
2443,298a,298,2,No,Evaluate 3^-4.,'1/81,-12,12,3^-4 = 1/3^4 = 1/81.,A negative power means one over the positive power.,Evaluate 3^{-4}.,{1/81},,,,,
2444,298b,298,2,No,"Evaluate (2/3)^-2, giving your answer as a fraction.",2 and 1/4,'4/9,'9/2,Flip the fraction and make the power positive: (3/2)^2 = 9/4.,"Flip the fraction upside down, then use a positive power.","Evaluate (2/3)^{-2}, giving your answer as a fraction.",2{1/4},,,,,
2445,298b,298,1,No,Evaluate (1/2)^-3.,8,'1/8,-8,Flip the fraction and make the power positive: 2^3 = 8.,"Flip the fraction upside down, then use a positive power.",Evaluate (1/2)^{-3}.,,,,,,
2446,298c,298,2,No,Evaluate 0.2^-2.,25,'1/25,-25,"0.2 = 1/5, so (1/5)^{-2} = 5^2 = 25.",Convert the decimal to a fraction first.,Evaluate 0.2^{-2}.,,,,,,
2447,298c,298,2,No,Evaluate 0.5^-3.,8,'1/8,-8,"0.5 = 1/2, so (1/2)^{-3} = 2^3 = 8.",Convert the decimal to a fraction first.,Evaluate 0.5^{-3}.,,,,,,
2448,298d,298,1,No,Write x^-3 as a fraction.,'1/x^3,#NAME?,'x^3,A negative power means one over the positive power: x^-3 = 1/x^3.,A negative power means one over the positive power.,Write x^{-3} as a fraction.,{1/x^3},,,,,
2449,298d,298,2,No,Write (2x)^-2 as a fraction.,'1/4x^2,'1/2x^2,'2/x^2,(2x)^-2 = 1/(2x)^2 = 1/4x^2.,"Square the whole bracket, including the 2, before flipping.",Write (2x)^{-2} as a fraction.,{1/4x^2},,,,,
2450,298e,298,1,No,Write 1/x^5 as a power of x.,x^-5,x^5,'5/x,1/x^5 has the same value as x^-5.,A term on the bottom of a fraction becomes a negative power.,Write 1/x^5 as a power of x.,x^{-5},,,,,
2451,298f,298,2,No,Write (2x/y)^-1 as a fraction.,'y/2x,'2x/y,'2/xy,Flip the fraction and make the power positive: y/(2x).,"Flip the fraction upside down, then use a positive power.",Write (2x/y)^{-1} as a fraction.,{y/2x},,,,,
2452,298f,298,3,No,Write (a/b)^-3 as a fraction.,'b^3/a^3,'a^3/b^3,'b/a,Flip the fraction and make the power positive: b^3/a^3.,"Flip the fraction upside down, then use a positive power.",Write (a/b)^{-3} as a fraction.,{b^3/a^3},,,,,
2453,298g,298,2,No,2^x = 1/16. Find x.,-4,4,-8,"1/16 = 2^-4, so x = -4.",Write 1/16 as a power of 2 first.,,,,,,,
2454,298g,298,2,No,5^n = 1/125. Find n.,-3,3,-5,"1/125 = 5^-3, so n = -3.",Write 1/125 as a power of 5 first.,,,,,,,
2455,298h,298,2,No,b^-2 = 1/9. Find b.,3,9,-3,"1/9 = 3^{-2}, so b = 3.",Find which number squared gives the denominator.,b^{-2} = 1/9. Find b.,,,,,,
2456,298h,298,2,No,b^-3 = 1/64. Find b.,4,64,-4,"1/64 = 4^{-3}, so b = 4.",Find which number cubed gives the denominator.,b^{-3} = 1/64. Find b.,,,,,,
2457,298i,298,3,No,2^n = 0.125. Find n.,-3,3,-2,"0.125 = 1/8 = 2^-3, so n = -3.",Convert the decimal to a fraction first.,,,,,,,
2458,298i,298,3,No,b^-2 = 0.04. Find b.,5,0.2,-5,"0.04 = 1/25 = 5^{-2}, so b = 5.",Convert the decimal to a fraction first.,b^{-2} = 0.04. Find b.,,,,,,
2459,298j,298,3,No,2^3 x 2^n = 1/4. Find n.,-5,-1,5,"1/4 = 2^-2, so 3+n=-2, giving n=-5.","Combine the powers on the left, then compare to the power on the right.",,,,,,,
2460,298j,298,3,No,3^4 ÷ 3^n = 1/3. Find n.,5,-5,3,"1/3 = 3^-1, so 4-n=-1, giving n=5.","Combine the powers on the left, then compare to the power on the right.",,,,,,,
2461,298k,298,3,No,b^3 ÷ b^5 = 1/25. Find b.,5,25,-2,"b^3 / b^5 = b^-2 = 1/25, so b = 5 (since 5^-2=1/25).","Combine the powers first, then find the base.",,,,,,,
2462,298k,298,3,No,b^2 x b^-5 = 1/8. Find b.,2,8,-3,"b^2 x b^{-5} = b^{-3} = 1/8, so b = 2 (since 2^{-3}=1/8).","Combine the powers first, then find the base.",b^2 x b^{-5} = 1/8. Find b.,,,,,,
2463,299a,299,1,No,Expand (x+3)(x+5).,x^2+8x+15,x^2+15x+8,x^2+8x+8,Multiply each term: x^2+5x+3x+15 = x^2+8x+15.,Multiply every term in the first bracket by every term in the second.,,,,,,,
2464,299a,299,1,No,Expand (x+2)(x+7).,x^2+9x+14,x^2+14x+9,x^2+9x+9,Multiply each term: x^2+7x+2x+14 = x^2+9x+14.,Multiply every term in the first bracket by every term in the second.,,,,,,,
2465,299b,299,1,No,Expand (x-4)(x-6).,x^2-10x+24,x^2-10x-24,x^2+10x+24,Multiply each term: x^2-6x-4x+24 = x^2-10x+24.,Watch the signs carefully when both brackets are subtractions.,,,,,,,
2466,299b,299,2,No,Expand (x-2)(x-9).,x^2-11x+18,x^2-11x-18,x^2+11x+18,Multiply each term: x^2-9x-2x+18 = x^2-11x+18.,Watch the signs carefully when both brackets are subtractions.,,,,,,,
2467,299c,299,2,No,Expand (x+5)(x-3).,x^2+2x-15,x^2-2x-15,x^2+2x+15,Multiply each term: x^2-3x+5x-15 = x^2+2x-15.,The middle term comes from combining the two cross-terms.,,,,,,,
2468,299d,299,1,No,Expand (x-4)(x+4).,x^2-16,x^2-8x-16,x^2+16,The middle terms cancel: x^2+4x-4x-16 = x^2-16.,This is the difference of two squares — the middle terms always cancel.,,,,,,,
2469,299e,299,1,No,Expand (x+5)^2.,x^2+10x+25,x^2+25,x^2+5x+25,(x+5)^2 = (x+5)(x+5) = x^2+10x+25.,Write the square as two identical brackets multiplied together.,,,,,,,
2470,299e,299,2,No,Expand (x-3)^2.,x^2-6x+9,x^2-9,x^2-3x+9,(x-3)^2 = (x-3)(x-3) = x^2-6x+9.,Write the square as two identical brackets multiplied together.,,,,,,,
2471,299f,299,2,No,Expand (2x+3)(3x-1).,6x^2+7x-3,6x^2+7x+3,5x^2+7x-3,Multiply each term: 6x^2-2x+9x-3 = 6x^2+7x-3.,Multiply the coefficients as well as the letters.,,,,,,,
2472,299g,299,2,No,Expand (3x-2)(3x+2).,9x^2-4,9x^2-12x-4,6x^2-4,The middle terms cancel: 9x^2+6x-6x-4 = 9x^2-4.,This is the difference of two squares — the middle terms always cancel.,,,,,,,
2473,299h,299,3,No,Expand (4-2x)(1+3x).,-6x^2+10x+4,-6x^2-10x+4,6x^2+10x+4,Multiply each term: 4+12x-2x-6x^2 = -6x^2+10x+4.,"Multiply every term carefully, keeping track of the negative x term.",,,,,,,
2474,299i,299,2,No,Expand (x+2y)(x-3y).,x^2-xy-6y^2,x^2+xy-6y^2,x^2-xy+6y^2,Multiply each term: x^2-3xy+2xy-6y^2 = x^2-xy-6y^2.,"Treat y like any other letter, and combine the two middle terms.",,,,,,,
2475,299j,299,3,No,Expand (x+2)(x^2+3x+4).,x^3+5x^2+10x+8,x^3+5x^2+7x+8,x^3+3x^2+10x+8,"Multiply each term in the first bracket by each term in the second, then collect like terms.",Multiply x and 2 separately by all three terms in the second bracket.,,,,,,,
2476,299k,299,3,No,Expand (2x-1)(x^2+3x-2).,2x^3+5x^2-7x+2,2x^3+5x^2-4x+2,2x^3+7x^2-7x+2,"Multiply each term in the first bracket by each term in the second, then collect like terms.",Multiply 2x and -1 separately by all three terms in the second bracket.,,,,,,,
2477,299l,299,3,No,Expand and simplify 2x(x+3)(x-1).,2x^3+4x^2-6x,2x^3+2x^2-6x,2x^3+4x^2+6x,"First expand (x+3)(x-1)=x^2+2x-3, then multiply by 2x.","Expand the two brackets first, then multiply the result by the term outside.",,,,,,,
2478,299m,299,3,No,Expand (x^2+3)(x^3-2).,x^5+3x^3-2x^2-6,x^5+3x^3-2x^2+6,x^6+3x^3-2x^2-6,Multiply each term: x^5-2x^2+3x^3-6 = x^5+3x^3-2x^2-6.,Add the powers when multiplying terms with the same base.,,,,,,,
2479,299n,299,3,No,Expand and simplify (x+1)(x+2)+3(x-1).,x^2+6x-1,x^2+8x-1,x^2+6x+5,"Expand the bracket pair (x^2+3x+2), then add 3(x-1)=3x-3, giving x^2+6x-1.","Expand the double bracket and the single bracket separately, then combine.",,,,,,,
2480,299o,299,3,No,Expand and simplify (x+1)(x+2)-3(x-1).,x^2+5,x^2+3x-1,x^2-1,"Expand the bracket pair (x^2+3x+2), then subtract 3(x-1)=3x-3, giving x^2+5.","Expand the double bracket and the single bracket separately, then combine.",,,,,,,
2481,299p,299,3,No,Expand and simplify (x+1)(x+2)+(x-1)(x+3).,2x^2+5x-1,2x^2+3x-1,2x^2+5x+5,"Expand each bracket pair separately (x^2+3x+2 and x^2+2x-3), then add them.",Expand each pair of brackets fully before combining.,,,,,,,
2482,299q,299,3,No,Expand and simplify (x+1)(x+2)-(x-1)(x+3).,x+5,2x^2-1,x-1,"Expand each bracket pair separately (x^2+3x+2 and x^2+2x-3), then subtract.","Expand each pair of brackets fully before combining, keeping the signs correct.",,,,,,,
2483,299r,299,3,No,Expand and simplify (2x+1)^2+(x-3)^2.,5x^2-2x+10,5x^2+10x-8,3x^2-2x+10,"Expand each square separately (4x^2+4x+1 and x^2-6x+9), then add them.",Expand each square fully before combining.,,,,,,,
2484,299r,299,3,No,Expand and simplify (2x+1)^2-(x-3)^2.,3x^2+10x-8,5x^2-2x+10,3x^2-2x-8,"Expand each square separately (4x^2+4x+1 and x^2-6x+9), then subtract.","Expand each square fully before combining, keeping the signs correct.",,,,,,,
2485,299s,299,3,No,Expand (3+2/x)^2.,9+12/x+4/x^2,9+4/x^2,9+6/x+4/x^2,Square each term and double the product of the two terms: 9 + 12/x + 4/x^2.,Treat 2/x as a single term and square it just like any other bracket.,Expand (3+2/x)^2.,9 + {12/x} + {4/x^2},,,,,
2486,300a,300,2,No,Expand (x+1)(x+2)(x+3).,x^3+6x^2+11x+6,x^3+6x^2+6x+11,x^3+5x^2+11x+6,"Expand two brackets first (x^2+3x+2), then multiply by the third bracket.","Expand any two of the three brackets first, then multiply by the remaining bracket.",,,,,,,
2487,300a,300,3,No,Expand (x-1)(x+2)(x-3).,x^3-2x^2-5x+6,x^3-2x^2+5x+6,x^3+2x^2-5x+6,"Expand two brackets first (x^2+x-2), then multiply by the third bracket.","Expand any two of the three brackets first, then multiply by the remaining bracket.",,,,,,,
2488,300b,300,2,No,Expand (x+1)(2x+1)(x-2).,2x^3-x^2-5x-2,2x^3-x^2-5x+2,2x^3+x^2-5x-2,"Expand two brackets first (2x^2+3x+1), then multiply by the third bracket.","Expand any two of the three brackets first, then multiply by the remaining bracket.",,,,,,,
2489,300b,300,3,No,Expand (x-2)(3x-1)(x+1).,3x^3-4x^2-5x+2,3x^3-4x^2+5x+2,3x^3+4x^2-5x+2,"Expand two brackets first (3x^2-7x+2), then multiply by the third bracket.","Expand any two of the three brackets first, then multiply by the remaining bracket.",,,,,,,
2490,300c,300,3,No,Expand (2x+1)(3x-1)(x+2).,6x^3+13x^2+x-2,6x^3+13x^2-x-2,6x^3+7x^2+x-2,"Expand two brackets first (6x^2+x-1), then multiply by the third bracket.","Expand any two of the three brackets first, then multiply by the remaining bracket.",,,,,,,
2491,300d,300,2,No,Expand (x+2)^3.,x^3+6x^2+12x+8,x^3+8,x^3+6x^2+8x+8,"Expand (x+2)^2 first (x^2+4x+4), then multiply by (x+2).","Expand the square first, then multiply the result by the remaining bracket.",,,,,,,
2492,300d,300,3,No,Expand (2x-1)^3.,8x^3-12x^2+6x-1,8x^3-1,8x^3-6x^2+6x-1,"Expand (2x-1)^2 first (4x^2-4x+1), then multiply by (2x-1).","Expand the square first, then multiply the result by the remaining bracket.",,,,,,,
2493,300e,300,3,No,Expand (x+1)^2(x+3).,x^3+5x^2+7x+3,x^3+5x^2+7x+4,x^3+4x^2+7x+3,"Expand (x+1)^2 first (x^2+2x+1), then multiply by (x+3).","Expand the square first, then multiply the result by the remaining bracket.",,,,,,,
2494,300e,300,3,No,Expand (2x-1)^2(x+2).,4x^3+4x^2-7x+2,4x^3-4x^2-7x+2,4x^3+4x^2-7x-2,"Expand (2x-1)^2 first (4x^2-4x+1), then multiply by (x+2).","Expand the square first, then multiply the result by the remaining bracket.",,,,,,,
2495,300f,300,3,No,Expand and simplify (x+1)^3+(x+2)^2.,x^3+4x^2+7x+5,x^3+4x^2+5x+5,x^3+3x^2+7x+5,"Expand each bracket separately (x^3+3x^2+3x+1 and x^2+4x+4), then add them.","Expand the cube and the square separately, then combine like terms.",,,,,,,
2496,300f,300,3,No,Expand and simplify (2x-1)^3-(x+1)^2.,8x^3-13x^2+4x-2,8x^3-11x^2+4x-2,8x^3-13x^2+4x+2,"Expand each bracket separately (8x^3-12x^2+6x-1 and x^2+2x+1), then subtract.","Expand the cube and the square separately, then combine like terms, watching signs.",,,,,,,
2497,301a,301,1,No,Write 45000 in standard form.,4.5×10^4,4.5×10^3,45×10^3,Move the decimal point so only one digit is before it: 4.5×10^4.,Count how many places the decimal point moves from the end of the number.,,,,,,,
2498,301a,301,1,No,Write 720000 in standard form.,7.2×10^5,7.2×10^4,72×10^4,Move the decimal point so only one digit is before it: 7.2×10^5.,Count how many places the decimal point moves from the end of the number.,,,,,,,
2499,301a,301,2,No,Write 3800000000 in standard form.,3.8×10^9,3.8×10^8,38×10^8,Move the decimal point so only one digit is before it: 3.8×10^9.,Count how many places the decimal point moves from the end of the number.,,,,,,,
2500,301b,301,1,No,Write 6.2×10^6 as an ordinary number.,6200000,62000000,620000,Move the decimal point 6 places to the right: 6200000.,The power tells you how many places to move the decimal point.,,,,,,,
2501,301b,301,1,No,Write 9×10^3 as an ordinary number.,9000,900,90000,Move the decimal point 3 places to the right: 9000.,The power tells you how many places to move the decimal point.,,,,,,,
2502,301b,301,2,No,Write 4.05×10^7 as an ordinary number.,40500000,4050000,405000000,"Move the decimal point 7 places to the right, filling with zeros: 40500000.",The power tells you how many places to move the decimal point.,,,,,,,
2503,301c,301,2,No,"Which is largest: 3.2×10^5, 4.1×10^4 or 2.9×10^6?",2.9×10^6,3.2×10^5,4.1×10^4,"The largest power of 10 gives the largest number, so 2.9×10^6 is largest.",Compare the powers of 10 first; a bigger power means a bigger number.,,,,,,,
2504,301c,301,2,No,"Which is smallest: 6.1×10^7, 5.9×10^8 or 6.1×10^6?",6.1×10^6,5.9×10^8,6.1×10^7,"The smallest power of 10 gives the smallest number, so 6.1×10^6 is smallest.",Compare the powers of 10 first; a smaller power means a smaller number.,,,,,,,
2505,301d,301,2,No,"Order 5.6×10^8, 5.6×10^7, 5.06×10^8 from smallest to largest.","5.6×10^7, 5.06×10^8, 5.6×10^8","5.6×10^7, 5.6×10^8, 5.06×10^8","5.06×10^8, 5.6×10^7, 5.6×10^8","Compare powers first, then the leading digits when powers match: 5.6×10^7 < 5.06×10^8 < 5.6×10^8.","Sort by power of 10 first, then compare the leading numbers if the powers match.",,,,,,,
2506,301e,301,2,No,Write 42×10^5 in standard form.,4.2×10^6,42×10^5,4.2×10^5,"42 is not between 1 and 10, so shift it: 4.2×10^6.","Rewrite the leading number so it is between 1 and 10, adjusting the power to match.",,,,,,,
2507,301e,301,2,No,Write 35×10^7 in standard form.,3.5×10^8,35×10^7,3.5×10^7,"35 is not between 1 and 10, so shift it: 3.5×10^8.","Rewrite the leading number so it is between 1 and 10, adjusting the power to match.",,,,,,,
2508,301f,301,3,No,"Order 250000, 3.1×10^5, 199000 from smallest to largest.","199000, 250000, 3.1×10^5","250000, 199000, 3.1×10^5","199000, 3.1×10^5, 250000",Convert each to the same form: 199000 < 250000 < 310000.,"Convert every value to an ordinary number first, then compare.",,,,,,,
2509,301f,301,3,No,"Order 6.4×10^6, 6400000, 6.04×10^6 from smallest to largest.","6.04×10^6, 6.4×10^6, 6400000","6.4×10^6, 6.04×10^6, 6400000","6.4×10^6, 6400000, 6.04×10^6","Note 6.4×10^6 and 6400000 are equal, and both are larger than 6.04×10^6.","Convert every value to an ordinary number first, then compare.",,,,,,,
2510,301g,301,3,No,"Order 47×10^5, 5.2×10^6, 4900000 from smallest to largest.","47×10^5, 4900000, 5.2×10^6","5.2×10^6, 4900000, 47×10^5","4900000, 47×10^5, 5.2×10^6","Converting gives 4700000, 5200000 and 4900000, so the order is 47×10^5, 4900000, 5.2×10^6.","Convert every value to an ordinary number first, then compare.",,,,,,,
2511,302a,302,1,No,Write 0.00034 in standard form.,3.4×10^{-4},3.4×10^4,34×10^{-4},Move the decimal point so only one digit is before it: 3.4×10^{-4}.,Count how many places the decimal point moves; small numbers give a negative power.,,,,,,,
2512,302a,302,2,No,Write 0.000000052 in standard form.,5.2×10^{-8},5.2×10^8,52×10^{-9},Move the decimal point so only one digit is before it: 5.2×10^{-8}.,Count how many places the decimal point moves; small numbers give a negative power.,,,,,,,
2513,302b,302,1,No,Write 7.1×10^-3 as an ordinary number.,0.0071,0.00071,0.071,Move the decimal point 3 places to the left: 0.0071.,The negative power tells you how many places to move the decimal point left.,Write 7.1×10^{-3} as an ordinary number.,,,,,,
2514,302b,302,2,No,Write 6.02×10^-6 as an ordinary number.,0.00000602,0.0000602,0.000602,Move the decimal point 6 places to the left: 0.00000602.,The negative power tells you how many places to move the decimal point left.,Write 6.02×10^{-6} as an ordinary number.,,,,,,
2515,302c,302,2,No,"Which is largest: 3×10^-4, 3×10^-6 or 3×10^-2?",3×10^{-2},3×10^{-4},3×10^{-6},"A less negative power means a larger number, so 3×10^{-2} is largest.",Compare the powers of 10; the one closest to zero is largest.,"Which is largest: 3×10^{-4}, 3×10^{-6} or 3×10^{-2}?",,,,,,
2516,302c,302,2,No,"Which is smallest: 4×10^-5, 4×10^-3 or 4×10^-7?",4×10^{-7},4×10^{-3},4×10^{-5},"A more negative power means a smaller number, so 4×10^{-7} is smallest.",Compare the powers of 10; the one furthest from zero (most negative) is smallest.,"Which is smallest: 4×10^{-5}, 4×10^{-3} or 4×10^{-7}?",,,,,,
2517,302d,302,2,No,"Order 6.4×10^-6, 0.0000064, 6.04×10^-6 from smallest to largest.","6.04×10^{-6}, 6.4×10^{-6}, 0.0000064","6.4×10^{-6}, 0.0000064, 6.04×10^{-6}","0.0000064, 6.04×10^{-6}, 6.4×10^{-6}","Note 6.4×10^{-6} and 0.0000064 are equal, and both are larger than 6.04×10^{-6}.","Compare the powers of 10 first, then the leading digits if the powers match.","Order 6.4×10^{-6}, 0.0000064, 6.04×10^{-6} from smallest to largest.",,,,,,
2518,302e,302,2,No,Write 0.42×10^-3 in standard form.,4.2×10^{-4},0.42×10^{-3},4.2×10^{-3},"0.42 is not between 1 and 10, so shift it: 4.2×10^{-4}.","Rewrite the leading number so it is between 1 and 10, adjusting the power to match.",Write 0.42×10^{-3} in standard form.,,,,,,
2519,302e,302,2,No,Write 52×10^-6 in standard form.,5.2×10^{-5},52×10^{-6},5.2×10^{-6},"52 is not between 1 and 10, so shift it: 5.2×10^{-5}.","Rewrite the leading number so it is between 1 and 10, adjusting the power to match.",Write 52×10^{-6} in standard form.,,,,,,
2520,302f,302,3,No,"Order 0.00025, 3.1×10^-4, 0.00019 from smallest to largest.","0.00019, 3.1×10^-4, 0.00025","0.00025, 0.00019, 3.1×10^-4","0.00019, 0.00025, 3.1×10^-4",Convert each to the same form: 0.00019 < 0.00031 < 0.00025.,"Convert every value to an ordinary number first, then compare.","Order 0.00025, 3.1×10^{-4}, 0.00019 from smallest to largest.",,,,,,
2521,302f,302,3,No,"Order 9×10^-5, 0.00008, 0.0001 from smallest to largest.","0.00008, 9×10^-5, 0.0001","9×10^-5, 0.00008, 0.0001","0.0001, 0.00008, 9×10^-5",Convert each to the same form: 0.00008 < 0.00009 < 0.0001.,"Convert every value to an ordinary number first, then compare.","Order 9×10^{-5}, 0.00008, 0.0001 from smallest to largest.",,,,,,
2522,302g,302,3,No,"Order 47×10^-6, 5.2×10^-5, 0.000049 from smallest to largest.","47×10^-6, 0.000049, 5.2×10^-5","5.2×10^-5, 0.000049, 47×10^-6","0.000049, 47×10^-6, 5.2×10^-5","Converting gives 0.000047, 0.000052 and 0.000049, so the order is 47×10^-6, 0.000049, 5.2×10^-5.","Convert every value to an ordinary number first, then compare.","Order 47×10^{-6}, 5.2×10^{-5}, 0.000049 from smallest to largest.",,,,,,
2523,303a,303,1,Yes,"Work out 3.2×10^6 + 4.5×10^6, giving your answer in standard form.",7.7×10^6,7.7×10^12,77×10^6,Use a calculator's standard form entry to add the two values directly: 7.7×10^6.,Enter both numbers using your calculator's standard form (EXP or ×10^x) key.,,,,,,,
2524,303a,303,1,Yes,"Work out 5.8×10^-3 + 2.4×10^-3, giving your answer in standard form.",8.2×10^{-3},8.2×10^3,2.02×10^{-3},Use a calculator's standard form entry to add the two values directly: 8.2×10^{-3}.,Enter both numbers using your calculator's standard form (EXP or ×10^x) key.,"Work out 5.8×10^{-3} + 2.4×10^{-3}, giving your answer in standard form.",,,,,,
2525,303b,303,2,No,"Work out 3.2×10^6 + 4.5×10^5, giving your answer in standard form.",3.65×10^6,3.65×10^5,7.7×10^6,Convert both to ordinary numbers: 3200000+450000=3650000=3.65×10^6.,Convert both numbers to ordinary numbers before adding.,,,,,,,
2526,303b,303,3,No,"Work out 6.1×10^7 - 3.4×10^6, giving your answer in standard form.",5.76×10^7,5.76×10^6,2.7×10^7,Convert both to ordinary numbers: 61000000-3400000=57600000=5.76×10^7.,Convert both numbers to ordinary numbers before subtracting.,,,,,,,
2527,303c,303,2,No,"Work out 7.1×10^-4 + 2.3×10^-5, giving your answer in standard form.",7.33×10^{-4},7.33×10^{-5},9.4×10^{-4},Convert both to ordinary numbers: 0.00071+0.000023=0.000733=7.33×10^{-4}.,Convert both numbers to ordinary numbers before adding.,"Work out 7.1×10^{-4} + 2.3×10^{-5}, giving your answer in standard form.",,,,,,
2528,303c,303,3,No,"Work out 5.6×10^-5 - 1.4×10^-6, giving your answer in standard form.",5.46×10^{-5},5.46×10^{-6},4.2×10^{-5},Convert both to ordinary numbers: 0.000056-0.0000014=0.0000546=5.46×10^{-5}.,Convert both numbers to ordinary numbers before subtracting.,"Work out 5.6×10^{-5} - 1.4×10^{-6}, giving your answer in standard form.",,,,,,
2529,303d,303,3,No,"Work out 5.2×10^6 + 3.1×10^5, giving your answer in standard form.",5.51×10^6,5.51×10^5,8.3×10^6,Rewrite as 52×10^5 + 3.1×10^5 = 55.1×10^5 = 5.51×10^6.,"Rewrite one number so both share the same power of 10, then add the leading numbers.",,,,,,,
2530,303d,303,3,No,"Work out 8.4×10^7 - 6×10^6, giving your answer in standard form.",7.8×10^7,2.4×10^7,1.44×10^8,Rewrite as 84×10^6 - 6×10^6 = 78×10^6 = 7.8×10^7.,"Rewrite one number so both share the same power of 10, then subtract the leading numbers.",,,,,,,
2531,303e,303,3,No,"Work out 6.4×10^-4 - 1.5×10^-5, giving your answer in standard form.",6.25×10^{-4},6.25×10^{-5},4.9×10^{-4},Rewrite as 64×10^{-5} - 1.5×10^{-5} = 62.5×10^{-5} = 6.25×10^{-4}.,"Rewrite one number so both share the same power of 10, then subtract the leading numbers.","Work out 6.4×10^{-4} - 1.5×10^{-5}, giving your answer in standard form.",,,,,,
2532,303e,303,3,No,"Work out 3.2×10^-5 + 4×10^-6, giving your answer in standard form.",3.6×10^{-5},7.2×10^{-5},3.6×10^{-6},Rewrite as 32×10^{-6} + 4×10^{-6} = 36×10^{-6} = 3.6×10^{-5}.,"Rewrite one number so both share the same power of 10, then add the leading numbers.","Work out 3.2×10^{-5} + 4×10^{-6}, giving your answer in standard form.",,,,,,
2533,304a,304,1,Yes,"Work out (2×10^3) × (3×10^4), giving your answer in standard form.",6×10^7,6×10^12,6×10^1,Use a calculator's standard form entry to multiply directly: 6×10^7.,Enter both numbers using your calculator's standard form (EXP or ×10^x) key.,,,,,,,
2534,304a,304,1,Yes,"Work out (8×10^7) ÷ (2×10^3), giving your answer in standard form.",4×10^4,4×10^10,4×10^2,Use a calculator's standard form entry to divide directly: 4×10^4.,Enter both numbers using your calculator's standard form (EXP or ×10^x) key.,,,,,,,
2535,304b,304,1,No,"Work out (2×10^3) × (3×10^4), giving your answer in standard form.",6×10^7,6×10^12,6×10^7 x 10,"Multiply the leading numbers and add the powers: 2×3=6, and 10^3×10^4=10^7.","Multiply the leading numbers, then add the powers of 10.",,,,,,,
2536,304b,304,2,No,"Work out (3×10^5) × (2×10^2), giving your answer in standard form.",6×10^7,6×10^10,6×10^3,"Multiply the leading numbers and add the powers: 3×2=6, and 10^5×10^2=10^7.","Multiply the leading numbers, then add the powers of 10.",,,,,,,
2537,304c,304,2,No,"Work out (4×10^3) × (5×10^4), giving your answer in standard form.",2×10^8,20×10^7,2×10^7,"4×5=20 and 10^3×10^4=10^7, giving 20×10^7, which adjusts to 2×10^8.","Multiply the leading numbers; if the result is 10 or more, shift it back into standard form.",,,,,,,
2538,304c,304,3,No,"Work out (6×10^4) × (7×10^2), giving your answer in standard form.",4.2×10^7,42×10^6,4.2×10^6,"6×7=42 and 10^4×10^2=10^6, giving 42×10^6, which adjusts to 4.2×10^7.","Multiply the leading numbers; if the result is 10 or more, shift it back into standard form.",,,,,,,
2539,304d,304,3,No,"Work out (4×10^-6) × (5×10^-2), giving your answer in standard form.",2×10^{-7},20×10^{-8},2×10^{-8},"4×5=20 and 10^{-6}×10^{-2}=10^{-8}, giving 20×10^{-8}, which adjusts to 2×10^{-7}.","Multiply the leading numbers; if the result is 10 or more, shift it back into standard form.","Work out (4×10^{-6}) × (5×10^{-2}), giving your answer in standard form.",,,,,,
2540,304d,304,3,No,"Work out (8×10^-5) × (3×10^-3), giving your answer in standard form.",2.4×10^{-7},24×10^{-8},2.4×10^{-8},"8×3=24 and 10^{-5}×10^{-3}=10^{-8}, giving 24×10^{-8}, which adjusts to 2.4×10^{-7}.","Multiply the leading numbers; if the result is 10 or more, shift it back into standard form.","Work out (8×10^{-5}) × (3×10^{-3}), giving your answer in standard form.",,,,,,
2541,304e,304,2,No,"Work out (8×10^7) ÷ (2×10^3), giving your answer in standard form.",4×10^4,4×10^10,4×10^2,"Divide the leading numbers and subtract the powers: 8÷2=4, and 10^7÷10^3=10^4.","Divide the leading numbers, then subtract the powers of 10.",,,,,,,
2542,304e,304,2,No,"Work out (9×10^6) ÷ (3×10^2), giving your answer in standard form.",3×10^4,3×10^8,3×10^3,"Divide the leading numbers and subtract the powers: 9÷3=3, and 10^6÷10^2=10^4.","Divide the leading numbers, then subtract the powers of 10.",,,,,,,
2543,304f,304,3,No,"Work out (3×10^7) ÷ (6×10^3), giving your answer in standard form.",5×10^3,0.5×10^4,5×10^4,"3÷6=0.5 and 10^7÷10^3=10^4, giving 0.5×10^4, which adjusts to 5×10^3.","Divide the leading numbers; if the result is less than 1, shift it into standard form.",,,,,,,
2544,304f,304,3,No,"Work out (4×10^8) ÷ (8×10^5), giving your answer in standard form.",5×10^2,0.5×10^3,5×10^3,"4÷8=0.5 and 10^8÷10^5=10^3, giving 0.5×10^3, which adjusts to 5×10^2.","Divide the leading numbers; if the result is less than 1, shift it into standard form.",,,,,,,
2545,304g,304,3,No,"Work out (6×10^5) ÷ (3×10^-2), giving your answer in standard form.",2×10^7,2×10^3,2×10^{-7},"6÷3=2 and 10^5÷10^{-2}=10^7 (subtracting a negative power), giving 2×10^7.","Subtracting a negative power is the same as adding, so the power increases.","Work out (6×10^5) ÷ (3×10^{-2}), giving your answer in standard form.",,,,,,
2546,304g,304,3,No,"Work out (8×10^4) ÷ (2×10^-3), giving your answer in standard form.",4×10^7,4×10^1,4×10^{-7},"8÷2=4 and 10^4÷10^{-3}=10^7 (subtracting a negative power), giving 4×10^7.","Subtracting a negative power is the same as adding, so the power increases.","Work out (8×10^4) ÷ (2×10^{-3}), giving your answer in standard form.",,,,,,
2547,304h,304,3,Yes,"Work out (3.2×10^5 + 1.8×10^5) × 2×10^3, giving your answer in standard form.",1×10^9,5×10^9,1×10^8,"First add the bracket: 5×10^5, then multiply by 2×10^3, giving 10×10^8 = 1×10^9.","Work out the bracket first, then multiply the result by the remaining term.",,,,,,,
2548,304h,304,3,Yes,"Work out (9×10^6 - 4×10^6) ÷ 1×10^2, giving your answer in standard form.",5×10^4,5×10^3,5×10^8,"First subtract the bracket: 5×10^6, then divide by 1×10^2, giving 5×10^4.","Work out the bracket first, then divide the result by the remaining term.",,,,,,,
2549,304i,304,3,No,"Simplify (3x×10^4)^2, giving your answer in standard form.",9x^2×10^8,6x^2×10^8,9x^2×10^6,"Square each part separately: 3^2=9, x^2=x^2, and (10^4)^2=10^8.","Square the number, the letter, and the power of 10 separately.",,,,,,,
2550,304i,304,3,No,"Simplify (2x×10^-3)^3, giving your answer in standard form.",8x^3×10^{-9},6x^3×10^{-9},8x^3×10^{-6},"Cube each part separately: 2^3=8, x^3=x^3, and (10^{-3})^3=10^{-9}.","Cube the number, the letter, and the power of 10 separately.","Simplify (2x×10^{-3})^3, giving your answer in standard form.",,,,,,
2551,309a,309,1,No,"To represent x > 4 on a number line, what type of circle is used at 4?",Open circle,Closed circle,No circle,"A strict inequality (>) uses an open circle, since 4 itself is not included.",An open circle means the value itself is not included.,,,,,,,
2552,309a,309,1,No,"To represent x ≤ -1 on a number line, what type of circle is used at -1?",Closed circle,Open circle,No circle,An inequality that includes the value (≤) uses a closed (filled) circle.,A closed circle means the value itself is included.,,,,,,,
2553,309a,309,2,No,"To represent x < 7 on a number line, which direction does the arrow point?",Left,Right,There is no arrow,"Values less than 7 lie to the left, so the arrow points left.",Think about which direction the values get smaller.,,,,,,,
2554,309b,309,1,No,A number line has an open circle at 5 with an arrow pointing right. Write the inequality shown.,x>5,x≥5,x<5,"An open circle means 5 is not included, and the arrow points right, so x is greater than 5.",An open circle means the value is not included in the inequality.,,,,,,,
2555,309b,309,2,No,A number line has a closed circle at -3 with an arrow pointing left. Write the inequality shown.,x≤-3,x<-3,x≥-3,"A closed circle means -3 is included, and the arrow points left, so x is less than or equal to -3.",A closed circle means the value is included in the inequality.,,,,,,,
2556,309c,309,2,No,"To represent 2≤x<7 on a number line, what type of circles are used at 2 and 7?","Closed at 2, open at 7","Open at 2, closed at 7",Closed at both,"The ≤ symbol at 2 gives a closed circle, and the < symbol at 7 gives an open circle.",Match each circle type to whether its inequality symbol includes the value or not.,,,,,,,
2557,309c,309,2,No,"To represent -3<x≤5 on a number line, what type of circles are used at -3 and 5?","Open at -3, closed at 5","Closed at -3, open at 5",Open at both,"The < symbol at -3 gives an open circle, and the ≤ symbol at 5 gives a closed circle.",Match each circle type to whether its inequality symbol includes the value or not.,,,,,,,
2558,309d,309,2,No,"A number line has a closed circle at -2, an open circle at 6, and the segment between shaded. Write the inequality shown.",-2≤x<6,#NAME?,-2≤x≤6,"The closed circle at -2 means it is included, and the open circle at 6 means it is not.","Match each circle type to the correct inequality symbol, then combine them.",,,,,,,
2559,309d,309,3,No,"A number line has an open circle at 0, a closed circle at 8, and the segment between shaded. Write the inequality shown.",0<x≤8,0≤x<8,0≤x≤8,"The open circle at 0 means it is not included, and the closed circle at 8 means it is.","Match each circle type to the correct inequality symbol, then combine them.",,,,,,,
2560,309e,309,2,No,"A number line shows -1<x≤4 (open circle at -1, closed circle at 4). List the integer values of x.","0,1,2,3,4","-1,0,1,2,3,4","0,1,2,3",x starts just above -1 (so 0 is the smallest integer) and includes 4.,Start just after the open circle and stop at (or just before) the closed circle.,,,,,,,
2561,309e,309,3,No,"A number line shows -4≤x<0 (closed circle at -4, open circle at 0). List the integer values of x.","-4,-3,-2,-1","-4,-3,-2,-1,0","-3,-2,-1",x includes -4 (closed circle) but stops just below 0 (open circle).,Include the closed circle's value but stop just before the open circle's value.,,,,,,,
2562,309f,309,1,No,List the integer values that satisfy -2≤x<3.,"-2,-1,0,1,2","-2,-1,0,1,2,3","-1,0,1,2",x includes -2 (≤) but stops just below 3 (<).,"Include the lower bound if the symbol is ≤, and stop just before the upper bound if it's <.",,,,,,,
2563,309f,309,2,No,List the integer values that satisfy 1<x≤6.,"2,3,4,5,6","1,2,3,4,5,6","2,3,4,5",x starts just above 1 (<) and includes 6 (≤).,"Start just after the lower bound if the symbol is <, and include the upper bound if it's ≤.",,,,,,,
2564,309f,309,3,No,List the integer values that satisfy -3<x<2.,"-2,-1,0,1","-3,-2,-1,0,1,2","-2,-1,0,1,2","x starts just above -3 and stops just below 2, since both symbols are strict (<).","Both inequalities are strict, so exclude both endpoint values.",,,,,,,
2565,310a,310,1,No,A number rounds to 350 to the nearest 10. Find the lower and upper bounds.,345 and 355,340 and 360,345 and 350,"Half of 10 is 5, so the bounds are 350-5=345 and 350+5=355.","Find half of the rounding place, then add and subtract it from the number.",,,,,,,
2566,310a,310,1,No,A number rounds to 4000 to the nearest 1000. Find the lower and upper bounds.,3500 and 4500,3000 and 5000,3900 and 4100,"Half of 1000 is 500, so the bounds are 4000-500=3500 and 4000+500=4500.","Find half of the rounding place, then add and subtract it from the number.",,,,,,,
2567,310a,310,2,No,A number rounds to 27 to the nearest whole number. Find the lower and upper bounds.,26.5 and 27.5,26 and 28,26.9 and 27.1,"Half of 1 is 0.5, so the bounds are 27-0.5=26.5 and 27+0.5=27.5.","Find half of the rounding place, then add and subtract it from the number.",,,,,,,
2568,310a,310,2,No,A number rounds to 80 to the nearest 10. Find the lower and upper bounds.,75 and 85,70 and 90,79 and 81,"Half of 10 is 5, so the bounds are 80-5=75 and 80+5=85.","Find half of the rounding place, then add and subtract it from the number.",,,,,,,
2569,310b,310,2,No,A number rounds to 3.6 to 1 decimal place. Find the lower and upper bounds.,3.55 and 3.65,3.5 and 3.7,3.59 and 3.61,"Half of 0.1 is 0.05, so the bounds are 3.6-0.05=3.55 and 3.6+0.05=3.65.","Find half of the smallest place value shown, then add and subtract it.",,,,,,,
2570,310b,310,2,No,A number rounds to 0.7 to 1 decimal place. Find the lower and upper bounds.,0.65 and 0.75,0.6 and 0.8,0.69 and 0.71,"Half of 0.1 is 0.05, so the bounds are 0.7-0.05=0.65 and 0.7+0.05=0.75.","Find half of the smallest place value shown, then add and subtract it.",,,,,,,
2571,310b,310,3,No,A number rounds to 12.45 to 2 decimal places. Find the lower and upper bounds.,12.445 and 12.455,12.4 and 12.5,12.449 and 12.451,"Half of 0.01 is 0.005, so the bounds are 12.45-0.005=12.445 and 12.45+0.005=12.455.","Find half of the smallest place value shown, then add and subtract it.",,,,,,,
2572,310c,310,2,No,A number rounds to 400 to 1 significant figure. Find the lower and upper bounds.,350 and 450,390 and 410,395 and 405,"1 s.f. of 400 rounds to the nearest 100, so half of 100 is 50: bounds are 350 and 450.","Work out which place value the rounding affects, then find half of it.",,,,,,,
2573,310c,310,2,No,A number rounds to 60 to 1 significant figure. Find the lower and upper bounds.,55 and 65,50 and 70,59 and 61,"1 s.f. of 60 rounds to the nearest 10, so half of 10 is 5: bounds are 55 and 65.","Work out which place value the rounding affects, then find half of it.",,,,,,,
2574,310c,310,3,No,A number rounds to 3.80 to 3 significant figures. Find the lower and upper bounds.,3.795 and 3.805,3.75 and 3.85,3.799 and 3.801,"3 s.f. of 3.80 rounds to the nearest 0.01, so half of 0.01 is 0.005: bounds are 3.795 and 3.805.","Work out which place value the rounding affects, then find half of it.",,,,,,,
2575,310c,310,3,No,A number rounds to 0.0072 to 2 significant figures. Find the lower and upper bounds.,0.00715 and 0.00725,0.007 and 0.0075,0.00719 and 0.00721,"2 s.f. of 0.0072 rounds to the nearest 0.0001, so half of 0.0001 is 0.00005: bounds are 0.00715 and 0.00725.","Work out which place value the rounding affects, then find half of it.",,,,,,,
2576,310d,310,1,No,A length is measured as 12cm to the nearest cm. Write the error interval.,11.5≤L<12.5,11.5<L<12.5,11≤L<13,The bounds are 12-0.5=11.5 and 12+0.5=12.5; the upper bound uses < since it would round up at that point.,The lower bound uses ≤ and the upper bound uses < in an error interval.,,,,,,,
2577,310d,310,2,No,A number rounds to 250 to the nearest 10. Write the error interval.,245≤n<255,245<n<255,240≤n<260,"The bounds are 250-5=245 and 250+5=255, written with ≤ on the lower bound and < on the upper.",The lower bound uses ≤ and the upper bound uses < in an error interval.,,,,,,,
2578,310d,310,3,No,A measurement rounds to 8.3 to 1 decimal place. Write the error interval.,8.25≤m<8.35,8.25<m<8.35,8.2≤m<8.4,"The bounds are 8.3-0.05=8.25 and 8.3+0.05=8.35, written with ≤ on the lower bound and < on the upper.",The lower bound uses ≤ and the upper bound uses < in an error interval.,,,,,,,
2579,311b,311,2,No,"Data: 3,7,9,12,14,15,18,19,22,25. How many values fall in 10<x≤20?",5,4,6,"The values in this range are 12,14,15,18,19, which is 5 values.","Check each value against the class boundaries, including whether the endpoints count.",,,,,,,
2580,311b,311,2,No,"Data: 2,5,8,11,13,16,20,23,27,29. How many values fall in 0<x≤10?",3,4,2,"The values in this range are 2,5,8, which is 3 values.","Check each value against the class boundaries, including whether the endpoints count.",,,,,,,
2581,311b,311,3,No,"Data: 1,4,6,10,11,15,18,20,21,25,28,30. How many values fall in 10<x≤20?",4,5,3,"The values in this range are 11,15,18,20, which is 4 values.",Check each value against the class boundaries carefully — 10 itself is not included.,,,,,,,
2582,311b,311,3,No,"Data: 5,9,10,14,16,20,22,26,28,31,33,35. How many values fall in 20<x≤30?",3,4,2,"The values in this range are 22,26,28, which is 3 values.","Check each value against the class boundaries, including whether the endpoints count.",,,,,,,
2583,311c,311,1,No,Why can't you find the exact mean from a grouped frequency table?,The individual data values are unknown,The frequencies are unknown,The classes are too wide to add up,"Grouping data loses the original individual values, so only an estimate can be calculated.",Think about what information is lost when raw data is grouped into classes.,,,,,,,
2584,311c,311,2,No,Why might two different grouped frequency tables give different estimated means for the same data?,Different class widths group values differently,Grouped data always gives the same mean,The frequencies must be wrong,"Different class boundaries place values into different groups, changing the midpoint estimates used.",Consider how changing the class width could shift which class a value falls into.,,,,,,,
2585,311c,311,2,No,"A grouped frequency table records ages using classes 0<x≤10, 10<x≤20 etc. What key detail about each person is lost?",Their exact age,Their total number,Which class they are in,"Once grouped, only the class each person falls into is known, not their exact age.",Think about what you can and can't work out once data is placed into a group.,,,,,,,
2586,311c,311,3,No,A class interval 0<x≤50 is very wide. Why might this make estimates less reliable?,Data could be spread unevenly within the class,Wide classes always give the exact mean,It makes the total frequency incorrect,"A wide class could contain values bunched at one end, so the midpoint may not represent the data well.",Consider whether the midpoint is a fair representative value when the class covers a large range.,,,,,,,
2587,312d,312,1,No,Why is the midpoint of each class used when estimating the mean from grouped data?,It represents an average value for that class,It is always the correct value,It is the smallest value in the class,"Since the exact values are unknown, the midpoint is used as a fair estimate for every value in that class.",Think about what single value could best represent all the values inside a class.,,,,,,,
2588,312d,312,3,No,"A grouped table's estimated mean is 21, but the true (ungrouped) mean is 20.4. Why might these differ?",The midpoints don't exactly match the true data values,The frequencies were added incorrectly,Estimated means are always exactly correct,Using midpoints as approximations for every value in a class introduces some error compared to the true mean.,"Consider that the midpoint method assumes an even spread of data within each class, which may not be true.",,,,,,,
2589,313a,313,1,No,"Classes 0<x≤10 (freq6), 10<x≤20 (freq4), 20<x≤30 (freq8), 30<x≤40 (freq2). Find the modal class.",20<x≤30,10<x≤20,0<x≤10,"The modal class has the highest frequency, which is 8 for 20<x≤30.",Find the class with the largest frequency.,,,,,,,
2590,313a,313,1,No,"Classes 0<x≤5 (freq3), 5<x≤10 (freq9), 10<x≤15 (freq2). Find the modal class.",5<x≤10,0<x≤5,9,"The modal class has the highest frequency, which is 9 for 5<x≤10.",Find the class with the largest frequency.,,,,,,,
2591,313a,313,2,No,"Classes 0<x≤20 (freq12), 20<x≤40 (freq15), 40<x≤60 (freq11). Find the modal class.",20<x≤40,15,11,"The modal class has the highest frequency, which is 15 for 20<x≤40.",Find the class with the largest frequency.,,,,,,,
2592,313a,313,3,No,"Classes 0<x≤10 (freq7), 10<x≤20 (freq7), 20<x≤30 (freq5). Which is the modal class?",0<x≤10 and 10<x≤20,20<x≤30,0<x≤10 only,"Both 0<x≤10 and 10<x≤20 share the highest frequency of 7, so both are modal classes.",Check whether more than one class shares the highest frequency.,,,,,,,
2593,313c,313,2,No,"Classes 0<x≤10, 10<x≤20, 20<x≤30, 30<x≤40 are used. Find the smallest possible range.",20,40,30,The smallest range is the lower bound of the top class minus the upper bound of the bottom class: 30-10=20.,Assume the largest and smallest values are as close together as the classes allow.,,,,,,,
2594,313c,313,2,No,"Classes 0<x≤10, 10<x≤20, 20<x≤30, 30<x≤40 are used. Find the largest possible range.",40,20,30,The largest range is the upper bound of the top class minus the lower bound of the bottom class: 40-0=40.,Assume the largest and smallest values are as far apart as the classes allow.,,,,,,,
2595,314a,314,1,No,"In a histogram, what does the area of a bar represent?",Frequency,Frequency density,Class width,The area of each bar in a histogram represents the frequency of that class.,Think about what the bar as a whole (not just its height) shows.,,,,,,,
2596,314a,314,2,No,A histogram bar has frequency 24 and width 6. Find its frequency density.,4,144,18,Frequency density = frequency ÷ width = 24÷6=4.,Divide the frequency by the class width.,,,,,,,
2597,314a,314,1,No,A histogram bar has frequency density 5 and width 4. Find its frequency.,20,1.25,9,Frequency = frequency density × width = 5×4=20.,Multiply the frequency density by the class width.,,,,,,,
2598,314a,314,2,No,Why can bar height alone be misleading for a histogram with unequal class widths?,Wider classes would look over-represented,Narrower classes would look empty,Heights can't be compared at all,A wide class with the same frequency as a narrow one would otherwise look artificially tall or short.,Consider what happens if a wide class and a narrow class have the same frequency.,,,,,,,
2599,314b,314,1,No,A histogram bar for 10<x≤20 has frequency density 3. Find its frequency.,30,0.3,13,Frequency = frequency density × width = 3×10=30.,Multiply the frequency density by the class width.,,,,,,,
2600,314b,314,2,No,A histogram bar for 0<x≤5 has frequency density 6. Find its frequency.,30,1.2,11,Frequency = frequency density × width = 6×5=30.,Multiply the frequency density by the class width.,,,,,,,
2601,314b,314,2,No,A histogram bar for 20<x≤35 has frequency density 2. Find its frequency.,30,17,32,Frequency = frequency density × width = 2×15=30.,Multiply the frequency density by the class width.,,,,,,,
2602,314c,314,2,No,A histogram shows total frequency 50. One bar represents frequency 15. Find the probability a value falls in that bar.,0.3,0.15,3.33,Probability = 15÷50=0.3.,Divide the bar's frequency by the total frequency.,,,,,,,
2603,314c,314,2,No,A histogram shows total frequency 80. One bar represents frequency 20. Find the proportion of data in that bar.,25%,20%,40%,Proportion = 20÷80=0.25=25%.,"Divide the bar's frequency by the total frequency, then convert to a percentage.",,,,,,,
2604,314c,314,3,No,A histogram shows total frequency 40. Two bars represent frequencies 6 and 10. Find the probability a value falls in either bar.,0.4,0.16,0.25,Probability = (6+10)÷40=16÷40=0.4.,Add the relevant frequencies together before dividing by the total.,,,,,,,
2605,315a,315,1,No,"A frequency polygon point is plotted at (25, 8). What does the 8 represent?",Frequency,The data value,The class width,The y-coordinate of a frequency polygon point always shows the frequency.,Check which axis the 8 sits on.,,,,,,,
2606,315a,315,2,No,What is a key visual difference between a frequency polygon and a histogram?,Lines and points instead of bars,Bars instead of lines and points,No axes are used,"A frequency polygon uses connected points, while a histogram uses solid bars.",Think about the basic shapes used to display the data in each type of graph.,,,,,,,
2607,315b,315,1,No,"When drawing a frequency polygon, what do you join the plotted points with?",Straight lines,A smooth curve,Bars,The points on a frequency polygon are joined using straight lines.,"Think about how the points are connected, unlike a smooth curve.",,,,,,,
2608,315b,315,1,No,What is plotted on the y-axis of a frequency polygon?,Frequency,Frequency density,Class width,The y-axis of a frequency polygon always shows frequency.,Think about what value each point's height represents.,,,,,,,
2609,315b,315,2,No,"For ungrouped data, what x-value is used for each frequency polygon point?",The data value itself,The midpoint of a class,The class width,"With ungrouped data there are no classes, so the actual value is plotted directly.","Since there's no class here, no midpoint is needed.",,,,,,,
2610,315c,315,2,No,"A frequency polygon point is (25, 8), from data grouped in classes of width 10. What does the 25 represent?",The class midpoint,The frequency,The class width,"For grouped data, the x-coordinate is the midpoint of the class.","Check which axis the 25 sits on, and recall what grouped data points are plotted against.",,,,,,,
2611,315d,315,2,No,"For grouped data, what x-value is used for each frequency polygon point?",The midpoint of the class,The upper class boundary,The class width,Grouped data points are plotted at the midpoint of each class.,Think about which single value best represents an entire class.,,,,,,,
2612,315d,315,3,No,A class 20<x≤30 has frequency 12. At what coordinates is its frequency polygon point plotted?,"(25,12)","(20,12)","(30,12)","The x-coordinate is the class midpoint: (20+30)/2=25, and the y-coordinate is the frequency, 12.","Find the midpoint of the class first, then pair it with the frequency.",,,,,,,
2613,315e,315,2,No,Two frequency polygons for similar data are compared. Which feature suggests a higher average?,A peak further to the right,A peak further to the left,A taller peak only,A peak shifted to the right generally means higher values overall.,Think about where the centre of the data appears to sit on the x-axis.,,,,,,,
2614,315e,315,3,No,Two frequency polygons are compared. Which feature suggests one data set is more spread out?,"A wider, flatter shape","A taller, narrower shape",A shape with more points,A wider and flatter polygon shows the data is more spread out across a larger range.,Think about how the shape changes when values are more varied.,,,,,,,
2615,316a,316,1,No,Which graph is most suitable for showing a trend over time?,Line graph,Pie chart,Bar chart,A line graph clearly shows how values change over time.,Think about which graph type best shows change across a continuous axis like time.,,,,,,,
2616,316a,316,1,No,Which graph is most suitable for comparing proportions of a whole?,Pie chart,Line graph,Scatter graph,A pie chart shows how a total is split into proportional parts.,Think about which graph type best represents parts of a whole.,,,,,,,
2617,316a,316,2,No,Which graph is most suitable for grouped continuous data?,Histogram,Bar chart,Pictogram,A histogram is designed for continuous data grouped into class intervals.,Think about which graph type is built to handle numerical class intervals.,,,,,,,
2618,316a,316,2,No,Which graph is most suitable for comparing the spread of two data sets?,Box plot,Pie chart,Pictogram,A box plot clearly shows the spread (range and quartiles) of a data set.,Think about which graph type shows spread as well as central values.,,,,,,,
2619,316a,316,1,No,Which graph is most suitable for showing the frequency of separate categories?,Bar chart,Histogram,Line graph,A bar chart is used for comparing frequencies across distinct categories.,Think about which graph type suits data that isn't continuous.,,,,,,,
2620,316b,316,1,No,"On a bar chart, how do you identify the mode?",Find the tallest bar,Find the shortest bar,Add all the bar heights,"The mode is the category with the highest frequency, shown by the tallest bar.",The mode is simply the most frequent category.,,,,,,,
2621,316b,316,2,No,"On a frequency polygon, how do you estimate the modal class?",Find the class at the highest point,Find the class at the lowest point,Find the middle class,The modal class corresponds to the highest point on the frequency polygon.,The highest point represents the greatest frequency.,,,,,,,
2622,316c,316,2,No,"On a cumulative frequency graph, how do you estimate the median?",Read the value at half the total frequency,Read the value at the highest point,Find the middle x-axis value,"The median is estimated by reading across from half the total frequency, then down to the x-axis.",Think about which fraction of the total frequency corresponds to the middle value.,,,,,,,
2623,316c,316,1,No,"On a box plot, which line represents the median?",The line inside the box,The left whisker,The right whisker,The line inside the box marks the median value.,"The whiskers show the minimum and maximum, not the median.",,,,,,,
2624,316d,316,2,No,"On a box plot, how do you find the range?",Subtract the lowest whisker from the highest whisker,Subtract the quartiles,Use only the box width,"The range is the difference between the highest and lowest values, shown by the whisker ends.",The whiskers mark the minimum and maximum values in the data.,,,,,,,
2625,316d,316,2,No,"On a cumulative frequency graph, how do you estimate the range?",Subtract the lowest value from the highest value read off the graph,Subtract the median from the mean,Read the middle value only,The range is estimated using the smallest and largest values shown on the graph.,Think about which two values on the x-axis mark the full spread of the data.,,,,,,,
2626,316f,316,2,No,A bar chart's y-axis starts at 50 instead of 0. How could this mislead a viewer?,It exaggerates the differences between bars,It makes all bars look identical,It hides the categories used,Starting the axis above zero makes small differences look much larger than they really are.,Think about how the visual height difference changes when the axis doesn't start at zero.,,,,,,,
2627,316f,316,2,No,A pictogram uses icons of different sizes to represent the same value. Why is this misleading?,It visually distorts the proportions,It makes the data impossible to read,It always underestimates the true value,Different-sized icons make quantities appear larger or smaller than they really are.,Think about how using non-uniform symbol sizes could distort a viewer's impression.,,,,,,,
2628,316f,316,3,No,"Why is frequency density, not frequency, used for histogram bars with unequal class widths?",Frequency alone would over-represent wider classes,Frequency density is always a whole number,Frequency density is easier to calculate,Dividing by class width ensures the bar's area (not just its height) fairly represents the frequency.,Consider what would happen to a wide class's bar if height was based on frequency alone.,,,,,,,
2629,316f,316,3,No,A pie chart compares two surveys of very different sizes using equal-sized circles. Why is this misleading?,It hides that the total sample sizes are different,It hides the percentages shown,It makes the angles inaccurate,"Equal-sized circles suggest equal total amounts, even when the underlying sample sizes are very different.",Think about what information equal circle sizes fail to show.,,,,,,,
2630,317a,317,1,No,Which term describes a straight line joining two points on a circle's circumference?,Chord,Tangent,Radius,A chord is a straight line joining two points on the circumference.,"This line stays inside the circle, unlike a tangent.",,,,,,,
2631,317a,317,1,No,Which term describes a straight line that touches a circle at exactly one point?,Tangent,Chord,Diameter,A tangent touches the circle at exactly one point and doesn't cross into it.,This line stays entirely outside the circle except for one touching point.,,,,,,,
2632,317a,317,1,No,Which term describes the region enclosed between a chord and an arc?,Segment,Sector,Chord,A segment is the region between a chord and the arc it cuts off.,This region is bounded by a straight line and a curve.,,,,,,,
2633,317a,317,1,No,Which term describes the region enclosed between two radii and an arc?,Sector,Segment,Chord,A sector is the 'pie slice' region bounded by two radii and an arc.,"This region is bounded by two straight lines and a curve, like a slice of pizza.",,,,,,,
2634,317a,317,2,No,Which term describes part of the circumference of a circle?,Arc,Chord,Sector,An arc is a curved part of the circle's circumference.,"This is a length, not a region.",,,,,,,
2635,317b,317,1,No,What is true about the perpendicular bisector of a chord in a circle?,It passes through the centre,It is parallel to the chord,It never crosses the circle,The perpendicular bisector of any chord always passes through the circle's centre.,Think about which point is always equidistant from both ends of the chord.,,,,,,,
2636,317c,317,2,No,A circle has radius 10cm. A chord is 12cm long. Find the distance from the centre to the chord.,8cm,6cm,4cm,"Half the chord is 6cm, so 10^2-6^2=64, and the square root of 64 is 8cm.",Use Pythagoras with the radius as the hypotenuse and half the chord as one leg.,,,,,,,
2637,317c,317,3,No,A circle has radius 13cm. A chord is 10cm long. Find the distance from the centre to the chord.,12cm,10cm,5cm,"Half the chord is 5cm, so 13^2-5^2=144, and the square root of 144 is 12cm.",Use Pythagoras with the radius as the hypotenuse and half the chord as one leg.,,,,,,,
2638,317d,317,2,No,Chord A is 6cm from the centre of a circle. Chord B is also 6cm from the centre. What must be true about their lengths?,They are equal,Chord A is longer,Chord B is longer,Chords that are equally distant from the centre must be the same length.,Equal distances from the centre always mean equal chord lengths.,,,,,,,
2639,317d,317,2,No,Two chords in a circle are both 8cm long. What must be true about their distances from the centre?,They are equal,They must differ,One must pass through the centre,Equal-length chords are always equidistant from the centre.,Equal chord lengths always mean equal distances from the centre.,,,,,,,
2640,318a,318,1,No,A sector has radius 6cm and angle 120°. Find its arc length to 1 d.p.,12.6cm,37.7cm,6.3cm,Arc length = (120/360) × 2π × 6 = 12.6cm (1dp).,Multiply the fraction of the full turn by the circle's circumference.,,,,,,,
2641,318a,318,2,No,A sector has radius 9cm and angle 60°. Find its arc length to 1 d.p.,9.4cm,42.4cm,4.7cm,Arc length = (60/360) × 2π × 9 = 9.4cm (1dp).,Multiply the fraction of the full turn by the circle's circumference.,,,,,,,
2642,318b,318,2,No,A sector has radius 6cm and arc length 12.6cm. Find its perimeter.,24.6cm,18.6cm,12.6cm,Perimeter = arc length + 2 radii = 12.6+2×6=24.6cm.,Add the two straight radii to the arc length.,,,,,,,
2643,318b,318,2,No,A sector has radius 8cm and arc length 10cm. Find its perimeter.,26cm,18cm,10cm,Perimeter = arc length + 2 radii = 10+2×8=26cm.,Add the two straight radii to the arc length.,,,,,,,
2644,318c,318,3,No,A sector has radius 5cm and arc length 7.85cm. Find its angle.,90°,45°,180°,Angle = 360 × 7.85 ÷ (2π×5) = 90° (nearest degree).,Rearrange the arc length formula to make the angle the subject.,,,,,,,
2645,318c,318,3,No,A sector has radius 9cm and arc length 12.57cm. Find its angle.,80°,90°,70°,Angle = 360 × 12.57 ÷ (2π×9) = 80° (nearest degree).,Rearrange the arc length formula to make the angle the subject.,,,,,,,
2646,318d,318,3,No,A sector has angle 90° and arc length 15.71cm. Find its radius.,10cm,20cm,5cm,Radius = 15.71 × 360 ÷ (90×2π) = 10cm (nearest cm).,Rearrange the arc length formula to make the radius the subject.,,,,,,,
2647,318d,318,3,No,A sector has angle 60° and arc length 12.57cm. Find its radius.,12cm,6cm,24cm,Radius = 12.57 × 360 ÷ (60×2π) = 12cm (nearest cm).,Rearrange the arc length formula to make the radius the subject.,,,,,,,
2648,319a,319,1,No,A sector has radius 6cm and angle 120°. Find its area to 1 d.p.,37.7cm²,12.6cm²,75.4cm²,Area = (120/360) × π × 6^2 = 37.7cm² (1dp).,Multiply the fraction of the full turn by the area of the whole circle.,,,,,,,
2649,319a,319,2,No,A sector has radius 9cm and angle 60°. Find its area to 1 d.p.,42.4cm²,9.4cm²,254.5cm²,Area = (60/360) × π × 9^2 = 42.4cm² (1dp).,Multiply the fraction of the full turn by the area of the whole circle.,,,,,,,
2650,319b,319,2,No,A sector has radius 6cm and area 47.1cm². Find its angle.,150°,120°,90°,Angle = 360 × 47.1 ÷ (π×6^2) = 150° (nearest degree).,Rearrange the area formula to make the angle the subject.,,,,,,,
2651,319b,319,3,No,A sector has radius 8cm and area 33.5cm². Find its angle.,60°,90°,45°,Angle = 360 × 33.5 ÷ (π×8^2) = 60° (nearest degree).,Rearrange the area formula to make the angle the subject.,,,,,,,
2652,319c,319,3,No,A sector has angle 90° and area 78.5cm². Find its radius.,10cm,20cm,5cm,Radius = the square root of (78.5 × 360 ÷ (90×π)) = 10cm (nearest cm).,Rearrange the area formula to make the radius the subject.,,,,,,,
2653,319c,319,3,No,A sector has angle 60° and area 37.7cm². Find its radius.,9cm,18cm,6cm,Radius = the square root of (37.7 × 360 ÷ (60×π)) = 9cm (nearest cm).,Rearrange the area formula to make the radius the subject.,,,,,,,
2654,319e,319,3,No,A sector has radius 8cm and arc length 10cm. Find its area.,40cm²,80cm²,20cm²,Area = 0.5 × radius × arc length = 0.5×8×10=40cm².,Area of a sector equals half the radius multiplied by the arc length.,,,,,,,
2655,319e,319,3,No,A sector has radius 6cm and arc length 9cm. Find its area.,27cm²,54cm²,13.5cm²,Area = 0.5 × radius × arc length = 0.5×6×9=27cm².,Area of a sector equals half the radius multiplied by the arc length.,,,,,,,
2656,319f,319,3,No,A sector has radius 6cm and area 31.4cm². Find its perimeter to 1 d.p.,22.5cm,10.5cm,31.4cm,"The angle is 100° (nearest degree), giving arc length 10.5cm, so perimeter = 10.5+2×6=22.5cm.","Find the angle first, then the arc length, then add the two radii.",,,,,,,
2657,320a,320,1,No,What is the circumcentre of a triangle?,The point equidistant from all three vertices,The point equidistant from all three sides,The midpoint of the longest side,"The circumcentre is equidistant from the three vertices, forming the centre of the circumscribed circle.",This point is used as the centre for a circle passing through all three corners.,,,,,,,
2658,320a,320,1,No,Which construction is used to find the circumcentre of a triangle?,Perpendicular bisectors of the sides,Angle bisectors of the angles,Altitudes from each vertex,The circumcentre is where the perpendicular bisectors of all three sides meet.,Think about which construction finds points equidistant from two ends of a side.,,,,,,,
2659,320a,320,2,No,A right-angled triangle has hypotenuse 10cm. Find its circumradius.,5cm,10cm,20cm,"For a right-angled triangle, the circumcentre is the midpoint of the hypotenuse, so the circumradius is half of it: 5cm.",The circumcentre of a right-angled triangle always lies on the hypotenuse.,,,,,,,
2660,320b,320,1,No,What is the incentre of a triangle?,The point equidistant from all three sides,The point equidistant from all three vertices,The centre of the longest side,"The incentre is equidistant from all three sides, forming the centre of the inscribed circle.",This point is used as the centre for a circle that touches all three sides.,,,,,,,
2661,320b,320,2,No,Which construction is used to find the incentre of a triangle?,Angle bisectors of the angles,Perpendicular bisectors of the sides,Altitudes from each vertex,The incentre is where the angle bisectors of all three angles meet.,Think about which construction finds points equidistant from two sides.,,,,,,,
2662,320c,320,1,No,What is the angle between a tangent and the radius at the point of contact?,90°,45°,180°,A tangent always meets the radius at a right angle at the point of contact.,Think about the special right-angle relationship between a tangent and a radius.,,,,,,,
2663,320c,320,2,No,"To construct a tangent at a point on a circle, what construction is drawn at that point?",A perpendicular to the radius,A parallel to the radius,An angle bisector,The tangent is constructed perpendicular to the radius at the given point.,Recall the right-angle relationship between a tangent and a radius.,,,,,,,
2664,320d,320,1,No,What is the centroid of a triangle?,The point where the three medians meet,The point where the three sides meet,The point equidistant from all three sides,The centroid is the intersection of the three medians (lines from each vertex to the midpoint of the opposite side).,Think about lines joining each vertex to the midpoint of the opposite side.,,,,,,,
2665,320d,320,2,No,"In what ratio does the centroid divide each median, measured from the vertex?",2:01,1:01,3:01,The centroid divides each median in the ratio 2:1 from the vertex to the midpoint.,The longer part is closer to the vertex.,,,,,,,
2666,320d,320,2,No,"Triangle vertices are (0,0), (6,0), (3,9). Find the centroid.","(3,3)","(3,4.5)","(4.5,3)","Average the coordinates: ((0+6+3)/3,(0+0+9)/3)=(3,3).",Average the x-coordinates and the y-coordinates of all three vertices separately.,,,,,,,
2667,320d,320,3,No,"Triangle vertices are (2,1), (8,1), (5,7). Find the centroid.","(5,3)","(5,4.5)","(6,3)","Average the coordinates: ((2+8+5)/3,(1+1+7)/3)=(5,3).",Average the x-coordinates and the y-coordinates of all three vertices separately.,,,,,,,
2668,320e,320,1,No,What is the orthocentre of a triangle?,The point where the three altitudes meet,The point where the three medians meet,The point equidistant from the vertices,The orthocentre is the intersection of the three altitudes (perpendicular lines from each vertex to the opposite side).,Think about perpendicular lines from each vertex to the opposite side.,,,,,,,
2669,320e,320,2,No,"In a right-angled triangle, where is the orthocentre located?",At the right-angle vertex,At the midpoint of the hypotenuse,Outside the triangle,"In a right-angled triangle, the two legs are already altitudes, so they meet at the right-angle vertex.",Consider that the two shorter sides are already perpendicular to each other.,,,,,,,
2670,321a,321,1,No,"In a right triangle, which side is always opposite the right angle?",Hypotenuse,Opposite,Adjacent,"The hypotenuse is always the longest side, opposite the right angle.",This is the longest side in any right triangle.,,,,,,,
2671,321a,321,1,No,"In a right triangle with a marked angle, which side is directly across from it?",Opposite,Adjacent,Hypotenuse,"The opposite side is the one across from the marked angle, not touching it.",This side does not touch the marked angle.,,,,,,,
2672,321a,321,2,No,"In a right triangle with a marked angle, which side is between it and the right angle?",Adjacent,Opposite,Hypotenuse,The adjacent side touches both the marked angle and the right angle.,This side touches the marked angle but isn't the longest side.,,,,,,,
2673,321b,321,1,No,"To find the opposite side, given the angle and the hypotenuse, which ratio is used?",Sine,Cosine,Tangent,SOH: sine uses the opposite and hypotenuse.,Remember SOH CAH TOA — which letter pairs opposite with hypotenuse?,,,,,,,
2674,321b,321,1,No,"To find the adjacent side, given the angle and the hypotenuse, which ratio is used?",Cosine,Sine,Tangent,CAH: cosine uses the adjacent and hypotenuse.,Remember SOH CAH TOA — which letter pairs adjacent with hypotenuse?,,,,,,,
2675,321b,321,2,No,"To find the opposite side, given the angle and the adjacent side, which ratio is used?",Tangent,Sine,Cosine,TOA: tangent uses the opposite and adjacent.,Remember SOH CAH TOA — which letter pairs opposite with adjacent?,,,,,,,
2676,321b,321,1,No,State the exact value of sin(30°).,'1/2,'2/1,1,sin(30°) is one of the exact values to memorise: 1/2.,This is one of the standard exact trig values worth memorising.,,{1/2},,,,,
2677,321b,321,2,No,State the exact value of cos(30°).,√3/2,01-Feb,√2/2,cos(30°) is one of the exact values to memorise: √3/2.,This is one of the standard exact trig values worth memorising.,,{√3/2},,,,,
2678,321b,321,2,No,State the exact value of tan(30°).,√3/3,√3,01-Feb,tan(30°) is one of the exact values to memorise: √3/3.,This is one of the standard exact trig values worth memorising.,,{√3/3},,,,,
2679,321b,321,1,No,State the exact value of sin(45°).,√2/2,1,01-Feb,sin(45°) is one of the exact values to memorise: √2/2.,This is one of the standard exact trig values worth memorising.,,{√2/2},,,,,
2680,321b,321,1,No,State the exact value of cos(45°).,√2/2,1,01-Feb,cos(45°) is one of the exact values to memorise: √2/2.,This is one of the standard exact trig values worth memorising.,,{√2/2},,,,,
2681,321b,321,1,No,State the exact value of tan(45°).,1,0,√2,tan(45°) is one of the exact values to memorise: 1.,This is one of the standard exact trig values worth memorising.,,,,,,,
2682,321b,321,2,No,State the exact value of sin(60°).,√3/2,01-Feb,√3,sin(60°) is one of the exact values to memorise: √3/2.,This is one of the standard exact trig values worth memorising.,,{√3/2},,,,,
2683,321b,321,1,No,State the exact value of cos(60°).,'1/2,√3/2,√3,cos(60°) is one of the exact values to memorise: 1/2.,This is one of the standard exact trig values worth memorising.,,{1/2},,,,,
2684,321b,321,2,No,State the exact value of tan(60°).,√3,√3/3,01-Feb,tan(60°) is one of the exact values to memorise: √3.,This is one of the standard exact trig values worth memorising.,,,,,,,
2685,321c,321,1,Yes,"A right triangle has hypotenuse 10cm and angle 30°. Find the opposite side, to 1 d.p.",5cm,8.7cm,5.8cm,Opposite = 10×sin(30°) = 5cm.,Use SOH: opposite = hypotenuse × sin(angle).,,,,,,,
2686,321c,321,2,Yes,"A right triangle has hypotenuse 12cm and angle 60°. Find the adjacent side, to 1 d.p.",6cm,10.4cm,20.8cm,Adjacent = 12×cos(60°) = 6cm.,Use CAH: adjacent = hypotenuse × cos(angle).,,,,,,,
2687,321c,321,2,Yes,"A right triangle has adjacent 8cm and angle 40°. Find the opposite side, to 1 d.p.",6.7cm,6.1cm,10.4cm,Opposite = 8×tan(40°) = 6.7cm.,Use TOA: opposite = adjacent × tan(angle).,,,,,,,
2688,321c,321,2,No,A right triangle has hypotenuse 8cm and angle 30°. Find the exact opposite side.,4cm,4√3cm,8cm,Opposite = 8×sin(30°) = 8×1/2 = 4cm.,Use the exact value of sin(30°) rather than a calculator.,,,,,,,
2689,321c,321,2,No,A right triangle has hypotenuse 6cm and angle 60°. Find the exact adjacent side.,3cm,3√3cm,6cm,Adjacent = 6×cos(60°) = 6×1/2 = 3cm.,Use the exact value of cos(60°) rather than a calculator.,,,,,,,
2690,321c,321,1,No,A right triangle has adjacent 4cm and angle 45°. Find the exact opposite side.,4cm,4√2cm,2cm,Opposite = 4×tan(45°) = 4×1 = 4cm.,Use the exact value of tan(45°) rather than a calculator.,,,,,,,
2691,321c,321,3,No,"A right triangle has hypotenuse 10cm and angle 45°. Find the exact opposite side, as a surd.",5√2cm,10√2cm,5cm,Opposite = 10×sin(45°) = 10×√2/2 = 5√2cm.,Use the exact value of sin(45°) and simplify the surd.,,,,,,,
2692,321d,321,2,Yes,"A right triangle has opposite 5cm and angle 30°. Find the hypotenuse, to 1 d.p.",10cm,2.5cm,5.8cm,Hypotenuse = 5÷sin(30°) = 10cm.,Use SOH: hypotenuse = opposite ÷ sin(angle).,,,,,,,
2693,321d,321,3,Yes,"A right triangle has opposite 6cm and angle 40°. Find the hypotenuse, to 1 d.p.",9.3cm,7.1cm,4.6cm,Hypotenuse = 6÷sin(40°) = 9.3cm.,Use SOH: hypotenuse = opposite ÷ sin(angle).,,,,,,,
2694,321e,321,3,Yes,"A right triangle has legs 6cm and 8cm. Find the angle opposite the 6cm side, to 1 d.p.",36.9°,53.1°,41.4°,"The hypotenuse is 10cm (Pythagoras), so sin(θ)=6/10, giving θ=36.9°.","Find the hypotenuse first using Pythagoras, then use SOH to find the angle.",,,,,,,
2695,321h,321,2,Yes,"A person stands 20m from a tower. The angle of elevation to the top is 40°. Find the tower's height, to 1 d.p.",16.8m,25.5m,15.3m,Height = 20×tan(40°) = 16.8m.,Use TOA: opposite (height) = adjacent × tan(angle).,,,,,,,
2696,321i,321,3,Yes,"An isosceles triangle has two equal sides of 10cm and a base angle of 50°. Find the base length, to 1 d.p.",12.9cm,7.7cm,6.4cm,"Splitting the triangle in half: half the base = 10×cos(50°), so the full base = 2×10×cos(50°) = 12.9cm.","Split the isosceles triangle into two right triangles, then double the half-base.",,,,,,,
2697,321k,321,3,Yes,"A right triangle has hypotenuse 10cm and angle 30°. Find its area, to 1 d.p.",21.7cm²,50cm²,10.8cm²,"The legs are 5cm and 8.7cm (using sin and cos), so area = 0.5×5×8.7=21.7cm².","Find both legs using trigonometry first, then use the area formula.",,,,,,,
2698,321l,321,2,Yes,"An isosceles triangle has two equal sides of 8cm with an angle of 50° between them. Find its area, to 1 d.p.",24.5cm²,32cm²,16cm²,Area = 0.5×8×8×sin(50°) = 24.5cm².,Use area = 0.5 × side × side × sin(angle between them).,,,,,,,
2699,321p,321,3,Yes,Two tangents of length 12cm touch a circle of radius 5cm. Find the area of the kite formed by the tangents and radii.,60cm²,30cm²,120cm²,"The kite is made of two right triangles, each with area 0.5×5×12, giving a total of 5×12=60cm².",Each half of the kite is a right triangle with legs equal to the radius and the tangent.,,,,,,,
2700,321q,321,2,Yes,"A compound shape's slanted edge comes from a right triangle with adjacent 6cm and angle 40°. Find the slanted edge, to 1 d.p.",7.8cm,4.6cm,5cm,Hypotenuse = 6÷cos(40°) = 7.8cm.,Use CAH: hypotenuse = adjacent ÷ cos(angle).,,,,,,,
2701,321r,321,2,Yes,"A ship sails 20km on a bearing, forming a right triangle with a 35° angle from north. Find the eastward distance, to 1 d.p.",11.5km,16.4km,20km,Eastward distance = 20×sin(35°) = 11.5km.,Use SOH: opposite (eastward distance) = hypotenuse × sin(angle).,,,,,,,
2702,322a,322,1,Yes,Use a calculator to find sin⁻¹(0.5).,30°,60°,45°,sin⁻¹(0.5) = 30°.,Use the inverse sine function on your calculator.,,,,,,,
2703,322a,322,1,Yes,Use a calculator to find cos⁻¹(0.5).,60°,30°,45°,cos⁻¹(0.5) = 60°.,Use the inverse cosine function on your calculator.,,,,,,,
2704,322a,322,1,Yes,Use a calculator to find tan⁻¹(1).,45°,90°,1°,tan⁻¹(1) = 45°.,Use the inverse tangent function on your calculator.,,,,,,,
2705,322b,322,1,Yes,"A right triangle has opposite 5cm and hypotenuse 10cm. Find the angle, to 1 d.p.",30°,60°,26.6°,"sin(θ)=5/10=0.5, so θ=30°.","Use SOH, then take the inverse sine to find the angle.",,,,,,,
2706,322b,322,2,Yes,"A right triangle has adjacent 6cm and hypotenuse 12cm. Find the angle, to 1 d.p.",60°,30°,26.6°,"cos(θ)=6/12=0.5, so θ=60°.","Use CAH, then take the inverse cosine to find the angle.",,,,,,,
2707,322b,322,2,Yes,"A right triangle has opposite 7cm and adjacent 7cm. Find the angle, to 1 d.p.",45°,90°,30°,"tan(θ)=7/7=1, so θ=45°.","Use TOA, then take the inverse tangent to find the angle.",,,,,,,
2708,322c,322,3,Yes,"A right triangle has legs 6cm and 8cm. Find the angle opposite the 6cm side, to 1 d.p.",36.9°,53.1°,41.4°,"The hypotenuse is 10cm (Pythagoras), so sin(θ)=6/10, giving θ=36.9°.","Find the hypotenuse first using Pythagoras, then use SOH to find the angle.",,,,,,,
2709,322d,322,1,No,What is the term for the angle above the horizontal when looking up at an object?,Angle of elevation,Angle of depression,Angle of inclination,The angle of elevation is measured upward from the horizontal.,This angle is used when looking up at something.,,,,,,,
2710,322d,322,1,No,What is the term for the angle below the horizontal when looking down at an object?,Angle of depression,Angle of elevation,Angle of inclination,The angle of depression is measured downward from the horizontal.,This angle is used when looking down at something.,,,,,,,
2711,322e,322,2,Yes,"A tower is 15m tall. A point is 20m from its base. Find the angle of elevation to the top, to 1 d.p.",36.9°,48.6°,41.4°,"tan(θ)=15/20=0.75, so θ=36.9°.","Use TOA, then take the inverse tangent to find the angle.",,,,,,,
2712,322f,322,1,Yes,"In a right triangle, opposite ÷ hypotenuse = 0.5. Find the angle.",30°,60°,45°,"sin(θ)=0.5, so θ=30°.",This ratio matches the sine rule directly.,,,,,,,
2713,322f,322,1,No,"In a right triangle, sin(θ)=√3/2. Find θ.",60°,30°,45°,sin(60°)=√3/2 is one of the exact values worth memorising.,Match the ratio to one of the standard exact trig values.,,,,,,,
2714,322f,322,1,No,"In a right triangle, tan(θ)=1. Find θ.",45°,0°,90°,tan(45°)=1 is one of the exact values worth memorising.,Match the ratio to one of the standard exact trig values.,,,,,,,
2715,322f,322,2,No,"In a right triangle, cos(θ)=1/2. Find θ.",60°,30°,45°,cos(60°)=1/2 is one of the exact values worth memorising.,Match the ratio to one of the standard exact trig values.,,,,,,,
2716,322g,322,2,Yes,"An isosceles triangle has equal sides of 10cm and a base of 12cm. Find a base angle, to 1 d.p.",53.1°,36.9°,60°,"Half the base is 6cm, so cos(θ)=6/10, giving θ=53.1°.","Split the isosceles triangle in half first, then use CAH.",,,,,,,
2717,322i,322,2,Yes,"A right triangle has a horizontal leg of 4 units and a vertical leg of 3 units. Find the base angle, to 1 d.p.",36.9°,53.1°,41.4°,"tan(θ)=3/4, so θ=36.9°.",Use TOA with the two grid-aligned legs.,,,,,,,
2718,322l,322,3,Yes,"A right-angled trapezium has parallel sides 5cm and 9cm, and height 3cm. Find the angle between the slanted side and the base, to 1 d.p.",36.9°,53.1°,41.4°,"The horizontal offset is 4cm (9-5), so tan(θ)=3/4, giving θ=36.9°.","Find the horizontal gap between the parallel sides first, then use TOA.",,,,,,,
2719,322m,322,2,No,"A trapezium has parallel sides 6cm and 10cm, and area 40cm². Find its height.",5cm,4cm,6cm,"Area = 0.5×(6+10)×h = 40, so h=5cm.",Rearrange the trapezium area formula to make height the subject.,,,,,,,
2720,322n,322,2,Yes,"A ship sails 8km north and 6km east. Find the bearing angle turned from north, to 1 d.p.",36.9°,53.1°,41.4°,"tan(θ)=6/8=0.75, so θ=36.9°.",Use TOA with the north and east distances as the two legs.,,,,,,,
2721,322o,322,3,Yes,"A tangent of length 12cm touches a circle of radius 5cm. Find the angle between the tangent and the line to the centre, to 1 d.p.",22.6°,67.4°,23.6°,"tan(θ)=5/12, so θ=22.6°.","Use the right angle between the tangent and the radius, then apply TOA.",,,,,,,
2722,322p,322,1,Yes,"A line has an angle of inclination of 30°. Find its gradient, to 2 d.p.",0.58,0.87,0.5,Gradient = tan(30°) = 0.58.,The gradient of a line equals the tangent of its angle of inclination.,,,,,,,
2723,322p,322,2,Yes,"A line has an angle of depression of 45°. Find its gradient, to 2 d.p.",-1,1,-0.71,Gradient = -tan(45°) = -1.,A line sloping downward has a negative gradient.,,,,,,,
2724,322q,322,2,Yes,"A line passes through (0,0) and (4,3). Find its angle of inclination, to 1 d.p.",36.9°,53.1°,41.4°,"The gradient is 3/4, so the angle of inclination is tan⁻¹(3/4)=36.9°.","Find the gradient first, then take the inverse tangent.",,,,,,,
2725,323a,323,1,No,Convert 5m² to cm².,50000cm²,500cm²,5000cm²,"1m² = 10000cm², so 5×10000=50000cm².",Multiply by 10000 to convert m² to cm².,,,,,,,
2726,323a,323,1,No,Convert 3cm² to mm².,300mm²,30mm²,3000mm²,"1cm² = 100mm², so 3×100=300mm².",Multiply by 100 to convert cm² to mm².,,,,,,,
2727,323a,323,2,No,Convert 2km² to m².,2000000m²,20000m²,200000m²,"1km² = 1000000m², so 2×1000000=2000000m².",Multiply by 1000000 to convert km² to m².,,,,,,,
2728,323b,323,1,No,Convert 50000cm² to m².,5m²,500m²,0.5m²,"1m² = 10000cm², so 50000÷10000=5m².",Divide by 10000 to convert cm² to m².,,,,,,,
2729,323b,323,1,No,Convert 800mm² to cm².,8cm²,80cm²,0.8cm²,"1cm² = 100mm², so 800÷100=8cm².",Divide by 100 to convert mm² to cm².,,,,,,,
2730,323b,323,2,No,Convert 3000000m² to km².,3km²,300km²,30km²,"1km² = 1000000m², so 3000000÷1000000=3km².",Divide by 1000000 to convert m² to km².,,,,,,,
2731,323c,323,1,No,Convert 2m³ to cm³.,2000000cm³,20000cm³,200000cm³,"1m³ = 1000000cm³, so 2×1000000=2000000cm³.",Multiply by 1000000 to convert m³ to cm³.,,,,,,,
2732,323c,323,2,No,Convert 4cm³ to mm³.,4000mm³,400mm³,40mm³,"1cm³ = 1000mm³, so 4×1000=4000mm³.",Multiply by 1000 to convert cm³ to mm³.,,,,,,,
2733,323d,323,1,No,Convert 3000000cm³ to m³.,3m³,300m³,30m³,"1m³ = 1000000cm³, so 3000000÷1000000=3m³.",Divide by 1000000 to convert cm³ to m³.,,,,,,,
2734,323d,323,2,No,Convert 5000mm³ to cm³.,5cm³,500cm³,50cm³,"1cm³ = 1000mm³, so 5000÷1000=5cm³.",Divide by 1000 to convert mm³ to cm³.,,,,,,,
2735,323e,323,1,No,Convert 2 litres to cm³.,2000cm³,2cm³,20000cm³,"1 litre = 1000cm³, so 2×1000=2000cm³.",Multiply by 1000 to convert litres to cm³.,,,,,,,
2736,323e,323,2,No,Convert 500ml to cm³.,500cm³,0.5cm³,5000cm³,"1ml = 1cm³, so 500ml is 500cm³.",1 millilitre is exactly equal to 1 cubic centimetre.,,,,,,,
2737,323f,323,1,No,Convert 3000cm³ to litres.,3 litres,300 litres,30 litres,"1 litre = 1000cm³, so 3000÷1000=3 litres.",Divide by 1000 to convert cm³ to litres.,,,,,,,
2738,323f,323,2,No,Convert 2500cm³ to ml.,2500ml,250ml,25ml,"1cm³ = 1ml, so 2500cm³ is 2500ml.",1 cubic centimetre is exactly equal to 1 millilitre.,,,,,,,
2739,323g,323,2,No,A shape has area x cm². Write an expression for its area in mm².,100x,10x,1000x,Multiply by 100: x×100=100x.,Use the same conversion factor as a numerical example (1cm²=100mm²).,,,,,,,
2740,323g,323,3,No,A solid has volume y cm³. Write an expression for its volume in m³.,y/1000000,y/1000,1000000y,Divide by 1000000: y÷1000000.,Use the same conversion factor as a numerical example (1m³=1000000cm³).,,,,,,,
2741,324a,324,1,No,Two similar shapes have a length scale factor of 3. Find the area scale factor.,9,3,6,Area scale factor = (length scale factor)^2 = 3^2=9.,Square the length scale factor to get the area scale factor.,,,,,,,
2742,324a,324,2,No,Two similar shapes have a length scale factor of 5. Find the area scale factor.,25,10,5,Area scale factor = (length scale factor)^2 = 5^2=25.,Square the length scale factor to get the area scale factor.,,,,,,,
2743,324b,324,2,No,Shape A has area 20cm² and length 4cm. Similar Shape B has corresponding length 8cm. Find B's area.,80cm²,40cm²,160cm²,"The length scale factor is 2, so the area scale factor is 4, giving 20×4=80cm².","Find the length scale factor first, square it, then multiply the area.",,,,,,,
2744,324c,324,2,No,Shape A has area 20cm² and length 4cm. Similar Shape B has area 80cm². Find B's corresponding length.,8cm,16cm,10cm,"The area scale factor is 4, so the length scale factor is 2, giving 4×2=8cm.","Find the area scale factor first, square-root it, then multiply the length.",,,,,,,
2745,324d,324,1,No,Two similar solids have a length scale factor of 2. Find the volume scale factor.,8,4,6,Volume scale factor = (length scale factor)^3 = 2^3=8.,Cube the length scale factor to get the volume scale factor.,,,,,,,
2746,324d,324,2,No,Two similar solids have a length scale factor of 4. Find the volume scale factor.,64,16,12,Volume scale factor = (length scale factor)^3 = 4^3=64.,Cube the length scale factor to get the volume scale factor.,,,,,,,
2747,324e,324,2,No,Solid A has volume 50cm³ and length 5cm. Similar Solid B has corresponding length 10cm. Find B's volume.,400cm³,100cm³,200cm³,"The length scale factor is 2, so the volume scale factor is 8, giving 50×8=400cm³.","Find the length scale factor first, cube it, then multiply the volume.",,,,,,,
2748,324f,324,2,No,Solid A has volume 50cm³ and length 5cm. Similar Solid B has volume 400cm³. Find B's corresponding length.,10cm,20cm,25cm,"The volume scale factor is 8, so the length scale factor is 2, giving 5×2=10cm.","Find the volume scale factor first, cube-root it, then multiply the length.",,,,,,,
2749,324g,324,3,No,Two similar solids have volumes 8cm³ and 64cm³. The smaller has surface area 24cm². Find the larger's surface area.,96cm²,48cm²,192cm²,"The volume ratio is 8, so the length ratio is 2, giving an area ratio of 4: 24×4=96cm².","Find the length scale factor from the volumes, then square it for the area.",,,,,,,
2750,324h,324,3,No,Two similar solids have surface areas 9cm² and 36cm². The smaller has volume 27cm³. Find the larger's volume.,216cm³,108cm³,54cm³,"The area ratio is 4, so the length ratio is 2, giving a volume ratio of 8: 27×8=216cm³.","Find the length scale factor from the areas, then cube it for the volume.",,,,,,,
2751,324i,324,2,No,Two similar solids have a length ratio of 2:5. Find the ratio of their volumes.,0.420138889,2:05,4:25,Cube each part of the ratio: 2^3:5^3=8:125.,Cube each number in the length ratio to get the volume ratio.,,,,,,,
2752,324i,324,2,No,Two similar shapes have a length ratio of 3:4. Find the ratio of their areas.,9:16,3:04,6:08,Square each part of the ratio: 3^2:4^2=9:16.,Square each number in the length ratio to get the area ratio.,,,,,,,
2753,324j,324,3,No,Two similar shapes have an area ratio of 4:9. Find the ratio of their side lengths.,2:03,4:09,0.722916667,Square-root each part of the ratio: √4:√9=2:3.,Square-root each number in the area ratio to get the length ratio.,,,,,,,
2754,324j,324,3,No,Two similar solids have a volume ratio of 8:27. Find the ratio of their side lengths.,2:03,8:27,4:09,Cube-root each part of the ratio: ∛8:∛27=2:3.,Cube-root each number in the volume ratio to get the length ratio.,,,,,,,
2755,324k,324,3,No,A shape's length is increased by 20%. Find the percentage increase in area.,44%,20%,40%,"The length scale factor is 1.2, so the area scale factor is 1.2^2=1.44, a 44% increase.",Square the length scale factor (as a decimal) to find the area scale factor.,,,,,,,
2756,324l,324,2,No,Two similar solids made of the same material have a length scale factor of 3. Find the scale factor for mass.,27,9,3,"For the same material, mass scales the same as volume: 3^3=27.",Mass scales the same way as volume for objects of the same material.,,,,,,,
2757,324m,324,3,No,"A map has a scale of 1:1000. An area on the map is 5cm². Find the actual area, in m².",500m²,5000m²,50m²,"The area scale factor is 1000^2=1000000, so 5×1000000=5000000cm², which is 500m².","Square the length scale factor to get the area scale factor, then convert units.",,,,,,,
2758,324n,324,3,No,"A map has a scale of 1:500. An actual field has area 2500m². Find its area on the map, in cm².",100cm²,250cm²,50cm²,The area scale factor is 500^2=250000; converting 2500m² to 25000000cm² and dividing gives 100cm².,"Square the length scale factor to get the area scale factor, then convert units.",,,,,,,
2759,324o,324,2,No,A triangle is formed by joining the midpoints of another triangle with area 40cm². Find the inner triangle's area.,10cm²,20cm²,5cm²,"The midpoint triangle has a length scale factor of 1/2, so its area is 40×(1/2)^2=10cm².",The midpoint triangle always has a length scale factor of one half.,,,,,,,
2760,324p,324,3,No,A triangle has area x. A similar inscribed triangle has a length scale factor of 1/3. Write an expression for its area.,x/9,x/3,3x,"Area scale factor = (1/3)^2=1/9, so the inscribed triangle's area is x/9.",Square the length scale factor to find the area scale factor.,,,,,,,
2761,324q,324,3,No,A square of area 9cm² is enlarged by scale factor 3 to a similar square that contains it. Find the increase in area.,72cm²,81cm²,18cm²,"The enlarged area is 9×3^2=81cm², so the increase is 81-9=72cm².","Find the new area first using the area scale factor, then subtract the original.",,,,,,,
2762,324r,324,3,No,A large triangle has area 80cm². A similar triangle inscribed within it has half the side length. Find the difference in area.,60cm²,40cm²,20cm²,"The inner triangle's area is 80×(1/2)^2=20cm², so the difference is 80-20=60cm².","Find the inner triangle's area first using the area scale factor, then subtract.",,,,,,,
2763,324s,324,3,No,"A shape is enlarged by scale factor 2, increasing its area by 48cm². Find the original area.",16cm²,24cm²,48cm²,"The area scale factor is 4, so the increase equals 3× the original area: 48÷3=16cm².",The area increase equals the original area multiplied by (scale factor squared minus 1).,,,,,,,
2764,324t,324,2,No,"A cone is cut parallel to its base, forming a similar cone with half the height. Find the ratio of the small cone's volume to the original.",1:08,1:02,1:04,"The length scale factor is 1/2, so the volume scale factor is (1/2)^3=1/8.",Cube the length scale factor to find the volume ratio.,,,,,,,
2765,325,325,1,No,What is the formula for speed?,Distance ÷ time,Time ÷ distance,Distance × time,Speed = distance ÷ time.,This is one of the three key speed formulas to memorise.,,,,,,,
2766,325,325,1,No,What is the formula for distance?,Speed × time,Speed ÷ time,Time ÷ speed,Distance = speed × time.,This is one of the three key speed formulas to memorise.,,,,,,,
2767,325,325,1,No,"What is the formula for time, given speed and distance?",Distance ÷ speed,Speed ÷ distance,Speed × distance,Time = distance ÷ speed.,This is one of the three key speed formulas to memorise.,,,,,,,
2768,325,325,1,No,"If distance is in km and time is in hours, what unit is speed measured in?",km/h,m/s,km/min,Dividing km by hours gives km/h.,Match the distance unit and the time unit directly.,,,,,,,
2769,325,325,1,No,"If distance is in metres and time is in seconds, what unit is speed measured in?",m/s,km/h,m/min,Dividing metres by seconds gives m/s.,Match the distance unit and the time unit directly.,,,,,,,
2770,325a,325,1,No,Convert 2.5 hours to hours and minutes.,2h 30min,2h 5min,2h 50min,"0.5 hours is half of 60 minutes, which is 30 minutes.",Multiply the decimal part by 60 to get minutes.,,,,,,,
2771,325a,325,2,No,Convert 1.75 hours to hours and minutes.,1h 45min,1h 75min,1h 25min,"0.75 hours is three quarters of 60 minutes, which is 45 minutes.",Multiply the decimal part by 60 to get minutes.,,,,,,,
2772,325b,325,1,No,Convert 1 hour 30 minutes to a decimal number of hours.,1.5,1.3,1.03,"30 minutes is half of 60 minutes, so it's 0.5 hours.",Divide the minutes by 60 to get the decimal part.,,,,,,,
2773,325b,325,2,No,Convert 45 minutes to a decimal number of hours.,0.75,0.45,0.4,45÷60=0.75.,Divide the minutes by 60 to get the decimal part.,,,,,,,
2774,325c,325,1,Yes,A car travels 100km in 2 hours. Find its average speed.,50km/h,200km/h,98km/h,Speed = distance ÷ time = 100÷2=50km/h.,Use speed = distance ÷ time.,,,,,,,
2775,325d,325,2,Yes,A car travels 90km in 1 hour 30 minutes. Find its average speed.,60km/h,90km/h,45km/h,"1h30min = 1.5 hours, so speed = 90÷1.5=60km/h.",Convert the time to a decimal number of hours first.,,,,,,,
2776,325e,325,1,Yes,A car travels at 60km/h for 3 hours. Find the distance travelled.,180km,20km,63km,Distance = speed × time = 60×3=180km.,Use distance = speed × time.,,,,,,,
2777,325f,325,1,Yes,A car travels 150km at an average speed of 50km/h. Find the time taken.,3 hours,100 hours,7500 hours,Time = distance ÷ speed = 150÷50=3 hours.,Use time = distance ÷ speed.,,,,,,,
2778,325g,325,2,Yes,A journey starts at 09:00 and takes 2.5 hours. Find the end time.,11:30,11:50,11:05,"2.5 hours is 2 hours 30 minutes, so 09:00+2h30min=11:30.","Convert the decimal time to hours and minutes, then add it on.",,,,,,,
2779,325h,325,2,Yes,"A train travels 120km, leaving at 09:00 and arriving at 11:00. Find its speed.",60km/h,120km/h,240km/h,"The journey takes 2 hours, so speed = 120÷2=60km/h.",Find the time taken from the two clock times first.,,,,,,,
2780,325i,325,3,Yes,A car travels 20km in 30 minutes. Find its speed in km/h.,40km/h,20km/h,10km/h,"30 minutes = 0.5 hours, so speed = 20÷0.5=40km/h.",Convert the time into hours before dividing.,,,,,,,
2781,325j,325,3,Yes,A runner jogs around a square field of side 100m at a speed of 5m/s. Find the time for one lap.,80s,20s,500s,"The perimeter is 400m, so time = 400÷5=80s.","Find the perimeter of the square first, then use time = distance ÷ speed.",,,,,,,
2782,326,326,1,No,What is the formula for the average speed of a whole journey?,Total distance ÷ total time,Total time ÷ total distance,Distance × time,"Average speed uses the total distance and total time, not the average of separate speeds.","Always use the totals, not an average of the individual speeds.",,,,,,,
2783,326a,326,2,Yes,A journey's second part covers 90km in 3 hours. Find the speed for this part.,30km/h,270km/h,93km/h,Speed = distance ÷ time = 90÷3=30km/h.,Use speed = distance ÷ time for the second part only.,,,,,,,
2784,326a,326,2,Yes,A journey's second part is travelled at 40km/h for 2 hours. Find the distance covered.,80km,20km,42km,Distance = speed × time = 40×2=80km.,Use distance = speed × time for the second part only.,,,,,,,
2785,326b,326,2,Yes,"A journey covers 60km in 1 hour, then 40km in 1 hour. Find the average speed for the whole journey.",50km/h,100km/h,55km/h,"Total distance = 100km, total time = 2 hours, so average speed = 100÷2=50km/h.",Add up the total distance and total time before dividing.,,,,,,,
2786,326b,326,3,Yes,"A journey covers 30km in 1 hour, then 90km in 2 hours. Find the average speed for the whole journey.",40km/h,45km/h,60km/h,"Total distance = 120km, total time = 3 hours, so average speed = 120÷3=40km/h.",Add up the total distance and total time before dividing.,,,,,,,
2787,326c,326,3,Yes,"A cyclist rides 30km to town at 15km/h, then returns at the same speed. Find the total journey time.",4 hours,2 hours,8 hours,"Each leg takes 30÷15=2 hours, so the round trip takes 2+2=4 hours.","Find the time for one leg first, then double it for the return trip.",,,,,,,
2788,327,327,1,No,"On a distance-time graph, what does the gradient of a line represent?",Speed,Distance,Time,"The steeper the line, the greater the speed.",This is the same as the 'rise over run' of the line.,,,,,,,
2789,327,327,1,No,"On a distance-time graph, what does a horizontal (flat) section represent?",The object is stationary,The object is at maximum speed,The object is moving backward,"A flat section means distance isn't changing, so the object isn't moving.",Think about what a zero gradient means for speed.,,,,,,,
2790,327,327,2,No,"On a distance-time graph, what does a negative gradient represent?",Travelling back toward the start,Standing still,Speeding up,"A negative gradient means distance is decreasing, so the object is returning.",Distance decreasing over time means movement back toward the origin.,,,,,,,
2791,327a,327,1,No,"On a distance-time graph, a point is plotted at (2, 30). What distance has been travelled?",30km,2km,15km,"The y-coordinate shows the distance, which is 30km.",The distance is read from the vertical axis.,,,,,,,
2792,327b,327,1,No,"On a distance-time graph, a point is plotted at (2, 30). At what time was this?",2 hours,30 hours,32 hours,"The x-coordinate shows the time, which is 2 hours.",The time is read from the horizontal axis.,,,,,,,
2793,327c,327,2,No,A graph is flat from t=2 to t=3.5. Find the duration of this stop.,1.5 hours,2 hours,3.5 hours,Duration = 3.5-2=1.5 hours.,Subtract the start time of the flat section from its end time.,,,,,,,
2794,327d,327,2,Yes,A graph shows distance rising from 0 to 40km between t=0 and t=2 hours. Find the speed.,20km/h,40km/h,80km/h,Speed = distance ÷ time = 40÷2=20km/h.,Use speed = distance ÷ time for that section of the graph.,,,,,,,
2795,327d,327,3,Yes,A graph shows distance rising from 10km to 70km between t=1 and t=3 hours. Find the speed.,30km/h,20km/h,60km/h,Speed = change in distance ÷ change in time = (70-10)÷(3-1)=30km/h.,"Find the change in distance and the change in time, then divide.",,,,,,,
2796,327e,327,2,No,"A journey covers 30km in 1 hour, starting at t=0. Which point represents the distance after 1 hour?","(1,30)","(30,1)","(1,0)","Time goes on the x-axis and distance on the y-axis, giving (1,30).",Remember which axis shows time and which shows distance.,,,,,,,
2797,327f,327,3,Yes,A graph shows a journey of 60km taking 1.5 hours. Find the average speed shown by the graph.,40km/h,90km/h,20km/h,Speed = distance ÷ time = 60÷1.5=40km/h.,Use speed = distance ÷ time using the overall values from the graph.,,,,,,,
2798,328,328,1,No,What is the formula for density?,Mass ÷ volume,Volume ÷ mass,Mass × volume,Density = mass ÷ volume.,This is one of the three key density formulas to memorise.,,,,,,,
2799,328,328,1,No,"What is the formula for mass, given density and volume?",Density × volume,Density ÷ volume,Volume ÷ density,Mass = density × volume.,This is one of the three key density formulas to memorise.,,,,,,,
2800,328,328,1,No,"What is the formula for volume, given mass and density?",Mass ÷ density,Density ÷ mass,Mass × density,Volume = mass ÷ density.,This is one of the three key density formulas to memorise.,,,,,,,
2801,328,328,1,No,What is a common unit for density?,g/cm³,cm³/g,g/cm²,Density is commonly measured in g/cm³ or kg/m³.,Density combines a mass unit with a volume unit.,,,,,,,
2802,328a,328,1,Yes,An object has mass 50g and volume 10cm³. Find its density.,5g/cm³,500g/cm³,40g/cm³,Density = mass ÷ volume = 50÷10=5g/cm³.,Use density = mass ÷ volume.,,,,,,,
2803,328b,328,1,Yes,An object has density 3g/cm³ and volume 20cm³. Find its mass.,60g,6.7g,23g,Mass = density × volume = 3×20=60g.,Use mass = density × volume.,,,,,,,
2804,328c,328,1,Yes,An object has mass 40g and density 2g/cm³. Find its volume.,20cm³,80cm³,38cm³,Volume = mass ÷ density = 40÷2=20cm³.,Use volume = mass ÷ density.,,,,,,,
2805,328d,328,2,Yes,A cuboid measures 2cm×3cm×4cm and has density 5g/cm³. Find its mass.,120g,24g,29g,"Volume = 2×3×4=24cm³, so mass = 24×5=120g.","Find the volume of the cuboid first, then use mass = density × volume.",,,,,,,
2806,328e,328,3,Yes,"A cylinder has radius 2cm, height 5cm and density 3g/cm³. Find its mass, to 1 d.p.",188.5g,62.8g,94.2g,"Volume = π×2²×5=62.8cm³, so mass = 62.8×3=188.5g.","Find the volume of the cylinder first, then use mass = density × volume.",,,,,,,
2807,328f,328,3,Yes,An object has mass 2kg and volume 500cm³. Find its density in g/cm³.,4g/cm³,0.25g/cm³,400g/cm³,"2kg = 2000g, so density = 2000÷500=4g/cm³.",Convert the mass to grams before dividing.,,,,,,,
2808,328g,328,3,Yes,"Two objects have equal volume of 10cm³, with densities 3g/cm³ and 5g/cm³. Find the difference in their masses.",20g,2g,8g,"The masses are 30g and 50g, so the difference is 50-30=20g.","Find each mass separately using mass = density × volume, then subtract.",,,,,,,
2809,329,329,1,No,What is the formula for pressure?,Force ÷ area,Area ÷ force,Force × area,Pressure = force ÷ area.,This is one of the three key pressure formulas to memorise.,,,,,,,
2810,329,329,1,No,"What is the formula for force, given pressure and area?",Pressure × area,Pressure ÷ area,Area ÷ pressure,Force = pressure × area.,This is one of the three key pressure formulas to memorise.,,,,,,,
2811,329,329,1,No,"What is the formula for area, given force and pressure?",Force ÷ pressure,Pressure ÷ force,Force × pressure,Area = force ÷ pressure.,This is one of the three key pressure formulas to memorise.,,,,,,,
2812,329,329,1,No,What is a common unit for pressure?,N/m²,m²/N,N/m,Pressure is commonly measured in N/m² (Pascals) or N/cm².,Pressure combines a force unit with an area unit.,,,,,,,
2813,329a,329,1,Yes,A force of 20N acts on an area of 4m². Find the pressure.,5N/m²,80N/m²,16N/m²,Pressure = force ÷ area = 20÷4=5N/m².,Use pressure = force ÷ area.,,,,,,,
2814,329a,329,1,Yes,A pressure of 5N/m² acts over an area of 4m². Find the force.,20N,1.25N,9N,Force = pressure × area = 5×4=20N.,Use force = pressure × area.,,,,,,,
2815,329a,329,2,Yes,A force of 30N creates a pressure of 6N/m². Find the area.,5m²,180m²,24m²,Area = force ÷ pressure = 30÷6=5m².,Use area = force ÷ pressure.,,,,,,,
2816,329b,329,3,Yes,A force of 800N acts on an area of 4000cm². Find the pressure in N/m².,2000N/m²,0.2N/m²,20N/m²,"4000cm²=0.4m², so pressure = 800÷0.4=2000N/m².",Convert the area to m² before dividing.,,,,,,,
2817,329c,329,2,Yes,A box of weight 60N rests on a face of area 3m². Find the pressure on the ground.,20N/m²,180N/m²,63N/m²,Pressure = force ÷ area = 60÷3=20N/m².,"Use pressure = force ÷ area, treating weight as the force.",,,,,,,
2818,329d,329,3,Yes,A crate of weight 500N rests on a base of area 2500cm². Find the pressure in N/m².,2000N/m²,0.2N/m²,200N/m²,"2500cm²=0.25m², so pressure = 500÷0.25=2000N/m².",Convert the area to m² before dividing.,,,,,,,
2819,330,330,1,No,What is the formula for rate of flow?,Volume ÷ time,Time ÷ volume,Volume × time,Rate of flow = volume ÷ time.,"This works the same way as speed, but with volume instead of distance.",,,,,,,
2820,330,330,1,No,What is a common unit for rate of flow?,Litres/min,min/litres,Litres²,Rate of flow is commonly measured in litres per minute or cm³ per second.,This combines a volume unit with a time unit.,,,,,,,
2821,330a,330,1,Yes,Water flows into a tank at 5 litres/min. Find the volume after 8 minutes.,40 litres,1.6 litres,13 litres,Volume = rate × time = 5×8=40 litres.,Use volume = rate of flow × time.,,,,,,,
2822,330a,330,2,Yes,Water flows into a tank at 12 litres/min. Find the volume after 5 minutes.,60 litres,17 litres,2.4 litres,Volume = rate × time = 12×5=60 litres.,Use volume = rate of flow × time.,,,,,,,
2823,330b,330,2,Yes,A tank holds 200 litres and fills at 25 litres/min. Find the time to fill it.,8 minutes,5000 minutes,175 minutes,Time = volume ÷ rate = 200÷25=8 minutes.,Use time = volume ÷ rate of flow.,,,,,,,
2824,330b,330,2,Yes,A tank holds 150 litres and empties at 10 litres/min. Find the time to empty it.,15 minutes,1500 minutes,140 minutes,Time = volume ÷ rate = 150÷10=15 minutes.,Use time = volume ÷ rate of flow.,,,,,,,
2825,330c,330,3,Yes,A cylindrical tank has volume 3000cm³ and fills at 500cm³/min. Find the time to fill it.,6 minutes,1500000 minutes,2.5 minutes,Time = volume ÷ rate = 3000÷500=6 minutes.,Use time = volume ÷ rate of flow.,,,,,,,
2826,330c,330,3,Yes,"A cone-shaped tank has volume 942cm³ and fills at 157cm³/min. Find the time to fill it, to the nearest minute.",6 minutes,5 minutes,7 minutes,Time = volume ÷ rate = 942÷157=6 minutes (nearest minute).,Use time = volume ÷ rate of flow.,,,,,,,
2827,331a,331,1,No,Convert 5m/s to cm/s.,500cm/s,50cm/s,5000cm/s,Only the distance unit changes: 5×100=500cm/s.,Convert just the top (distance) unit; the time unit stays the same.,,,,,,,
2828,331a,331,2,No,Convert 3km/h to m/h.,3000m/h,300m/h,30m/h,Only the distance unit changes: 3×1000=3000m/h.,Convert just the top (distance) unit; the time unit stays the same.,,,,,,,
2829,331b,331,1,No,Convert 10m/s to m/min.,600m/min,10m/min,0.17m/min,Only the time unit changes: 10×60=600m/min.,Convert just the bottom (time) unit; the distance unit stays the same.,,,,,,,
2830,331b,331,2,No,Convert 120km/h to km/min.,2km/min,7200km/min,120km/min,Only the time unit changes: 120÷60=2km/min.,Convert just the bottom (time) unit; the distance unit stays the same.,,,,,,,
2831,331c,331,2,No,Convert 10m/s to km/h.,36km/h,3.6km/h,600km/h,Both units change: multiply by 3.6 to convert m/s to km/h.,"Convert the distance unit and the time unit separately, then combine.",,,,,,,
2832,331c,331,3,No,Convert 250cm/min to m/h.,150m/h,15000m/h,2.5m/h,Convert cm to m (÷100) and min to h (×60): 250÷100×60=150m/h.,"Convert the distance unit and the time unit separately, then combine.",,,,,,,
2833,331d,331,1,No,What do you multiply by to convert m/s to km/h?,3.6,1000,0.36,Multiplying by 3.6 converts m/s to km/h.,This standard conversion factor is worth memorising.,,,,,,,
2834,331d,331,1,No,Convert 15m/s to km/h.,54km/h,4.2km/h,150km/h,15×3.6=54km/h.,Multiply by 3.6 to convert m/s to km/h.,,,,,,,
2835,331d,331,2,No,Convert 72km/h to m/s.,20m/s,259.2m/s,7.2m/s,72÷3.6=20m/s.,Divide by 3.6 to convert km/h to m/s.,,,,,,,
2836,331e,331,2,No,Convert 5N/cm² to N/m².,50000N/m²,500N/m²,0.0005N/m²,Multiply by 10000: 5×10000=50000N/m².,Multiply by 10000 to convert N/cm² to N/m².,,,,,,,
2837,331e,331,2,No,Convert 20000N/m² to N/cm².,2N/cm²,200000000N/cm²,2000N/cm²,Divide by 10000: 20000÷10000=2N/cm².,Divide by 10000 to convert N/m² to N/cm².,,,,,,,
2838,331f,331,2,No,Convert 2g/cm³ to kg/m³.,2000kg/m³,0.002kg/m³,20kg/m³,Multiply by 1000: 2×1000=2000kg/m³.,Multiply by 1000 to convert g/cm³ to kg/m³.,,,,,,,
2839,331f,331,2,No,Convert 3000kg/m³ to g/cm³.,3g/cm³,3000000g/cm³,30g/cm³,Divide by 1000: 3000÷1000=3g/cm³.,Divide by 1000 to convert kg/m³ to g/cm³.,,,,,,,
2840,332a,332,1,No,A plumber charges C=40+30h for h hours. Find the cost for 3 hours.,£130,£70,£90,C=40+30×3=40+90=130.,Substitute h=3 into the formula.,,,,,,,
2841,332a,332,1,No,A taxi charges C=5+2m for m miles. Find the cost for 10 miles.,£25,£20,£7,C=5+2×10=5+20=25.,Substitute m=10 into the formula.,,,,,,,
2842,332b,332,2,No,"A conversion graph passes through (0,32) and (10,50). Find its gradient.",1.8,5,18,Gradient = (50-32)÷(10-0)=1.8.,Use gradient = change in y ÷ change in x.,,,,,,,
2843,332b,332,2,No,"A line in context passes through (0,10) and (4,26). Find its gradient.",4,6.5,16,Gradient = (26-10)÷(4-0)=4.,Use gradient = change in y ÷ change in x.,,,,,,,
2844,332c,332,1,No,"A line drawn in context passes through (0,20) and (5,45). Find its y-intercept.",20,45,25,"The y-intercept is the y-value when x=0, which is 20.","The y-intercept is where the line crosses the y-axis, when x=0.",,,,,,,
2845,332d,332,2,No,"A cost graph has a gradient of 8, with cost in £ and time in hours. What does this represent?",£8 charged per hour,A fixed charge of £8,8 hours of work,The gradient represents the rate of change: £8 for every additional hour.,The gradient shows how much the cost increases for each extra unit of x.,,,,,,,
2846,332d,332,2,No,"A distance-time graph has a gradient of 15, in km per hour. What does this represent?",A speed of 15km/h,A distance of 15km,A time of 15 hours,The gradient of a distance-time graph always represents speed.,Think about what the gradient of this specific type of graph always means.,,,,,,,
2847,332e,332,1,No,"A cost graph has a y-intercept of 40, in £. What does this represent?",A fixed starting charge of £40,A charge of £40 per hour,40 hours of work,The y-intercept is the cost before any extra units are added — a fixed charge.,Think about what the cost is when the variable (like time) is zero.,,,,,,,
2848,332e,332,2,No,A water tank graph has a y-intercept of 20 litres. What does this represent?,The starting volume in the tank,The rate the tank fills,The time to fill the tank,"The y-intercept is the value at the start, before any time has passed.",Think about what the volume is when time equals zero.,,,,,,,
2849,332f,332,1,No,A line in context has gradient 3 and y-intercept 10. Write its equation.,y=3x+10,y=10x+3,y=3x-10,"The equation of a line is y=mx+c, using the gradient and y-intercept.",Substitute the gradient and y-intercept into y=mx+c.,,,,,,,
2850,332f,332,2,No,"A line in context passes through (0,15) with gradient 4. Write its equation.",y=4x+15,y=15x+4,y=4x-15,"The y-intercept is 15, so using y=mx+c gives y=4x+15.",Substitute the gradient and y-intercept into y=mx+c.,,,,,,,
2851,332g,332,2,No,A line of best fit has a positive gradient. What does this suggest about the two variables?,"As one increases, so does the other","As one increases, the other decreases",The variables are unrelated,A positive gradient means both variables increase together.,Think about the direction the line slopes.,,,,,,,
2852,332g,332,3,No,A line of best fit has a y-intercept close to zero. What might this suggest?,The relationship starts near the origin,There is no relationship,The gradient must be zero,A y-intercept near zero suggests both variables are close to zero together.,Think about what value the line predicts when x is very small.,,,,,,,
2853,332h,332,2,No,"A line of best fit passes through (0,10) and (5,30). Find its equation.",y=4x+10,y=10x+4,y=4x-10,"Gradient = (30-10)÷5=4, and the y-intercept is 10, giving y=4x+10.","Find the gradient first, then use the y-intercept to complete the equation.",,,,,,,
2854,332i,332,1,No,A distance-time graph is flat for part of a journey. What does this represent in the story?,The person has stopped moving,The person is moving fastest,The person is going backward,"A flat section means no change in distance, so the person isn't moving.",Think about what a zero gradient means for the story being told.,,,,,,,
2855,332i,332,2,No,"A graph has a steep positive gradient at the start, becoming less steep. What might this describe?",Something speeding up then slowing down,Something staying still,Something moving at a constant rate,"A changing gradient shows the rate itself is changing, not staying constant.",Compare how steep the graph is at the start versus later on.,,,,,,,
2856,332i,332,2,No,"A graph curves upward, getting steeper and steeper. What kind of growth does this suggest?",Increasing growth (faster over time),,No growth at all,A wait,,,,,,,,
2857,334,334,1,No,What is a surd?,An irrational root that can't be simplified to a whole number,Any square root,A fraction with a root in it,A surd is a root (like √2) whose value is irrational and cannot be written as a whole number.,Surds are roots that don't simplify to a nice whole number.,,,,,,,
2858,334,334,1,No,"Which of these is a surd: √16, √20, or √25?",√20,√16,√25,"√16=4 and √25=5 are whole numbers, but √20 is irrational.",Check which of these roots gives a whole number answer.,,,,,,,
2859,334,334,1,No,Is √9 a surd?,"No, it simplifies to 3",Yes,Only sometimes,"√9=3, a whole number, so it is not a surd.",Check whether the root simplifies to a whole number.,,,,,,,
2860,334a,334,1,No,Simplify √4.,2,4,16,"√4=2, since 2×2=4.",Find the whole number that squares to give 4.,,,,,,,
2861,334a,334,2,No,Simplify √12.,2√3,4√3,√6,"12=4×3, so √12=√4×√3=2√3.",Find the largest square number factor of 12.,,,,,,,
2862,334a,334,2,No,Simplify √50.,5√2,10√5,25√2,"50=25×2, so √50=√25×√2=5√2.",Find the largest square number factor of 50.,,,,,,,
2863,334a,334,3,No,Simplify √72.,6√2,2√18,8√3,"72=36×2, so √72=√36×√2=6√2.",Find the largest square number factor of 72.,,,,,,,
2864,334b,334,2,No,Simplify 3√50.,15√2,150√2,3√50,"√50=5√2, so 3×5√2=15√2.","Simplify the surd first, then multiply by the outside number.",,,,,,,
2865,334b,334,3,No,Simplify 2√12.,4√3,2√12,24√3,"√12=2√3, so 2×2√3=4√3.","Simplify the surd first, then multiply by the outside number.",,,,,,,
2866,334c,334,2,No,Write 5√2 in the form √a.,√50,√10,√25,5√2=√25×√2=√50.,Square the outside number and put it back under the root.,,,,,,,
2867,334c,334,3,No,Write 4√3 in the form √a.,√48,√12,√64,4√3=√16×√3=√48.,Square the outside number and put it back under the root.,,,,,,,
2868,334d,334,2,No,Simplify √(9/4).,03-Feb,09-Apr,03-Apr,"√9=3 and √4=2, so √(9/4)=3/2.",Take the square root of the numerator and denominator separately.,,,,,,,
2869,334d,334,3,No,Simplify √(1 and 7/9).,04-Mar,16-Sep,07-Sep,"1 and 7/9 = 16/9, and √16=4, √9=3, giving 4/3.",Convert the mixed number to an improper fraction first.,,,,,,,
2870,335,335,1,No,"What is the rule for multiplying two surds, √a × √b?",√(a×b),√(a+b),√a + √b,√a × √b = √(a×b).,Multiply the numbers inside the roots together.,,,,,,,
2871,335a,335,1,No,Simplify √2 × √8.,4,√16,√10,√2×√8=√16=4.,"Multiply the numbers under the roots, then simplify.",,,,,,,
2872,335a,335,1,No,Simplify √3 × 5.,5√3,15,√15,A surd multiplied by a whole number just goes in front: 5√3.,There's no simplifying needed — just write the number in front of the surd.,,,,,,,
2873,335b,335,1,No,Simplify (√5)².,5,25,√5,Squaring a surd removes the root: (√5)²=5.,Squaring undoes a square root.,,,,,,,
2874,335b,335,1,No,Simplify (√7)².,7,49,√7,Squaring a surd removes the root: (√7)²=7.,Squaring undoes a square root.,,,,,,,
2875,335c,335,2,No,Simplify 2√3 × 3√5.,6√15,6√8,5√15,"Multiply the numbers together and the surds together: 2×3=6, √3×√5=√15.","Multiply the whole numbers together, then multiply the surds together.",,,,,,,
2876,335d,335,2,No,Simplify (3√2)².,18,6,9√2,(3√2)²=3²×(√2)²=9×2=18.,"Square the number outside and the surd separately, then multiply.",,,,,,,
2877,335d,335,2,No,Simplify (2√5)².,20,10,4√5,(2√5)²=2²×(√5)²=4×5=20.,"Square the number outside and the surd separately, then multiply.",,,,,,,
2878,335e,335,3,No,Simplify √6 × √8.,4√3,√48,2√12,√6×√8=√48=4√3.,"Multiply the numbers under the roots, then simplify the result.",,,,,,,
2879,335f,335,3,No,Simplify (√3)⁴.,9,3,81,(√3)⁴=((√3)²)²=3²=9.,"Square the surd first, then square the result again.",,,,,,,
2880,335f,335,3,No,Simplify (√2)³.,2√2,8,√8,(√2)³=(√2)²×√2=2×√2=2√2.,"Split off two factors of the surd first, since they square to a whole number.",,,,,,,
2881,335g,335,1,No,Simplify √12 ÷ √3.,2,√4,√9,√12÷√3=√(12÷3)=√4=2.,"Divide the numbers under the roots, then simplify.",,,,,,,
2882,335g,335,2,No,Simplify √20 ÷ √5.,2,√4,√15,√20÷√5=√(20÷5)=√4=2.,"Divide the numbers under the roots, then simplify.",,,,,,,
2883,335h,335,3,No,Simplify √72 ÷ √3.,2√6,√24,4√3,√72÷√3=√24=2√6.,"Divide the numbers under the roots first, then simplify the result.",,,,,,,
2884,335i,335,2,No,Simplify √x × √x.,x,√x,2x,"√x×√x=x, since squaring undoes the square root.",Squaring a surd always removes the root.,,,,,,,
2885,335i,335,2,No,Simplify 3√a × 2√a.,6a,6√a,5a,"3×2=6, and √a×√a=a, giving 6a.","Multiply the whole numbers together, then simplify √a×√a.",,,,,,,
2886,335i,335,3,No,Simplify (6√x) ÷ (2√x).,3,3√x,3x,"6÷2=3, and √x÷√x=1, giving 3.","The surds cancel out completely, leaving just the whole numbers.",,,,,,,
2887,335j,335,2,No,A geometric sequence has first term 4 and common ratio √2. Find the 3rd term.,8,4√2,16,3rd term = 4×(√2)²=4×2=8.,Multiply the first term by the common ratio squared.,,,,,,,
2888,335j,335,3,No,A geometric sequence has first term 4 and common ratio √2. Find the 2nd term.,4√2,8,4,2nd term = 4×√2=4√2.,Multiply the first term by the common ratio once.,,,,,,,
2889,336,336,1,No,Can √2 and √3 be added together to make a single surd term?,"No, they have different roots","Yes, giving √5","Yes, giving √6",Only surds with the same root (like √2 and √2) can be combined by adding.,"Only like surds can be combined, just like collecting like terms in algebra.",,,,,,,
2890,336a,336,1,No,Simplify 3√2 + 5√2.,8√2,8√4,15√2,"Add the numbers in front, keeping the surd the same: 3+5=8.","Add the coefficients, just like collecting like terms.",,,,,,,
2891,336a,336,1,No,Simplify 7√3 - 2√3.,5√3,5√6,9√3,"Subtract the numbers in front, keeping the surd the same: 7-2=5.","Subtract the coefficients, just like collecting like terms.",,,,,,,
2892,336a,336,2,No,Simplify 4√5 + √5.,5√5,4√5,5√10,"√5 is the same as 1√5, so 4+1=5.",Remember that a surd on its own has an invisible coefficient of 1.,,,,,,,
2893,336b,336,2,No,Simplify √8 + √2.,3√2,√10,2√2,"√8=2√2, so 2√2+√2=3√2.","Simplify each surd first, then combine like terms.",,,,,,,
2894,336b,336,3,No,Simplify √50 - √18.,2√2,√32,8√2,"√50=5√2 and √18=3√2, so 5√2-3√2=2√2.","Simplify each surd first, then combine like terms.",,,,,,,
2895,336b,336,3,No,Simplify √12 + √27.,5√3,√39,6√3,"√12=2√3 and √27=3√3, so 2√3+3√3=5√3.","Simplify each surd first, then combine like terms.",,,,,,,
2896,336c,336,1,No,Is the sum of a rational number and an irrational number always irrational?,Yes,No,Only sometimes,"Adding a rational number can never cancel out the irrational part, so the sum is always irrational.",Think about whether a rational number could ever cancel out an irrational one by adding.,,,,,,,
2897,336c,336,2,No,Is the product of two irrational numbers always irrational?,No — for example √2×√2=2,"Yes, always",Only if they are equal,"√2×√2=2, which is rational, so the product of two irrationals isn't always irrational.",Try squaring a surd — what type of number do you get?,,,,,,,
2898,336c,336,2,No,Is 3+√2 rational or irrational?,Irrational,Rational,Neither,Adding a rational number to an irrational one always gives an irrational result.,Think about whether the surd part can ever be removed by adding a whole number.,,,,,,,
2899,337a,337,1,No,Expand √2(3+√2).,2+3√2,5+√2,6+√2,"Multiply out: √2×3=3√2, and √2×√2=2, giving 2+3√2.",Multiply the term outside by each term inside the bracket separately.,,,,,,,
2900,337a,337,2,No,Expand √3(4+√5).,4√3+√15,4√3+√8,9√3,"Multiply out: √3×4=4√3, and √3×√5=√15.",Multiply the term outside by each term inside the bracket separately.,,,,,,,
2901,337b,337,2,No,Expand √2(√8+3).,4+3√2,4+3√8,√10+3√2,"√2×√8=√16=4, and √2×3=3√2, giving 4+3√2.",Simplify any surd products where possible.,,,,,,,
2902,337b,337,3,No,Expand √3(√12+2).,6+2√3,6+2√12,√36+2√3,"√3×√12=√36=6, and √3×2=2√3, giving 6+2√3.",Simplify any surd products where possible.,,,,,,,
2903,337c,337,2,No,Expand (2+√3)(4+√3).,11+6√3,8+6√3+3,8+3,2×4+2√3+4√3+(√3)²=8+6√3+3=11+6√3.,"Multiply every term in the first bracket by every term in the second, then simplify.",,,,,,,
2904,337c,337,3,No,Expand (1+√5)(3+√5).,8+4√5,3+4√5+5,3+√5,1×3+1×√5+3×√5+(√5)²=3+4√5+5=8+4√5.,"Multiply every term in the first bracket by every term in the second, then simplify.",,,,,,,
2905,337d,337,3,No,Expand (1+√8)(2+√2).,6+5√2,2+√2+2√8,6+3√2,"Expanding gives 2+√2+2√8+√16; since √8=2√2 and √16=4, this simplifies to 6+5√2.",Simplify any surds inside the brackets before or after expanding.,,,,,,,
2906,337e,337,3,No,Expand (2+3√2)(1+2√2).,14+7√2,2+7√2+6,14+6√2,2+4√2+3√2+6×2=2+7√2+12=14+7√2.,"Multiply every term carefully, remembering (√2)²=2.",,,,,,,
2907,337f,337,2,No,Expand (2+√3)².,7+4√3,4+3,7+2√3,(2+√3)²=4+4√3+3=7+4√3.,Expand as two identical brackets multiplied together.,,,,,,,
2908,337f,337,3,No,Expand (1+√5)².,6+2√5,1+5,6+√5,(1+√5)²=1+2√5+5=6+2√5.,Expand as two identical brackets multiplied together.,,,,,,,
2909,337g,337,3,No,Expand (1+√2)(1+√2)(1-√2).,#NAME?,1-√2,#NAME?,"(1+√2)(1-√2)=1-2=-1 first, then -1×(1+√2)=-1-√2.",Multiply the two brackets that give a difference of squares first.,,,,,,,
2910,337h,337,3,No,"If (a+√3)(2+√3)=b+5√3, find the values of a and b.","a=3, b=9","a=5, b=3","a=3, b=6","Expanding gives 2a+3+(a+2)√3; matching coefficients gives a+2=5 and b=2a+3, so a=3, b=9.","Expand the bracket, then compare the surd terms and the whole-number terms separately.",,,,,,,
2911,338a,338,1,No,A right triangle has legs 2cm and 3cm. Find the hypotenuse in simplified surd form.,√13cm,√5cm,5cm,"2²+3²=13, so the hypotenuse is √13cm (13 has no square factor, so it's already simplest).","Add the squares of the legs, then take the square root.",,,,,,,
2912,338a,338,2,No,A right triangle has legs 2cm and 4cm. Find the hypotenuse in simplified surd form.,2√5cm,√20cm,6cm,"2²+4²=20, so the hypotenuse is √20=2√5cm.","Add the squares of the legs, take the square root, then simplify.",,,,,,,
2913,338b,338,2,No,"Find the distance between (0,0) and (2,3), in simplified surd form.",√13,√5,5,"The differences are 2 and 3, so 2²+3²=13, giving √13.","Find the horizontal and vertical differences, then use Pythagoras.",,,,,,,
2914,338b,338,2,No,"Find the distance between (1,2) and (4,4), in simplified surd form.",√13,√10,√6,"The differences are 3 and 2, so 3²+2²=13, giving √13.","Find the horizontal and vertical differences, then use Pythagoras.",,,,,,,
2915,338c,338,2,No,A right triangle has legs √2cm and √7cm. Find the hypotenuse.,3cm,√9cm,√14cm,"(√2)²+(√7)²=2+7=9, so the hypotenuse is √9=3cm.",Squaring a surd leg removes the root before you add.,,,,,,,
2916,338c,338,3,No,"A right triangle has legs √3cm and √5cm. Find the hypotenuse, in simplified surd form.",2√2cm,√8cm,√15cm,"(√3)²+(√5)²=3+5=8, so the hypotenuse is √8=2√2cm.",Squaring a surd leg removes the root before you add.,,,,,,,
2917,338d,338,3,No,"A right triangle has legs (√2+1)cm and (√2-1)cm. Find the hypotenuse, in simplified surd form.",√6cm,2cm,√2cm,"(√2+1)²+(√2-1)²=(3+2√2)+(3-2√2)=6, so the hypotenuse is √6cm.",Expand each squared bracket carefully — the surd terms should cancel.,,,,,,,
2918,338e,338,3,No,"A shape's perimeter includes 3cm, 5cm, and the hypotenuse of a right triangle with legs 2cm and 4cm. Find the total perimeter, in surd form.",8+2√5cm,8+√20cm,10+2√5cm,"The hypotenuse is 2√5cm (from legs 2 and 4), so the perimeter is 3+5+2√5=8+2√5cm.","Find the missing side using Pythagoras first, then add all the sides together.",,,,,,,
2919,338f,338,3,No,"A rectangle has one side equal to the hypotenuse of a right triangle with legs 2cm and 3cm, and the other side 4cm. Find its area, in surd form.",4√13cm²,√13cm²,8√13cm²,"The hypotenuse is √13cm, so the area is 4×√13=4√13cm².","Find the missing side using Pythagoras first, then multiply for the area.",,,,,,,
2920,339,339,1,No,"When solving an inequality, what happens if you multiply or divide both sides by a negative number?",The inequality sign flips,Nothing changes,The inequality becomes an equation,Multiplying or dividing by a negative number reverses the direction of the inequality.,This is one of the most important rules to remember when solving inequalities.,,,,,,,
2921,339,339,1,No,Solving an inequality gives x>5. Is x=5 itself a solution?,No,Yes,Only sometimes,The strict inequality > does not include the value 5 itself.,A strict inequality symbol does not include the boundary value.,,,,,,,
2922,339,339,1,No,Solving an inequality gives x≥3. Is x=3 itself a solution?,Yes,No,Only sometimes,"The ≥ symbol includes the boundary value, so 3 is a solution.","This symbol includes the boundary value, unlike a strict inequality.",,,,,,,
2923,339a,339,1,No,Solve x+3>7.,x>4,x>10,x<4,Subtract 3 from both sides: x>7-3=4.,Subtract 3 from both sides to isolate x.,,,,,,,
2924,339a,339,1,No,Solve 2x<10.,x<5,x<20,x<8,Divide both sides by 2: x<10÷2=5.,Divide both sides by 2 to isolate x.,,,,,,,
2925,339b,339,1,No,Solve 2x+3>7.,x>2,x>5,x>10,"Subtract 3, then divide by 2: 2x>4, so x>2.","Subtract the constant first, then divide by the coefficient of x.",,,,,,,
2926,339b,339,2,No,Solve 3x-1<8.,x<3,x<9,x<7,"Add 1, then divide by 3: 3x<9, so x<3.","Add the constant first, then divide by the coefficient of x.",,,,,,,
2927,339c,339,2,No,Solve x/2>3.,x>6,x>1.5,x>5,Multiply both sides by 2: x>3×2=6.,Multiply both sides by the denominator to clear the fraction.,Solve {x/2}>3,,,,,,
2928,339c,339,2,No,Solve x/3+1<4.,x<9,x<3,x<15,"Subtract 1, then multiply by 3: x/3<3, so x<9.","Subtract the constant first, then multiply by the denominator.",Solve {x/3}+1<4,,,,,,
2929,339d,339,2,No,Solve 2(x+3)>10.,x>2,x>7,x>5,"Divide by 2, then subtract 3: x+3>5, so x>2.",Divide both sides by 2 to remove the bracket first.,,,,,,,
2930,339d,339,2,No,Solve 3(x-1)<12.,x<5,x<4,x<3,"Divide by 3, then add 1: x-1<4, so x<5.",Divide both sides by 3 to remove the bracket first.,,,,,,,
2931,339e,339,3,No,Solve (x+2)/3>4.,x>10,x>12,x>2,"Multiply by 3, then subtract 2: x+2>12, so x>10.",Multiply both sides by 3 to clear the fraction first.,Solve {x+2/3}>4,,,,,,
2932,339f,339,2,No,Solve -2x>6.,x<-3,x>-3,x<3,"Divide by -2, flipping the sign: x<6÷(-2)=-3.",Remember to flip the inequality when dividing by a negative number.,,,,,,,
2933,339f,339,3,No,Solve -3x+1<10.,x>-3,x<-3,x>3,"Subtract 1, then divide by -3, flipping the sign: -3x<9, so x>-3.",Remember to flip the inequality when dividing by a negative number.,,,,,,,
2934,339g,339,2,No,Find the greatest integer that satisfies 2x<11.,5,6,5.5,"2x<11 gives x<5.5, so the greatest integer is 5.","Solve the inequality first, then round down to the nearest integer.",,,,,,,
2935,339g,339,2,No,Find the least integer that satisfies 3x>10.,4,3,3.3,"3x>10 gives x>3.33, so the least integer is 4.","Solve the inequality first, then round up to the nearest integer.",,,,,,,
2936,339h,339,2,No,Solve x-1>2 and state whether the number line circle at the boundary is open or closed.,"x>3, open circle","x>1, closed circle","x>3, closed circle","x-1>2 gives x>3; since the inequality is strict, the circle is open.",A strict inequality (no 'or equal to') always uses an open circle.,,,,,,,
2937,339i,339,3,No,"Solve 2x<9, where x is a positive integer. List the possible values.","1,2,3,4","1,2,3,4,5","0,1,2,3,4","2x<9 gives x<4.5, and the positive integers below this are 1,2,3,4.","Solve the inequality first, then list only the values from the given number set.",,,,,,,
2938,340,340,1,No,"When solving an inequality with x on both sides, what's the first step?",Collect the x terms on one side,Always multiply both sides,Swap the two sides,"Just like an equation, gather all the x terms on one side first.",Treat this the same way you would when solving an equation with x on both sides.,,,,,,,
2939,340a,340,1,No,Solve 5x+2>2x+11.,x>3,x>9,x>4,"Subtract 2x from both sides: 3x+2>11, then subtract 2: 3x>9, so x>3.",Subtract the smaller x term from both sides first.,,,,,,,
2940,340a,340,2,No,Solve 4x-1<x+8.,x<3,x<9,x<7,"Subtract x from both sides: 3x-1<8, then add 1: 3x<9, so x<3.",Subtract the smaller x term from both sides first.,,,,,,,
2941,340b,340,2,No,Solve 2(x+1)>x+8.,x>6,x>7,x>3,"Expand the bracket: 2x+2>x+8, then subtract x and 2: x>6.","Expand the bracket first, then collect the x terms on one side.",,,,,,,
2942,340b,340,3,No,Solve 3(x-2)<x+4.,x<5,x<10,x<2,"Expand the bracket: 3x-6<x+4, then subtract x and add 6: 2x<10, so x<5.","Expand the bracket first, then collect the x terms on one side.",,,,,,,
2943,340c,340,3,No,Solve x/2+3>x-1.,x<8,x>8,x<2,"Multiply by 2: x+6>2x-2, then rearrange: 8>x, so x<8.",Clear the fraction first by multiplying both sides by 2.,Solve {x/2}+3>x-1,,,,,,
2944,340d,340,3,No,Solve x/2+1>x/3+2.,x>6,x<6,x>1,"Multiply by 6: 3x+6>2x+12, then rearrange: x>6.",Clear both fractions first by multiplying both sides by 6.,Solve {x/2}+1>{x/3}+2,,,,,,
2945,341,341,1,No,What does the two-ended inequality 2<x<7 mean?,x is greater than 2 and less than 7,x is greater than 2 or less than 7,x equals 2 or 7,This means x satisfies both conditions at once: above 2 and below 7.,Both inequality symbols must be true at the same time.,,,,,,,
2946,341a,341,1,No,Solve 2<x+3<7.,#NAME?,5<x<10,#NAME?,"Subtract 3 from all three parts: 2-3<x<7-3, giving -1<x<4.",Apply the same operation to all three parts of the inequality.,,,,,,,
2947,341a,341,2,No,Solve 5<x-2<9.,7<x<11,3<x<7,7<x<9,"Add 2 to all three parts: 5+2<x<9+2, giving 7<x<11.",Apply the same operation to all three parts of the inequality.,,,,,,,
2948,341b,341,2,No,Solve 3<2x+1<9.,1<x<4,2<x<8,1<x<8,"Subtract 1, then divide by 2: 2<2x<8, so 1<x<4.",Apply each step to all three parts of the inequality.,,,,,,,
2949,341b,341,3,No,Solve 1<2x+3<11.,#NAME?,#NAME?,2<x<4,"Subtract 3, then divide by 2: -2<2x<8, so -1<x<4.",Apply each step to all three parts of the inequality.,,,,,,,
2950,341c,341,2,No,Solve 2<x/2<5.,4<x<10,1<x<2.5,4<x<5,"Multiply all three parts by 2: 2×2<x<5×2, giving 4<x<10.",Multiply every part of the inequality by the denominator.,Solve 2<{x/2}<5,,,,,,
2951,341d,341,2,No,Solve -1<x<4 and list the integer values that satisfy it.,"0,1,2,3","-1,0,1,2,3,4","0,1,2,3,4","The integers strictly between -1 and 4 are 0,1,2,3.",List only the integers strictly between the two boundary values.,,,,,,,
2952,341e,341,3,No,Solve 6<-2x<10.,#NAME?,3<x<5,#NAME?,"Dividing by -2 flips both inequality signs: -3>x>-5, which is -5<x<-3.",Remember to flip both inequality signs when dividing by a negative number.,,,,,,,
2953,341f,341,3,No,Solve -1<2x+1<7 and state whether the number line circles are open or closed.,"-1<x<3, both open","-1<x<3, both closed","0<x<3, both open","Subtract 1, then divide by 2: -2<2x<6, so -1<x<3; both symbols are strict, so both circles are open.","Solve the inequality first, then check whether each symbol includes its boundary value.",,,,,,,
2954,341g,341,2,No,x>5 and x>2 are both true. Which single inequality represents both conditions?,x>5,x>2,x>7,"Any value satisfying x>5 automatically satisfies x>2, so the stronger condition applies.",The stricter condition automatically includes the weaker one.,,,,,,,
2955,341h,341,2,No,Combine x>2 and x<8 into a single inequality.,2<x<8,x<2 or x>8,2≤x≤8,"Both conditions must hold at once, giving the range between them.",Combine both conditions into a single two-ended inequality.,,,,,,,
2956,341i,341,3,No,x≤-2 or x≥3. Does x=0 satisfy this combined condition?,No,Yes,Only if x is an integer,"0 is neither ≤-2 nor ≥3, so it doesn't satisfy either part.",Check whether 0 satisfies at least one of the two separate conditions.,,,,,,,
2957,341j,341,2,No,Solve x+1>3 and 2x<10. List the integer values that satisfy both.,"3,4","2,3,4,5","3,4,5","The first gives x>2, the second gives x<5, so integers satisfying both are 3 and 4.","Solve each inequality separately, then find integers satisfying both.",,,,,,,
2958,341k,341,3,No,Solve x<3x-4<x+10.,2<x<7,2<x<10,#NAME?,"Splitting into two parts: x<3x-4 gives x>2, and 3x-4<x+10 gives x<7, so 2<x<7.",Split the inequality into two separate parts and solve each one.,,,,,,,
2959,342a,342,1,No,"A number is multiplied by 3, and the result is more than 21. Form an inequality and solve for the number x.","3x>21, so x>7","3x>21, so x>63",x>21,3x>21 divides to give x>7.,"Translate the words into an inequality first, then solve it.",,,,,,,
2960,342a,342,2,No,Tickets cost $5 each. Tom has $32. Form an inequality for the number of tickets n he can buy.,5n≤32,5n≥32,5n<32,"The total cost must be no more than what Tom has, so 5n≤32.",Think about whether the total cost can equal his budget exactly.,,,,,,,
2961,342a,342,2,No,Tickets cost $5 each. Tom has $32. Find the greatest number of tickets he can buy.,6,7,6.4,"5n≤32 gives n≤6.4, so the greatest whole number of tickets is 6.","Solve the inequality first, then round down since tickets can't be bought in fractions.",,,,,,,
2962,342b,342,2,No,"x+y<10, and y=3. Find the possible values of x.",x<7,x<10,x<13,"Substitute y=3: x+3<10, so x<7.","Substitute the known value first, then solve for the remaining variable.",,,,,,,
2963,342b,342,3,No,"The sum of two numbers is less than 15. One number is 6. Find the range for the other number, y.",y<9,y<15,y<21,6+y<15 gives y<9.,"Form an inequality using the given information, then solve for y.",,,,,,,
2964,342c,342,2,No,3 less than double a number x is between 5 and 15. Form and solve the inequality.,"5<2x-3<15, so 4<x<9","5<2x-3<15, so 1<x<6","5<2x+3<15, so 1<x<6","Solving 5<2x-3<15: add 3 to get 8<2x<18, then divide by 2 to get 4<x<9.","Translate the words into a two-ended inequality first, then solve all three parts.",,,,,,,
2965,342c,342,3,No,"A number x, when 4 is added, gives a result between 10 and 20. Form and solve the inequality.","10<x+4<20, so 6<x<16","10<x+4<20, so 14<x<24","6<x+4<16, so 2<x<12",Solving 10<x+4<20: subtract 4 from all three parts to get 6<x<16.,"Translate the words into a two-ended inequality first, then solve all three parts.",,,,,,,
2966,344a,344,1,No,Is hair colour qualitative or quantitative data?,Qualitative,Quantitative,Discrete,"Hair colour is a describing word, not a number, so it's qualitative.","Can this data be counted as a number, or is it a description?",,,,,,,
2967,344a,344,1,No,Is height in cm qualitative or quantitative data?,Quantitative,Qualitative,Categorical,"Height is a numerical measurement, so it's quantitative.","Can this data be counted as a number, or is it a description?",,,,,,,
2968,344b,344,1,No,Is shoe size discrete or continuous data?,Discrete,Continuous,Qualitative,"Shoe sizes take specific separate values, so they're discrete.","Can the data take any value, or only specific separate ones?",,,,,,,
2969,344b,344,2,No,Is time to run 100m discrete or continuous data?,Continuous,Discrete,Qualitative,"Time can take any value within a range, so it's continuous.","Can the data take any value, or only specific separate ones?",,,,,,,
2970,344c,344,2,No,"Is exam grade (A, B, C) categorical or ordinal data?",Ordinal,Categorical,Bivariate,"Grades have a clear order, making the data ordinal.",Ordinal data has categories with a meaningful order.,,,,,,,
2971,344c,344,2,No,Height and weight recorded together for each person is what type of data?,Bivariate,Univariate,Ordinal,Two variables recorded together is called bivariate data.,'Bi' means two — think of two variables paired together.,,,,,,,
2972,344d,344,1,No,Data you collect yourself is called what?,Primary data,Secondary data,Qualitative data,Data collected first-hand by you is primary data.,"This is data straight from the original source, collected by you.",,,,,,,
2973,344d,344,1,No,Data taken from a published report is called what?,Secondary data,Primary data,Discrete data,Data collected by someone else and reused is secondary data.,This data already existed before you used it.,,,,,,,
2974,344e,344,2,No,Give one advantage of primary data.,You control how it's collected,It's always free,It's always more accurate,Collecting it yourself means you can tailor the method to your needs.,Think about what you gain by collecting the data yourself.,,,,,,,
2975,344e,344,2,No,Give one disadvantage of secondary data.,It may not fit your exact purpose,It's always biased,It's too expensive,"Secondary data was collected for a different purpose, so it may not match your needs.",Think about a limitation of using data someone else collected.,,,,,,,
2976,345a,345,1,No,What is a census?,Surveying the whole population,Surveying part of a population,A type of chart,A census collects data from every member of the population.,Think about 'whole' versus 'part' of a group.,,,,,,,
2977,345a,345,1,No,What is a sample?,Part of a population studied,The whole population,A biased data set,A sample is a smaller group taken from the population.,Think about 'whole' versus 'part' of a group.,,,,,,,
2978,345a,345,2,No,Give one disadvantage of a census.,Time-consuming and expensive,Always inaccurate,Too small to be useful,Surveying an entire population takes a lot of time and money.,Think about the cost of collecting data from everyone.,,,,,,,
2979,345a,345,2,No,Give one advantage of sampling over a census.,Cheaper and quicker,Always 100% accurate,Covers the whole population,A sample needs less time and money to collect than a census.,Think about what you save by not surveying everyone.,,,,,,,
2980,345b,345,1,No,"What is a population, in statistics?",The entire group being studied,A small sample of people,A list of random numbers,The population is the complete set of items or people of interest.,This is the full group you want to find out about.,,,,,,,
2981,345b,345,2,No,What is a sampling frame?,A list of all members of the population,The final sample chosen,A type of survey question,The sampling frame is the list you choose the sample from.,This is the source list used to pick a sample.,,,,,,,
2982,346a,346,1,No,Watching and recording behaviour directly is called what method?,Observation,Interview,Census,Directly watching and recording is called observation.,This method doesn't involve asking any questions.,,,,,,,
2983,346a,346,1,No,Asking people questions face-to-face is called what method?,Interview,Observation,Sampling frame,Asking questions directly to a person is an interview.,This method involves a spoken conversation.,,,,,,,
2984,346b,346,2,No,What should a data collection sheet include for tallying results?,Categories and a tally column,Only a title,Random numbers,A good data collection sheet has clear categories with space to tally.,Think about what's needed to record and count results easily.,,,,,,,
2985,346c,346,1,No,What type of question gives fixed answer options to choose from?,Closed question,Open question,Leading question,A closed question limits answers to set options.,This type of question restricts the possible answers.,,,,,,,
2986,346c,346,2,No,What type of question allows any answer in the respondent's own words?,Open question,Closed question,Biased question,An open question lets people answer freely.,This type of question has no fixed answer options.,,,,,,,
2987,346d,346,2,No,Why is 'Don't you agree homework is bad?' a poor survey question?,It's a leading question,It's too short,It has too many options,The question pushes the respondent toward a particular answer.,Think about whether the question influences the answer given.,,,,,,,
2988,346d,346,2,No,Why is 'How old are you?' with no answer boxes a weak question?,It has no response options or ranges,It's too polite,It's a closed question,"Without options or ranges, answers can be inconsistent and hard to analyse.",Think about how easy the answers would be to collect and compare.,,,,,,,
2989,346e,346,2,No,Which is the better written question: 'How old are you?' or 'Aren't you quite old?',How old are you?,Aren't you quite old?,Both are equally good,"The first question is neutral, while the second leads the respondent.",A good question should not suggest an expected answer.,,,,,,,
2990,346f,346,2,No,Give one advantage of interviews over questionnaires.,Answers can be clarified or followed up,They are always faster,They are always cheaper,"In an interview, the interviewer can ask follow-up questions.",Think about what a conversation allows that a written form doesn't.,,,,,,,
2991,346f,346,2,No,Give one advantage of anonymous questionnaires over interviews.,People may answer more honestly,They always get more detail,They are always quicker to analyse,Anonymity can encourage honesty on sensitive topics.,Think about how anonymity might change a respondent's answers.,,,,,,,
2992,346g,346,1,No,What is the purpose of a pilot study?,To test the survey before full use,To collect the final results,To choose the sample size,A pilot study trials the survey to find and fix any problems first.,Think about testing something small-scale before the real thing.,,,,,,,
2993,348a,348,1,No,What is a random sample?,One where every member has an equal chance of being chosen,One chosen by convenience,One chosen based on judgement,A random sample gives every member an equal chance of selection.,Think about fairness of chance for every member of the population.,,,,,,,
2994,348a,348,1,No,What is a biased sample?,One that doesn't fairly represent the population,One that is too large,One with a sampling frame,A biased sample over- or under-represents parts of the population.,Think about a sample that gives a misleading picture.,,,,,,,
2995,348b,348,2,No,Name one method of taking a simple random sample.,Random number generator,Choosing the nearest people,Choosing every 10th person,A random number generator is a common way to pick a truly random sample.,Think of a method that removes any human choice or pattern.,,,,,,,
2996,348c,348,2,No,A sampling frame has 50 people numbered 1-50. A random generator gives 23. Who is selected?,Person 23,Person 50,Person 27,The number generated directly matches the numbered person.,Match the generated number to its numbered person in the list.,,,,,,,
2997,348c,348,3,No,"A sampling frame has 30 people numbered 1-30. Random numbers give 5, 17, 12. List the people selected.","5, 17, 12","1, 2, 3","30, 29, 28",Each generated number directly matches a numbered person in the frame.,Match each generated number to its numbered person in the list.,,,,,,,
2998,349a,349,1,No,Selecting every 5th person on a list is called what sampling method?,Systematic sampling,Random sampling,Stratified sampling,Choosing at a fixed regular interval is systematic sampling.,"This method uses a fixed, regular pattern to choose people.",,,,,,,
2999,349a,349,1,No,Choosing people because they're easy to reach is called what method?,Convenience sampling,Systematic sampling,Stratified sampling,Picking whoever is easiest to access is convenience sampling.,"This method is based on ease of access, not fairness.",,,,,,,
3000,349a,349,2,No,Selecting people based on personal judgement of what's typical is called what?,Quota sampling,Random sampling,Systematic sampling,Choosing based on judgement to fill set categories is quota sampling.,This method relies on the researcher's own judgement.,,,,,,,
3001,349b,349,2,No,Give one disadvantage of convenience sampling.,It may not be representative,It's always expensive,It always takes the longest,"Convenience samples often miss parts of the population, causing bias.",Think about who might be left out using this method.,,,,,,,
3002,349b,349,2,No,Give one advantage of systematic sampling.,It's quick and simple to carry out,It always removes all bias,It needs no sampling frame,Following a fixed pattern makes this method fast and easy to apply.,Think about the ease of following a regular pattern.,,,,,,,
3003,349c,349,2,No,Is convenience sampling suitable for a study needing representative results?,No,Yes,Only for large populations,"Convenience sampling often introduces bias, making it unsuitable here.",Think about whether ease of access guarantees fairness.,,,,,,,
3004,350a,350,2,No,A school has 200 boys and 300 girls. A stratified sample of 50 is taken. How many boys?,20,30,25,"Boys' proportion = 200/500, so 50×(200/500)=20.",Multiply the sample size by the boys' proportion of the total.,,,,,,,
3005,350a,350,2,No,A school has 120 boys and 80 girls. A stratified sample of 50 is taken. How many girls?,20,30,25,"Girls' proportion = 80/200, so 50×(80/200)=20.",Multiply the sample size by the girls' proportion of the total.,,,,,,,
3006,350b,350,3,No,"Three groups have sizes 40, 60, 100 (total 200). A stratified sample of 60 is taken. Find each group's sample size.","12, 18, 30","20, 20, 20","10, 15, 35","Each group's share: 60×(40/200)=12, 60×(60/200)=18, 60×(100/200)=30.",Multiply the sample size by each group's proportion of the total.,,,,,,,
3007,350c,350,1,No,When is stratified sampling most appropriate?,When the population has distinct subgroups,When the population is very small,When no sampling frame exists,Stratified sampling works well when groups (strata) need fair representation.,Think about when a population naturally divides into different categories.,,,,,,,
3008,352a,352,1,No,Which is a suitable hypothesis: 'Taller people run faster' or 'Running is fun'?,Taller people run faster,Running is fun,Both are equally suitable,"A hypothesis must be a testable statement, not an opinion.",A hypothesis needs to be something you can test with data.,,,,,,,
3009,352a,352,1,No,What must a good hypothesis be?,Testable using data,Always true,An opinion,A hypothesis is a claim that can be checked using collected data.,Think about whether the statement can be proven or disproven with evidence.,,,,,,,
3010,352b,352,2,No,"To test 'older cars break down more', what two variables are needed?",Car age and number of breakdowns,Car colour and speed,Car price and mileage,You need to measure both variables mentioned in the hypothesis.,Look at the two things being compared in the hypothesis.,,,,,,,
3011,352c,352,1,No,Give one constraint when planning an investigation.,Time available to collect data,Too many hypotheses,Too few graph types,"Real investigations are often limited by time, cost, or access to data.","Think about practical limits like time, money, or access.",,,,,,,
3012,352d,352,1,No,Is unsorted survey data called raw or processed data?,Raw data,Processed data,Secondary data,"Data in its original, uncleaned form is called raw data.",This data hasn't been organised or summarised yet.,,,,,,,
3013,352d,352,1,No,Is data summarised in a table called raw or processed data?,Processed data,Raw data,Primary data,Data that has been organised or summarised is processed data.,This data has already been organised in some way.,,,,,,,
3014,352e,352,2,No,Why should you avoid using too few groups when grouping data?,It hides useful detail,It takes too long,It needs more data,Very wide groups can hide patterns that exist in the data.,Think about what's lost when groups are too broad.,,,,,,,
3015,352e,352,2,No,Why should you avoid using too many groups when grouping data?,Patterns become hard to see,It hides all detail,It uses less data,Too many narrow groups can make overall patterns difficult to spot.,Think about what happens when there are too many small groups to compare.,,,,,,,
3016,352f,352,2,No,What is 'data cleaning'?,Removing errors or outliers from data,Deleting all the data,Rounding all values,Data cleaning fixes or removes incorrect or unusual values before analysis.,Think about tidying up a data set before using it.,,,,,,,
3017,352g,352,1,No,Which graph best shows a trend over time: a bar chart or a line graph?,Line graph,Bar chart,Pie chart,A line graph is designed to show how values change over time.,Think about which graph type connects points across a continuous axis.,,,,,,,
3018,352g,352,2,No,Which is best for comparing the spread of two data sets: a box plot or a pie chart?,Box plot,Pie chart,Pictogram,A box plot clearly shows the spread and quartiles of a data set.,Think about which graph type shows range and quartiles.,,,,,,,
3019,352h,352,2,No,A plan only samples the researcher's friends. What problem does this cause?,The sample may be biased,The data will be too big,The hypothesis is untestable,Only sampling friends is unlikely to represent the wider population fairly.,Think about whether this group represents the whole population.,,,,,,,
,,,,,,,,,,,,,,,,,
,,,,,,,,,,,,,,,,,
,,,,,,,,,,,,,,,,,
,,,,,,,,,,,,,,,,,
,,,,,,,,,,,,,,,,,
,,,,,,,,,,,,,,,,,
,,,,,,,,,,,,,,,,,
,,,,,,,,,,,,,,,,,
,,,,,,,,,,,,,,,,,
,,,,,,,,,,,,,,,,,
,,,,,,,,,,,,,,,,,
,,,,,,,,,,,,,,,,,
,,,,,,,,,,,,,,,,,
,,,,,,,,,,,,,,,,,
,,,,,,,,,,,,,,,,,
,,,,,,,,,,,,,,,,,
,,,,,,,,,,,,,,,,,
,,,,,,,,,,,,,,,,,
,,,,,,,,,,,,,,,,,
,,,,,,,,,,,,,,,,,
,,,,,,,,,,,,,,,,,
,,,,,,,,,,,,,,,,,
,,,,,,,,,,,,,,,,,
,,,,,,,,,,,,,,,,,
,,,,,,,,,,,,,,,,,
,,,,,,,,,,,,,,,,,
,,,,,,,,,,,,,,,,,
,,,,,,,,,,,,,,,,,
,,,,,,,,,,,,,,,,,
,,,,,,,,,,,,,,,,,
,,,,,,,,,,,,,,,,,
,,,,,,,,,,,,,,,,,
,,,,,,,,,,,,,,,,,
,,,,,,,,,,,,,,,,,
,,,,,,,,,,,,,,,,,
,,,,,,,,,,,,,,,,,
,,,,,,,,,,,,,,,,,
,,,,,,,,,,,,,,,,,
,,,,,,,,,,,,,,,,,
,,,,,,,,,,,,,,,,,
,,,,,,,,,,,,,,,,,
,,,,,,,,,,,,,,,,,
,,,,,,,,,,,,,,,,,
,,,,,,,,,,,,,,,,,
,,,,,,,,,,,,,,,,,
,,,,,,,,,,,,,,,,,
,,,,,,,,,,,,,,,,,
,,,,,,,,,,,,,,,,,
,,,,,,,,,,,,,,,,,
,,,,,,,,,,,,,,,,,
,,,,,,,,,,,,,,,,,
